image_path,design_id,dataset_source,original_split,pattern_family,filename,width,height,file_size,md5,heuristic_color,is_exact_duplicate,duplicate_group
data/deeplure/handloom_sarees/h_img_132981.jpg,,handloom,,unknown,h_img_132981.jpg,1511,1512,213184,b5ccd3feace1b7dc64c4e32bc876833b,,False,
data/deeplure/handloom_sarees/h_img_149526.jpg,,handloom,,unknown,h_img_149526.jpg,730,730,84672,2e134f995277535bfab1c3131ec21182,,False,
data/deeplure/handloom_sarees/h_img_31665.jpg,,handloom,,unknown,h_img_31665.jpg,1512,1512,438421,ce161d60b0c2188e9279dafc8a449617,,False,
data/deeplure/handloom_sarees/h_img_34590.jpg,,handloom,,unknown,h_img_34590.jpg,1185,1185,246688,f230a08fe742aeadd94d88f20af9817a,,False,
data/deeplure/handloom_sarees/h_img_35259.jpg,,handloom,,unknown,h_img_35259.jpg,1259,1259,266479,305a28e044784d40d7b4f9cc418f6bae,,False,
data/deeplure/handloom_sarees/h_img_44440.jpg,,handloom,,unknown,h_img_44440.jpg,1367,1366,339393,bec45568ee208aafe09bbed216e9c6e9,,False,
data/deeplure/handloom_sarees/h_img_593526.jpg,,handloom,,unknown,h_img_593526.jpg,610,610,39479,ec7ae0f2ad5eb0e240f07f7a43a5fc9c,,False,
data/deeplure/handloom_sarees/h_img_76108.jpg,,handloom,,unknown,h_img_76108.jpg,875,874,154392,09f375d8e9b09ee82cd0f5a7e1a86c9b,,False,
data/deeplure/handloom_sarees/h_img_93057.jpg,,handloom,,unknown,h_img_93057.jpg,1286,1286,475546,e7624436c149ae4cfcf6b56f0f1d2373,,False,
data/deeplure/handloom_sarees/img_106019.jpg,,handloom,,unknown,img_106019.jpg,589,589,22469,ca426cdfcbd40523deed262f8a82d58f,,False,
data/deeplure/handloom_sarees/img_10959.jpg,,handloom,,unknown,img_10959.jpg,486,486,23104,e56ade1131eddbd8299fe7a3f7147040,,False,
data/deeplure/handloom_sarees/img_110820.jpg,,handloom,,unknown,img_110820.jpg,708,707,59992,a4cee055fff2f16ca9e5a6d415e0d2a8,,False,
data/deeplure/handloom_sarees/img_115196.jpg,,handloom,,unknown,img_115196.jpg,631,632,44123,417b50104b7f5008e87bfc83a113758f,,False,
data/deeplure/handloom_sarees/img_120749.jpg,,handloom,,unknown,img_120749.jpg,1511,1512,572630,634c9aadb01e56b462c9dfb80203a458,,False,
data/deeplure/handloom_sarees/img_130255.jpg,,handloom,,unknown,img_130255.jpg,893,893,159842,7e3f9dfad6397069345ebe58a97f9a7e,,False,
data/deeplure/handloom_sarees/img_142355.jpg,,handloom,,unknown,img_142355.jpg,1511,1512,516702,ca16ed4d1da3a9f181984fcf5780c543,,False,
data/deeplure/handloom_sarees/img_153688.jpg,,handloom,,unknown,img_153688.jpg,631,631,57162,f3d56140972f2c94a0e8f24fefc0b90d,,False,
data/deeplure/handloom_sarees/img_172154.jpg,,handloom,,unknown,img_172154.jpg,471,470,14262,aa1dd85b6ce713a695e71f19c5bbf5b5,,False,
data/deeplure/handloom_sarees/img_175884.jpg,,handloom,,unknown,img_175884.jpg,986,985,70592,7d2ea2bcaf67dc111c04f6f32c3d339d,,False,
data/deeplure/handloom_sarees/img_180214.jpg,,handloom,,unknown,img_180214.jpg,581,581,37778,6b393b4c4df49f1b78dec1a219476150,,False,
data/deeplure/handloom_sarees/img_187840.jpg,,handloom,,unknown,img_187840.jpg,471,471,17307,4b1e1f4806f41adb617ccc558600bbf3,,False,
data/deeplure/handloom_sarees/img_221213.jpg,,handloom,,unknown,img_221213.jpg,908,908,109251,49a82eedb414a3d8d22007615e52c9c9,,False,
data/deeplure/handloom_sarees/img_232079.jpg,,handloom,,unknown,img_232079.jpg,1085,1085,154550,371edf122cd16c151bbca5545b4be54d,,False,
data/deeplure/handloom_sarees/img_239226.jpg,,handloom,,unknown,img_239226.jpg,908,908,143244,5c169252421f2e923eb39be27d3eac1b,,False,
data/deeplure/handloom_sarees/img_246391.jpg,,handloom,,unknown,img_246391.jpg,632,631,58531,99a4203163acad6b0a3743e12a230c4e,,False,
data/deeplure/handloom_sarees/img_246854.jpg,,handloom,,unknown,img_246854.jpg,641,642,33472,e999afaed8c424d6e0a3ff2962a963f5,,False,
data/deeplure/handloom_sarees/img_2469.jpg,,handloom,,unknown,img_2469.jpg,642,641,41114,ff9367b210cb5bda610fd32921aeb90a,,False,
data/deeplure/handloom_sarees/img_257108.jpg,,handloom,,unknown,img_257108.jpg,610,610,37305,eff41df77b958cb72d5df755bc4f9ee2,,False,
data/deeplure/handloom_sarees/img_259893.jpg,,handloom,,unknown,img_259893.jpg,664,885,62020,93023b98edeacbb2f6849b12361e4bd1,,False,
data/deeplure/handloom_sarees/img_260919.jpg,,handloom,,unknown,img_260919.jpg,641,641,58637,835c9fbb0807b780d8de50d6c7a68c56,,False,
data/deeplure/handloom_sarees/img_261444.jpg,,handloom,,unknown,img_261444.jpg,610,610,39025,41dd1ddcbd9f0c2e26bee13f205f97d0,,False,
data/deeplure/handloom_sarees/img_26850.jpg,,handloom,,unknown,img_26850.jpg,1375,1376,254016,539cdb94c06f5163981344e1832d143b,,False,
data/deeplure/handloom_sarees/img_270633.jpg,,handloom,,unknown,img_270633.jpg,875,875,181488,6f39ff5c1f62bf376db858b799f2372d,,False,
data/deeplure/handloom_sarees/img_275183.jpg,,handloom,,unknown,img_275183.jpg,485,485,26933,45d2bba6ed24c61e9d9c4b19a270519f,,False,
data/deeplure/handloom_sarees/img_277936.jpg,,handloom,,unknown,img_277936.jpg,1285,1286,502066,985c02b5addc588251dfb0f24789f69b,,False,
data/deeplure/handloom_sarees/img_284975.jpg,,handloom,,unknown,img_284975.jpg,919,919,72873,11ddae4cb8cb0851f40c164b6f7b64fe,,False,
data/deeplure/handloom_sarees/img_289910.jpg,,handloom,,unknown,img_289910.jpg,1285,1286,512665,be6d77a73bed31b7c9d6444659593899,,False,
data/deeplure/handloom_sarees/img_307484.jpg,,handloom,,unknown,img_307484.jpg,893,893,131148,f1fd663a5c116c2d64b773885507638f,,False,
data/deeplure/handloom_sarees/img_314642.jpg,,handloom,,unknown,img_314642.jpg,629,629,45036,4f595d793fddb10e5dfc7c5df5183233,,False,
data/deeplure/handloom_sarees/img_316470.jpg,,handloom,,unknown,img_316470.jpg,662,662,39384,feda7a74d93fbf065cba216e28deafcb,,False,
data/deeplure/handloom_sarees/img_325344.jpg,,handloom,,unknown,img_325344.jpg,893,893,208327,fcdc9995e85c834f0475477099ba1c42,,False,
data/deeplure/handloom_sarees/img_32852.jpg,,handloom,,unknown,img_32852.jpg,642,641,43991,8d8d8440fecbaf5b105323fa05048e09,,False,
data/deeplure/handloom_sarees/img_337700.jpg,,handloom,,unknown,img_337700.jpg,656,655,37049,993568a58aebe02905c28f2a6f8b25d7,,False,
data/deeplure/handloom_sarees/img_339968.jpg,,handloom,,unknown,img_339968.jpg,985,986,75305,eb6d051add279ee2df0b24ca5bf0d21d,,False,
data/deeplure/handloom_sarees/img_341437.jpg,,handloom,,unknown,img_341437.jpg,1376,1376,330738,b2ecdea4fc6ee42bed73121dd4ee751d,,False,
data/deeplure/handloom_sarees/img_346343.jpg,,handloom,,unknown,img_346343.jpg,1086,1085,239208,23dd173080cadac5edb08cd7d374be7c,,False,
data/deeplure/handloom_sarees/img_354459.jpg,,handloom,,unknown,img_354459.jpg,1511,1512,175991,14b513d5625fc73c4264372440ee292c,,False,
data/deeplure/handloom_sarees/img_357974.jpg,,handloom,,unknown,img_357974.jpg,662,662,39519,1ea224f6edda7778a92e3ad1c9f5cf18,,False,
data/deeplure/handloom_sarees/img_364174.jpg,,handloom,,unknown,img_364174.jpg,908,907,187936,406711d58c61fd9de8c4514efee1b687,,False,
data/deeplure/handloom_sarees/img_364907.jpg,,handloom,,unknown,img_364907.jpg,589,590,24626,f6dd8d61462bf6e7e75aa7085dce4847,,False,
data/deeplure/handloom_sarees/img_366604.jpg,,handloom,,unknown,img_366604.jpg,662,662,41617,99bc9e93a0501848f9cfa6f0151eafbf,,False,
data/deeplure/handloom_sarees/img_369469.jpg,,handloom,,unknown,img_369469.jpg,656,655,38683,f4edbc49949aeb38246810b6b30e8f1b,,False,
data/deeplure/handloom_sarees/img_37489.jpg,,handloom,,unknown,img_37489.jpg,919,919,63547,842c5798745edab2f5008e0d38f47b28,,False,
data/deeplure/handloom_sarees/img_381577.jpg,,handloom,,unknown,img_381577.jpg,610,610,38728,9af2f35e95bd1585647837a39f316f8b,,False,
data/deeplure/handloom_sarees/img_385960.jpg,,handloom,,unknown,img_385960.jpg,708,707,48185,5653cd28d397d28a4cbb4a267a5b90ee,,False,
data/deeplure/handloom_sarees/img_386972.jpg,,handloom,,unknown,img_386972.jpg,589,590,21777,f233daa6e25f956303e69baa650d1b73,,False,
data/deeplure/handloom_sarees/img_393000.jpg,,handloom,,unknown,img_393000.jpg,567,567,18866,4db48a7a106bc8d7f5711a3e2ff1a594,,False,
data/deeplure/handloom_sarees/img_399807.jpg,,handloom,,unknown,img_399807.jpg,1185,1185,349173,2e2fa1b0b022d6c1b0852ffad583fe7a,,False,
data/deeplure/handloom_sarees/img_40145.jpg,,handloom,,unknown,img_40145.jpg,486,485,29377,d4060f3b77c29f881a1f364f37403510,,False,
data/deeplure/handloom_sarees/img_403289.jpg,,handloom,,unknown,img_403289.jpg,226,226,4081,7567b0506e3235449b76b8d4cf1d83df,,False,
data/deeplure/handloom_sarees/img_411083.jpg,,handloom,,unknown,img_411083.jpg,730,730,71057,278c1dd00296f6d237dbe7f32e643e37,,False,
data/deeplure/handloom_sarees/img_413996.jpg,,handloom,,unknown,img_413996.jpg,598,598,26682,72af0c3e21204e676df9fafa4e345c32,,False,
data/deeplure/handloom_sarees/img_417511.jpg,,handloom,,unknown,img_417511.jpg,1367,1367,273330,8ba152559b253ede1bef31becda662d3,,False,
data/deeplure/handloom_sarees/img_429922.jpg,,handloom,,unknown,img_429922.jpg,642,642,52159,e9d78c3eee557820d8993c7765b42013,,False,
data/deeplure/handloom_sarees/img_433250.jpg,,handloom,,unknown,img_433250.jpg,227,227,5382,bb8e622d705a2bd146dc54576e0d5e01,,False,
data/deeplure/handloom_sarees/img_442389.jpg,,handloom,,unknown,img_442389.jpg,632,632,53145,65842dfab32a6e1deb1692963d7f8a9b,,False,
data/deeplure/handloom_sarees/img_445986.jpg,,handloom,,unknown,img_445986.jpg,1186,1185,246961,c24462a2b132f61dbbac23f80adef777,,False,
data/deeplure/handloom_sarees/img_447852.jpg,,handloom,,unknown,img_447852.jpg,1511,1512,278865,2d5858f4a8da0f27afb39d59c34e713e,,False,
data/deeplure/handloom_sarees/img_450212.jpg,,handloom,,unknown,img_450212.jpg,598,598,26709,c0894301031a4647977da1d6005de72d,,False,
data/deeplure/handloom_sarees/img_458235.jpg,,handloom,,unknown,img_458235.jpg,227,227,4654,c8b780b7cb7361c2124adb0f880f3280,,False,
data/deeplure/handloom_sarees/img_475101.jpg,,handloom,,unknown,img_475101.jpg,1285,1286,502146,4fea85a90882e2407f47eb965f4e9d2d,,False,
data/deeplure/handloom_sarees/img_475851.jpg,,handloom,,unknown,img_475851.jpg,582,582,36965,3984caddfe8aa8a77ec2a07862490e4d,,False,
data/deeplure/handloom_sarees/img_477984.jpg,,handloom,,unknown,img_477984.jpg,598,598,28584,60dd73828d7c4595aab1087570ce5392,,False,
data/deeplure/handloom_sarees/img_478598.jpg,,handloom,,unknown,img_478598.jpg,894,894,196785,8a89cdaa4879348945fc68e31b00d3ae,,False,
data/deeplure/handloom_sarees/img_48234.jpg,,handloom,,unknown,img_48234.jpg,553,553,24308,c68d957e930ab94406cd7ef74fd8e6da,,False,
data/deeplure/handloom_sarees/img_48825.jpg,,handloom,,unknown,img_48825.jpg,1511,1512,511372,5772c162e858c9a883fc4a21e2e628dd,,False,
data/deeplure/handloom_sarees/img_489839.jpg,,handloom,,unknown,img_489839.jpg,1260,1259,238059,53eec43332d6ef1eca597ec65a515051,,False,
data/deeplure/handloom_sarees/img_519993.jpg,,handloom,,unknown,img_519993.jpg,589,589,25093,b92d3aefe70c6f7c38e0d52a8a416db0,,False,
data/deeplure/handloom_sarees/img_524137.jpg,,handloom,,unknown,img_524137.jpg,919,919,130840,46e1dd6d38c6ce21d2c6ffb2118dce55,,False,
data/deeplure/handloom_sarees/img_526657.jpg,,handloom,,unknown,img_526657.jpg,553,553,28827,2b29726e21cb21076d0239f02141a46f,,False,
data/deeplure/handloom_sarees/img_529952.jpg,,handloom,,unknown,img_529952.jpg,664,885,116953,f9dd9e87642b51ed7295c12477433f26,,False,
data/deeplure/handloom_sarees/img_540343.jpg,,handloom,,unknown,img_540343.jpg,656,656,37997,1ef6619a2f28cc8a1b75bc5da5d51b7d,,False,
data/deeplure/handloom_sarees/img_541390.jpg,,handloom,,unknown,img_541390.jpg,1376,1376,283835,05f2b8c83e488b93d9ef7aa2db3c2386,,False,
data/deeplure/handloom_sarees/img_5447.jpg,,handloom,,unknown,img_5447.jpg,554,554,27715,c57b09ae44b86d0f6766bcac34e85b1a,,False,
data/deeplure/handloom_sarees/img_54863.jpg,,handloom,,unknown,img_54863.jpg,493,494,25972,962409c234d54acc848d224e911dcaa4,,False,
data/deeplure/handloom_sarees/img_556574.jpg,,handloom,,unknown,img_556574.jpg,485,485,29053,677cdeef8add47497e7bd4001e4e05e3,,False,
data/deeplure/handloom_sarees/img_55880.jpg,,handloom,,unknown,img_55880.jpg,629,629,44577,dd283ee8e2823e992cb7bafb4196eb88,,False,
data/deeplure/handloom_sarees/img_565213.jpg,,handloom,,unknown,img_565213.jpg,641,641,47854,35d77eadd71694b0c87ae86417fb7fab,,False,
data/deeplure/handloom_sarees/img_568910.jpg,,handloom,,unknown,img_568910.jpg,730,730,61489,d78f7f45f100941b372c06884c503c0f,,False,
data/deeplure/handloom_sarees/img_578081.jpg,,handloom,,unknown,img_578081.jpg,493,493,23494,65bdb58513b11752fa0b67c37c585814,,False,
data/deeplure/handloom_sarees/img_578936.jpg,,handloom,,unknown,img_578936.jpg,1286,1286,453465,aa24f1bd16d603b58d81e766a841e2fa,,False,
data/deeplure/handloom_sarees/img_57969.jpg,,handloom,,unknown,img_57969.jpg,566,566,19086,19298a7cace77d77eb092775c9efad36,,False,
data/deeplure/handloom_sarees/img_583723.jpg,,handloom,,unknown,img_583723.jpg,629,629,37624,4f67bd7133e9f2d53314893c5ccfee22,,False,
data/deeplure/handloom_sarees/img_586052.jpg,,handloom,,unknown,img_586052.jpg,590,589,28032,2f34dbd68fd44c720669c21062fe14b2,,False,
data/deeplure/handloom_sarees/img_586537.jpg,,handloom,,unknown,img_586537.jpg,629,629,40046,b7fec2c39e7d90deb8602dc1c7b46f63,,False,
data/deeplure/handloom_sarees/img_590289.jpg,,handloom,,unknown,img_590289.jpg,471,471,16475,5f2749f9f18b42f07faea7ea239f72e3,,False,
data/deeplure/handloom_sarees/img_591020.jpg,,handloom,,unknown,img_591020.jpg,662,662,38956,ae6ead2f0a889bb0dfcc3f5b403eb93c,,False,
data/deeplure/handloom_sarees/img_602896.jpg,,handloom,,unknown,img_602896.jpg,590,589,22424,9f531f89318927b4a41218bf04f79546,,False,
data/deeplure/handloom_sarees/img_614731.jpg,,handloom,,unknown,img_614731.jpg,1086,1086,111143,848652466f6bde837358ed5da7d057c5,,False,
data/deeplure/handloom_sarees/img_61951.jpg,,handloom,,unknown,img_61951.jpg,656,655,41086,631d88c744e8292aaac67dc03c1a9844,,False,
data/deeplure/handloom_sarees/img_632748.jpg,,handloom,,unknown,img_632748.jpg,227,227,6410,6925fd6ab0086406aca9d87a5511712c,,False,
data/deeplure/handloom_sarees/img_635336.jpg,,handloom,,unknown,img_635336.jpg,598,598,25137,6d6ccdb6c0b707bff98c14f73221c64e,,False,
data/deeplure/handloom_sarees/img_635738.jpg,,handloom,,unknown,img_635738.jpg,1085,1085,155937,352e5f88951086954770b96ef59dc04b,,False,
data/deeplure/handloom_sarees/img_635895.jpg,,handloom,,unknown,img_635895.jpg,1375,1376,276454,ecba42ba94b0b4c6d6515c2099d40c46,,False,
data/deeplure/handloom_sarees/img_636938.jpg,,handloom,,unknown,img_636938.jpg,567,567,26356,f10cf23507418e4022d1b46a5fb464e6,,False,
data/deeplure/handloom_sarees/img_638094.jpg,,handloom,,unknown,img_638094.jpg,590,589,22776,31a8759aa310a4fe05c5b688c45f9101,,False,
data/deeplure/handloom_sarees/img_642784.jpg,,handloom,,unknown,img_642784.jpg,656,656,34821,108f397ff3b568b3acbebfcb5f09e97f,,False,
data/deeplure/handloom_sarees/img_643949.jpg,,handloom,,unknown,img_643949.jpg,664,886,37756,2e5699d349a61c7acee348e7bda362ac,,False,
data/deeplure/handloom_sarees/img_648754.jpg,,handloom,,unknown,img_648754.jpg,598,598,25509,e939fd24402dd1d16605476db89e06d3,,False,
data/deeplure/handloom_sarees/img_649782.jpg,,handloom,,unknown,img_649782.jpg,630,630,42315,6e4016b8dc16f6606012a2bdf9282217,,False,
data/deeplure/handloom_sarees/img_65263.jpg,,handloom,,unknown,img_65263.jpg,1368,1367,184517,37a684db2d659b1d5f1ea338039700d4,,False,
data/deeplure/handloom_sarees/img_667809.jpg,,handloom,,unknown,img_667809.jpg,874,874,153364,8b5c1f1532e3d28d976bab01fd6a3fcb,,False,
data/deeplure/handloom_sarees/img_669675.jpg,,handloom,,unknown,img_669675.jpg,730,730,119781,d74599c91a3dcb1680275ca93c58526b,,False,
data/deeplure/handloom_sarees/img_67123.jpg,,handloom,,unknown,img_67123.jpg,908,907,199077,6e179bd8635eeb2eeaa2eed79c3a8210,,False,
data/deeplure/handloom_sarees/img_677180.jpg,,handloom,,unknown,img_677180.jpg,470,471,13055,71dfd976e44fe31c1eaa5a55522b911d,,False,
data/deeplure/handloom_sarees/img_678178.jpg,,handloom,,unknown,img_678178.jpg,1512,1512,473106,0739944b7714cebaf9bc186e7e77fe56,,False,
data/deeplure/handloom_sarees/img_678193.jpg,,handloom,,unknown,img_678193.jpg,1367,1367,168099,9e1297c8e7321aff5816238a353c684b,,False,
data/deeplure/handloom_sarees/img_68235.jpg,,handloom,,unknown,img_68235.jpg,1085,1086,94872,c1494de3ffe3fb1a646932e38567a876,,False,
data/deeplure/handloom_sarees/img_688109.jpg,,handloom,,unknown,img_688109.jpg,493,493,25644,e36deacd65ea514be8a43a2a5a5132c9,,False,
data/deeplure/handloom_sarees/img_694883.jpg,,handloom,,unknown,img_694883.jpg,1259,1260,205317,2afcaf8cbd0d14680353b8341beb19f9,,False,
data/deeplure/handloom_sarees/img_710186.jpg,,handloom,,unknown,img_710186.jpg,471,470,14989,13b899a8ddd89446351d1c2969236a95,,False,
data/deeplure/handloom_sarees/img_7150.jpg,,handloom,,unknown,img_7150.jpg,485,486,23623,4a9191326066ae12aa42abb014b49b41,,False,
data/deeplure/handloom_sarees/img_718326.jpg,,handloom,,unknown,img_718326.jpg,708,708,43965,e63021b68ecc6cde381e54ff5eb49de6,,False,
data/deeplure/handloom_sarees/img_726717.jpg,,handloom,,unknown,img_726717.jpg,582,581,38748,421e31877dc6ceee231245846a539938,,False,
data/deeplure/handloom_sarees/img_738703.jpg,,handloom,,unknown,img_738703.jpg,730,730,78128,d60d4a58de011406ab7281f0286d87de,,False,
data/deeplure/handloom_sarees/img_741740.jpg,,handloom,,unknown,img_741740.jpg,631,631,54226,c2d8d062bd30d9bbd2ec960325c88b93,,False,
data/deeplure/handloom_sarees/img_744464.jpg,,handloom,,unknown,img_744464.jpg,1185,1186,191935,dcce5374514eade078a42fe42a2165dc,,False,
data/deeplure/handloom_sarees/img_746861.jpg,,handloom,,unknown,img_746861.jpg,494,493,24021,66057885f2f277fe57b54486ea99243a,,False,
data/deeplure/handloom_sarees/img_748887.jpg,,handloom,,unknown,img_748887.jpg,1186,1186,165839,925c5135e5d47bc90457e66418fafb59,,False,
data/deeplure/handloom_sarees/img_764354.jpg,,handloom,,unknown,img_764354.jpg,985,985,81023,077859fb18c4eef5af560b841f927b26,,False,
data/deeplure/handloom_sarees/img_770334.jpg,,handloom,,unknown,img_770334.jpg,664,885,83810,f24c96e4a8ef42d7c6b18779b8de53ff,,False,
data/deeplure/handloom_sarees/img_776505.jpg,,handloom,,unknown,img_776505.jpg,581,582,38919,97135bef0932f019b960915844f92578,,False,
data/deeplure/handloom_sarees/img_789127.jpg,,handloom,,unknown,img_789127.jpg,1259,1259,355530,9cb7e1812162044fce4b40cc9d2fdfa6,,False,
data/deeplure/handloom_sarees/img_801823.jpg,,handloom,,unknown,img_801823.jpg,664,886,34091,e9db842f18c6d9822f900083c2e34702,,False,
data/deeplure/handloom_sarees/img_804542.jpg,,handloom,,unknown,img_804542.jpg,641,641,43767,0c64dba1298cf286578e9572bef459b8,,False,
data/deeplure/handloom_sarees/img_808059.jpg,,handloom,,unknown,img_808059.jpg,227,227,5626,c1fc35453d514a9ee68f65c20653ba83,,False,
data/deeplure/handloom_sarees/img_82256.jpg,,handloom,,unknown,img_82256.jpg,1368,1367,327916,0d6ed6759ede7ac1ef9a9ed8308ccf37,,False,
data/deeplure/handloom_sarees/img_822729.jpg,,handloom,,unknown,img_822729.jpg,581,581,34155,a72981c67e67ea9bbb56904d2de08875,,False,
data/deeplure/handloom_sarees/img_828414.jpg,,handloom,,unknown,img_828414.jpg,589,589,27190,7a81c8e2666e00310b2c08df5016dbd9,,False,
data/deeplure/handloom_sarees/img_834923.jpg,,handloom,,unknown,img_834923.jpg,1375,1376,333600,07fb566fdd880a61ca9498c1b8bf2a6b,,False,
data/deeplure/handloom_sarees/img_845893.jpg,,handloom,,unknown,img_845893.jpg,610,610,34044,2da0b39622a33c80d1189fce281f7ca1,,False,
data/deeplure/handloom_sarees/img_85121.jpg,,handloom,,unknown,img_85121.jpg,590,589,23767,c0df8f7a5fcc82cfcb73f50b7573ae93,,False,
data/deeplure/handloom_sarees/img_86754.jpg,,handloom,,unknown,img_86754.jpg,553,553,27748,1c0a542393affe5e8d6e2534de8fb8cf,,False,
data/deeplure/handloom_sarees/img_874118.jpg,,handloom,,unknown,img_874118.jpg,708,707,44396,b544cf60a63b8afed118e3bbfae6f68a,,False,
data/deeplure/handloom_sarees/img_881252.jpg,,handloom,,unknown,img_881252.jpg,874,875,165413,d42350ac68c734ff423a28ceb88de692,,False,
data/deeplure/handloom_sarees/img_884336.jpg,,handloom,,unknown,img_884336.jpg,1512,1512,173355,91d147af4c39b8eb2c33446acec1c7f1,,False,
data/deeplure/handloom_sarees/img_889324.jpg,,handloom,,unknown,img_889324.jpg,567,567,20235,27427b02f1486274c368036fdcf59791,,False,
data/deeplure/handloom_sarees/img_892336.jpg,,handloom,,unknown,img_892336.jpg,589,589,23586,76fd963b9cd572acf12e0a589318fba1,,False,
data/deeplure/handloom_sarees/img_895368.jpg,,handloom,,unknown,img_895368.jpg,641,641,40141,f95e97dbf8bca8982b16efe800f294d8,,False,
data/deeplure/handloom_sarees/img_897203.jpg,,handloom,,unknown,img_897203.jpg,553,553,27673,632da24f1935c1eca57bde35a6c80d86,,False,
data/deeplure/handloom_sarees/img_90832.jpg,,handloom,,unknown,img_90832.jpg,1260,1260,185637,5e5b540880a5724cd25a82e2e8b2b0f0,,False,
data/deeplure/handloom_sarees/img_915919.jpg,,handloom,,unknown,img_915919.jpg,875,875,157629,125cbbc4ed7edd972361b7ca028cecd8,,False,
data/deeplure/handloom_sarees/img_917853.jpg,,handloom,,unknown,img_917853.jpg,708,708,46347,2a8252ae96fbab22a35e20c48f8fdd23,,False,
data/deeplure/handloom_sarees/img_927463.jpg,,handloom,,unknown,img_927463.jpg,641,641,58956,4bf9a451ffc66d4ec436c759c7d4aa32,,False,
data/deeplure/handloom_sarees/img_927947.jpg,,handloom,,unknown,img_927947.jpg,908,907,171719,65a2245d6f9455ff7fca9e30ebcb1284,,False,
data/deeplure/handloom_sarees/img_94825.jpg,,handloom,,unknown,img_94825.jpg,662,662,38955,20d6f17ddd9ea7e2d60472a946802275,,False,
data/deeplure/handloom_sarees/img_955789.jpg,,handloom,,unknown,img_955789.jpg,641,641,52620,35b50023f78c63437e2365834571052d,,False,
data/deeplure/handloom_sarees/img_960789.jpg,,handloom,,unknown,img_960789.jpg,1512,1512,197797,559291c09663645f2db40e1b44ac4ecd,,False,
data/deeplure/handloom_sarees/img_961476.jpg,,handloom,,unknown,img_961476.jpg,986,986,66625,b95e6d127efe9c3f86b3f1423e2733b2,,False,
data/deeplure/handloom_sarees/img_966256.jpg,,handloom,,unknown,img_966256.jpg,494,493,25144,2c80e9c5ffe7dfa94dcd15531024709a,,False,
data/deeplure/handloom_sarees/img_978752.jpg,,handloom,,unknown,img_978752.jpg,985,985,76387,9d0d708f9aef12fcce3ac7af9159d8fa,,False,
data/deeplure/handloom_sarees/img_981759.jpg,,handloom,,unknown,img_981759.jpg,893,893,205594,45ace8975ef4690733c0fd8325ccea26,,False,
data/deeplure/handloom_sarees/img_982056.jpg,,handloom,,unknown,img_982056.jpg,567,567,19977,2b64b39b86f631f97308422baae8fa3d,,False,
data/deeplure/handloom_sarees/img_987571.jpg,,handloom,,unknown,img_987571.jpg,918,918,68780,e19764415792332ccfdc37d399c2e560,,False,
data/deeplure/handloom_sarees/img_987632.jpg,,handloom,,unknown,img_987632.jpg,919,919,53165,21d752ff6167eb426078c391b646b741,,False,
data/indian_saree/test/Banarasi/Cyan-Golden-and-Pink-Floral-Banarasi-Silk-Fabric-12556_jpg.rf.ac50c9c6e7be697617fa94883ce4790d.jpg,,indian_patterns,test,Banarasi,Cyan-Golden-and-Pink-Floral-Banarasi-Silk-Fabric-12556_jpg.rf.ac50c9c6e7be697617fa94883ce4790d.jpg,640,640,96178,aa73848a5845073c0b9d9da33349dfe1,"cyan,gold,golden,pink",False,
data/indian_saree/test/Banarasi/image10_jpeg.rf.a8e3a4e500b0ff908c2dd8f682224d67.jpg,,indian_patterns,test,Banarasi,image10_jpeg.rf.a8e3a4e500b0ff908c2dd8f682224d67.jpg,640,640,44281,e0b19a910b7c5414126a593381eccd59,,False,
data/indian_saree/test/Banarasi/image23_jpeg.rf.b65df2ec23b777df1179b97bc2103ac4.jpg,,indian_patterns,test,Banarasi,image23_jpeg.rf.b65df2ec23b777df1179b97bc2103ac4.jpg,640,640,74234,3841e8c8f079aa941f75bee08fe48fc5,,False,
data/indian_saree/test/Banarasi/images126_jpg.rf.28957d83c8ff0e2471b7e715e9c76991.jpg,,indian_patterns,test,Banarasi,images126_jpg.rf.28957d83c8ff0e2471b7e715e9c76991.jpg,640,640,71320,729805128e9b08725aecc64f1372995f,,False,
data/indian_saree/test/Banarasi/images127_jpg.rf.58275150b0d3a9f0bee9d548ae0888e4.jpg,,indian_patterns,test,Banarasi,images127_jpg.rf.58275150b0d3a9f0bee9d548ae0888e4.jpg,640,640,89417,f89cafcdc09fc69fbbb2094175c83148,,False,
data/indian_saree/test/Banarasi/images139_jpg.rf.40a5b3b2fd46777a7a4784a747e83e87.jpg,,indian_patterns,test,Banarasi,images139_jpg.rf.40a5b3b2fd46777a7a4784a747e83e87.jpg,640,640,84893,42498854f4b0ba09820a75a41e2a29f7,,False,
data/indian_saree/test/Banarasi/images144_jpg.rf.a8297c9ea5ecdc5e1ffc828f64f36aa3.jpg,,indian_patterns,test,Banarasi,images144_jpg.rf.a8297c9ea5ecdc5e1ffc828f64f36aa3.jpg,640,640,48638,c2f7ed4fd753baccb80af4ed966d8f70,,False,
data/indian_saree/test/Banarasi/images150_jpg.rf.a17f2d73ed2735a5e73ee4a4336c6b51.jpg,,indian_patterns,test,Banarasi,images150_jpg.rf.a17f2d73ed2735a5e73ee4a4336c6b51.jpg,640,640,48547,37d59dfd17dd23184c2a0751e3cc9ef8,,False,
data/indian_saree/test/Banarasi/images54_jpg.rf.03d69a6149bb0bcd448b441ca2caa781.jpg,,indian_patterns,test,Banarasi,images54_jpg.rf.03d69a6149bb0bcd448b441ca2caa781.jpg,640,640,99372,a50d1794edc331fe78090347b60f6f06,,False,
data/indian_saree/test/Banarasi/images88_jpg.rf.1e3b94d6a82ce5e2a34f6651961a7385.jpg,,indian_patterns,test,Banarasi,images88_jpg.rf.1e3b94d6a82ce5e2a34f6651961a7385.jpg,640,640,73149,c38703d8e6a276f7cc1317fdeb8130fc,,False,
data/indian_saree/test/Banarasi/IMG_E9590_2796f3d7-9007-4e6c-923c-b46a3c378b4b_jpg.rf.3a34ee7034af862f7013c16bfb94ee79.jpg,,indian_patterns,test,Banarasi,IMG_E9590_2796f3d7-9007-4e6c-923c-b46a3c378b4b_jpg.rf.3a34ee7034af862f7013c16bfb94ee79.jpg,640,640,146972,0a98d83467f3db32b6eb1fd4ca0f5594,,False,
data/indian_saree/test/Banarasi/R-TSBR01984-HEAD_3f8d85fa-cddb-45e3-84e5-366939b30fb3_jpg.rf.439c2ee5b002aeed21b21bf007f8aaf1.jpg,,indian_patterns,test,Banarasi,R-TSBR01984-HEAD_3f8d85fa-cddb-45e3-84e5-366939b30fb3_jpg.rf.439c2ee5b002aeed21b21bf007f8aaf1.jpg,640,640,60514,f8b86054cbc133ceadfccf7630c3f1dd,,False,
data/indian_saree/test/Banarasi/SAN2454_jpg.rf.922c352a361081ceb2f2c86c357d8361.jpg,,indian_patterns,test,Banarasi,SAN2454_jpg.rf.922c352a361081ceb2f2c86c357d8361.jpg,640,640,98046,7fec060bb3dabd3cb79a91f86995ceb9,,False,
data/indian_saree/test/Banarasi/sfk40532-saroj-fabrics-dupion-banarasi-fabric_jpg.rf.01fec1d1d6822f4e44ac33992ab2b122.jpg,,indian_patterns,test,Banarasi,sfk40532-saroj-fabrics-dupion-banarasi-fabric_jpg.rf.01fec1d1d6822f4e44ac33992ab2b122.jpg,640,640,69864,ae4c2a0857d2aa7e4c9973f95048a244,,False,
data/indian_saree/test/Bandhani/31001554-A_jpg.rf.3609a5870527b60a320476d85573322d.jpg,,indian_patterns,test,Bandhani,31001554-A_jpg.rf.3609a5870527b60a320476d85573322d.jpg,640,640,51974,fc349515bc50ecf95cdf6ad6cc9c724d,,False,
data/indian_saree/test/Bandhani/31001818-A_jpg.rf.298651e75c406ba3a0b4c4b83cd7a624.jpg,,indian_patterns,test,Bandhani,31001818-A_jpg.rf.298651e75c406ba3a0b4c4b83cd7a624.jpg,640,640,76097,7d29498c5d915eb79e52ee4da0ca384d,,False,
data/indian_saree/test/Bandhani/58-inch-bandhani-chiffon-print-fabric_jpg.rf.9c83779b83bf2875a556ec9139d9a7c8.jpg,,indian_patterns,test,Bandhani,58-inch-bandhani-chiffon-print-fabric_jpg.rf.9c83779b83bf2875a556ec9139d9a7c8.jpg,640,640,73006,73dafb30180a873fa538e3170f8d7380,,False,
data/indian_saree/test/Bandhani/B-09766_jpg.rf.bf4302dbb46f049f7364334bcf7d1c3c.jpg,,indian_patterns,test,Bandhani,B-09766_jpg.rf.bf4302dbb46f049f7364334bcf7d1c3c.jpg,640,640,112881,7915667fb316b2312c899e79ff81134c,,False,
data/indian_saree/test/Bandhani/Bandhani-Fabric-Jodhpur_jpg.rf.1392e5ff2293a80a44eb452da0308616.jpg,,indian_patterns,test,Bandhani,Bandhani-Fabric-Jodhpur_jpg.rf.1392e5ff2293a80a44eb452da0308616.jpg,640,640,108810,ea22f85bfa3f9e74fe5d07a971aca53d,,False,
data/indian_saree/test/Bandhani/DN-1007-1_cd147f84-3622-4f10-b256-e8dcde432b00_jpg.rf.9ef2f61f872fc76791cb97da837b2659.jpg,,indian_patterns,test,Bandhani,DN-1007-1_cd147f84-3622-4f10-b256-e8dcde432b00_jpg.rf.9ef2f61f872fc76791cb97da837b2659.jpg,640,640,77635,c41d0389c9196dba595271daf0958b14,,False,
data/indian_saree/test/Bandhani/dsc_0906_jpg.rf.40b22185e2138e667d53240f8efda936.jpg,,indian_patterns,test,Bandhani,dsc_0906_jpg.rf.40b22185e2138e667d53240f8efda936.jpg,640,640,69125,810dca8cfedf6d5d9a8c82f59b24b8b9,,False,
data/indian_saree/test/Bandhani/dsc_9228_jpg.rf.2a3721f25fbeec0feb0c727b8b388a1c.jpg,,indian_patterns,test,Bandhani,dsc_9228_jpg.rf.2a3721f25fbeec0feb0c727b8b388a1c.jpg,640,640,88180,61dd1b352de7109e185971f113721185,,False,
data/indian_saree/test/Bandhani/images5_jpg.rf.22013df6d2bb8e2f40dc8905724afd5f.jpg,,indian_patterns,test,Bandhani,images5_jpg.rf.22013df6d2bb8e2f40dc8905724afd5f.jpg,640,640,41325,fb56b88e8a0d16dec4ff8279751ce787,,False,
data/indian_saree/test/Bandhani/images8_jpg.rf.8ba415ba2ceeb1c8504634c043c1d7aa.jpg,,indian_patterns,test,Bandhani,images8_jpg.rf.8ba415ba2ceeb1c8504634c043c1d7aa.jpg,640,640,84125,fc9147d7d6347414b21df4ee1b1a4d92,,False,
data/indian_saree/test/Bandhani/images9_jpg.rf.5c86ae424b2fc4c9aafc8b3ee11d6f4c.jpg,,indian_patterns,test,Bandhani,images9_jpg.rf.5c86ae424b2fc4c9aafc8b3ee11d6f4c.jpg,640,640,40496,aa6f72f2006de6112d5cd16fe9252804,,False,
data/indian_saree/test/Bandhani/IMG_20231119_154540_630_jpg.rf.7b624fb383324fb4f24fa66b89bae082.jpg,,indian_patterns,test,Bandhani,IMG_20231119_154540_630_jpg.rf.7b624fb383324fb4f24fa66b89bae082.jpg,640,640,126191,c602ace09283e7336512e452a233c0c4,,False,
data/indian_saree/test/Bandhani/IMG_20231119_154540_699_jpg.rf.d35040c7899e22c1390c3dc7b1c87d33.jpg,,indian_patterns,test,Bandhani,IMG_20231119_154540_699_jpg.rf.d35040c7899e22c1390c3dc7b1c87d33.jpg,640,640,117181,199946d4e8295a9116428a8e62590bce,,False,
data/indian_saree/test/Bandhani/O-01438_jpg.rf.4326e09d3dd9ef231fae57c8a6e6a0c0.jpg,,indian_patterns,test,Bandhani,O-01438_jpg.rf.4326e09d3dd9ef231fae57c8a6e6a0c0.jpg,640,640,130925,5440dab0683c8c78b4cf3eb7467727ef,,False,
data/indian_saree/test/Bandhani/red-bandhani-pure-gajji-silk-fabric-1-mtr-429285_jpg.rf.a746a2f9b1262c60f5830ff0a9527e3f.jpg,,indian_patterns,test,Bandhani,red-bandhani-pure-gajji-silk-fabric-1-mtr-429285_jpg.rf.a746a2f9b1262c60f5830ff0a9527e3f.jpg,640,640,78161,b634c1d5f7003c15ab50defc73c7d460,red,False,
data/indian_saree/test/Ikat/-473Wx593H-469483222-multi-MODEL_jpg.rf.64971efaf739adf333c0409394bb957b.jpg,,indian_patterns,test,Ikat,-473Wx593H-469483222-multi-MODEL_jpg.rf.64971efaf739adf333c0409394bb957b.jpg,640,640,52039,55466ed458e40ce6527fc1d48222f8d1,,False,
data/indian_saree/test/Ikat/B590787E-3B4C-431F-BFEB-FCF57C5D44DE_1_201_a_300x300_jpg.rf.7e6fcb424b49135ac91a6aa3ff45945e.jpg,,indian_patterns,test,Ikat,B590787E-3B4C-431F-BFEB-FCF57C5D44DE_1_201_a_300x300_jpg.rf.7e6fcb424b49135ac91a6aa3ff45945e.jpg,640,640,71732,f568ab8b4d67a38b4036f4d145c417a7,,False,
data/indian_saree/test/Ikat/black-pochampally-ikat-cotton-handloom-fabric-with-buta-design-f0118-12917465972815_jpg.rf.6eb067ee7dbc9cb5e677facd1bad5462.jpg,,indian_patterns,test,Ikat,black-pochampally-ikat-cotton-handloom-fabric-with-buta-design-f0118-12917465972815_jpg.rf.6eb067ee7dbc9cb5e677facd1bad5462.jpg,640,640,71698,20547e6e1a8a212a8c9e7b222fc20870,black,False,
data/indian_saree/test/Ikat/gsosaincofb251-_284_29_jpg.rf.8cdb9e69805e69735aa120e4c8cca1f2.jpg,,indian_patterns,test,Ikat,gsosaincofb251-_284_29_jpg.rf.8cdb9e69805e69735aa120e4c8cca1f2.jpg,640,640,81138,4b853d804e02a2a3b98d1cbc145d132d,,False,
data/indian_saree/test/Ikat/image11_jpeg.rf.b71402fc6ff4a8eb0d6b1d6bedff0cc9.jpg,,indian_patterns,test,Ikat,image11_jpeg.rf.b71402fc6ff4a8eb0d6b1d6bedff0cc9.jpg,640,640,53629,1a559e38ab8f11afe0e7c5e9d495d2b1,,False,
data/indian_saree/test/Ikat/image31_jpeg.rf.ce3d9bcec77710f5c4ff4472c9e369e7.jpg,,indian_patterns,test,Ikat,image31_jpeg.rf.ce3d9bcec77710f5c4ff4472c9e369e7.jpg,640,640,73532,766e0ef31bb10af6cfbe92cbf50a0611,,False,
data/indian_saree/test/Ikat/images17_jpg.rf.8edb0cdfbf642887526f8b064d7c67c9.jpg,,indian_patterns,test,Ikat,images17_jpg.rf.8edb0cdfbf642887526f8b064d7c67c9.jpg,640,640,63476,bab66aba29a2d9a05fda7cb1fc751e3f,,False,
data/indian_saree/test/Ikat/images21_jpg.rf.8df60421d89faa4aa3489188595371e8.jpg,,indian_patterns,test,Ikat,images21_jpg.rf.8df60421d89faa4aa3489188595371e8.jpg,640,640,75791,04690b6af32a389e0e269900c68ae98c,,False,
data/indian_saree/test/Ikat/images25_jpg.rf.4855097352f21804a7b5661483a64a78.jpg,,indian_patterns,test,Ikat,images25_jpg.rf.4855097352f21804a7b5661483a64a78.jpg,640,640,45135,06993228c3fe65d01db7a79e7fe9630d,,False,
data/indian_saree/test/Ikat/images30_jpg.rf.5a87dbb0cc0ec062d4e4d338a9976c6d.jpg,,indian_patterns,test,Ikat,images30_jpg.rf.5a87dbb0cc0ec062d4e4d338a9976c6d.jpg,640,640,35179,e2aa9ea473c981e8e96b3ada31dfaef7,,False,
data/indian_saree/test/Ikat/images7_jpg.rf.a32bf76b5712c64c5c360be15db1db0e.jpg,,indian_patterns,test,Ikat,images7_jpg.rf.a32bf76b5712c64c5c360be15db1db0e.jpg,640,640,76048,681c4c8e25bf8390dc9250c80dfdbe55,,False,
data/indian_saree/test/Ikat/Pochampally20Violet20Cotton20Ikat20Fabric-1000x1000_jpeg.rf.d5ea3f64942e2ed631498872e0218799.jpg,,indian_patterns,test,Ikat,Pochampally20Violet20Cotton20Ikat20Fabric-1000x1000_jpeg.rf.d5ea3f64942e2ed631498872e0218799.jpg,640,640,71686,ad8211c9402454f3ecaab7a496c5a6b3,,False,
data/indian_saree/test/Ikat/whatsapp-image-2023-03-21-at-20-18-28_jpeg.rf.b5385cf1a5394153f1c00873ea1d7103.jpg,,indian_patterns,test,Ikat,whatsapp-image-2023-03-21-at-20-18-28_jpeg.rf.b5385cf1a5394153f1c00873ea1d7103.jpg,640,640,88381,a4ce398db9a3880730390521a891576e,,False,
data/indian_saree/test/Pichwai/-wall-decor-blue-8-inch-product-images-orvq71dvz4d-p604000989-0-202308211412_jpg.rf.2a053d85a534c86008d13ce311e5a44c.jpg,,indian_patterns,test,Pichwai,-wall-decor-blue-8-inch-product-images-orvq71dvz4d-p604000989-0-202308211412_jpg.rf.2a053d85a534c86008d13ce311e5a44c.jpg,640,640,97662,0101a28735b390254c180e29129e87a5,blue,False,
data/indian_saree/test/Pichwai/20230304_152640_clipped_rev_1_1024x_jpg.rf.f01a13e32091bd2d1b855478593e97ab.jpg,,indian_patterns,test,Pichwai,20230304_152640_clipped_rev_1_1024x_jpg.rf.f01a13e32091bd2d1b855478593e97ab.jpg,640,640,80584,d44b3b91a58a8380e4870d74ff3c68ec,,False,
data/indian_saree/test/Pichwai/20240507_120535_89a97d55-646a-4d79-b6b1-c4ddd6f0420a_jpg.rf.b2d9b018d9568b680a4ddd2ecb10b556.jpg,,indian_patterns,test,Pichwai,20240507_120535_89a97d55-646a-4d79-b6b1-c4ddd6f0420a_jpg.rf.b2d9b018d9568b680a4ddd2ecb10b556.jpg,640,640,54391,959b114ca4d75b61ce2469e8fd508852,,False,
data/indian_saree/test/Pichwai/473116-A_f17f54fb-1b9f-4f2b-96c0-f2fea2c1ed17_jpg.rf.5680da20123c34ad4a078b59a5f22561.jpg,,indian_patterns,test,Pichwai,473116-A_f17f54fb-1b9f-4f2b-96c0-f2fea2c1ed17_jpg.rf.5680da20123c34ad4a078b59a5f22561.jpg,640,640,109755,cac7757c57af3c86d3d99651715c8655,,False,
data/indian_saree/test/Pichwai/61NA0dtI-WL-_AC_UF10001000_QL80__jpg.rf.842c782e8a638c75e9fa73126f5a6bc9.jpg,,indian_patterns,test,Pichwai,61NA0dtI-WL-_AC_UF10001000_QL80__jpg.rf.842c782e8a638c75e9fa73126f5a6bc9.jpg,640,640,63332,8052933a6d5b570173bee593bda537b2,,False,
data/indian_saree/test/Pichwai/94232-3-502_jpg.rf.b8e4fc9dc9e48434cf5f6f745fe0388f.jpg,,indian_patterns,test,Pichwai,94232-3-502_jpg.rf.b8e4fc9dc9e48434cf5f6f745fe0388f.jpg,640,640,94751,4ed35b46e85c237f3875b6ca1497993c,,False,
data/indian_saree/test/Pichwai/94235-3-201_jpg.rf.2515349b9f8725d8343fd1e0622a7284.jpg,,indian_patterns,test,Pichwai,94235-3-201_jpg.rf.2515349b9f8725d8343fd1e0622a7284.jpg,640,640,77805,250ea3e85b159202feb3919e59dcc131,,False,
data/indian_saree/test/Pichwai/94235-3-502_jpg.rf.e332eb8f0b90fce4b9a6e22fbc17ab1e.jpg,,indian_patterns,test,Pichwai,94235-3-502_jpg.rf.e332eb8f0b90fce4b9a6e22fbc17ab1e.jpg,640,640,110513,8cf3048001171019b8abcc4224c87ca1,,False,
data/indian_saree/test/Pichwai/il_570xN-5372611899_fdxt_jpg.rf.81850fde0c7e27df116381031df71497.jpg,,indian_patterns,test,Pichwai,il_570xN-5372611899_fdxt_jpg.rf.81850fde0c7e27df116381031df71497.jpg,640,640,75245,cab5b024d85c5987b066d6b0f26a384d,,False,
data/indian_saree/test/Pichwai/image26_jpeg.rf.60977f6c284e67753a755c9ee013b316.jpg,,indian_patterns,test,Pichwai,image26_jpeg.rf.60977f6c284e67753a755c9ee013b316.jpg,640,640,115228,a0397afb87b0b7a11b29e786592897f0,,False,
data/indian_saree/test/Pichwai/image6_jpeg.rf.120c25820894391f2e995a69ff8630ac.jpg,,indian_patterns,test,Pichwai,image6_jpeg.rf.120c25820894391f2e995a69ff8630ac.jpg,640,640,61257,85fd406c34758e453065c3f4151344fd,,False,
data/indian_saree/test/Pichwai/image_6f256316-f947-4d17-b801-041b0d9f7d08_jpg.rf.c63c317ab1044ba82eb31b42d1fe15e2.jpg,,indian_patterns,test,Pichwai,image_6f256316-f947-4d17-b801-041b0d9f7d08_jpg.rf.c63c317ab1044ba82eb31b42d1fe15e2.jpg,640,640,80627,1d6160d36aad72fcf62be12f72b91309,,False,
data/indian_saree/test/Pichwai/image_jpeg.rf.49028afa3604f5d282392217654617c6.jpg,,indian_patterns,test,Pichwai,image_jpeg.rf.49028afa3604f5d282392217654617c6.jpg,640,640,63839,7ca8b9af67138f6a045a4302f71050fd,,False,
data/indian_saree/test/Pichwai/PICHWAI-100011-01_jpg.rf.1582bb1a05dc50b7aaae30af6c82f3aa.jpg,,indian_patterns,test,Pichwai,PICHWAI-100011-01_jpg.rf.1582bb1a05dc50b7aaae30af6c82f3aa.jpg,640,640,63804,6902e8b12aaed163e5de036374e95fba,,False,
data/indian_saree/test/Pichwai/Pichwai-Fabric3_jpeg.rf.bde18da1da948ec74f6160739e168626.jpg,,indian_patterns,test,Pichwai,Pichwai-Fabric3_jpeg.rf.bde18da1da948ec74f6160739e168626.jpg,640,640,100209,6c9c02fc3e68d4d4f4ace7d2c0fc6f8b,,False,
data/indian_saree/test/Pichwai/PINK-AND-BLUE-PICHWAI-STRIPED-PRINT_58ac5c1d-9633-448d-bda9-e23812e4c35e_jpg.rf.3e2762f066b8e536154ab1252a896b96.jpg,,indian_patterns,test,Pichwai,PINK-AND-BLUE-PICHWAI-STRIPED-PRINT_58ac5c1d-9633-448d-bda9-e23812e4c35e_jpg.rf.3e2762f066b8e536154ab1252a896b96.jpg,640,640,84888,360fc9ff3c244fb865f958a474ec6902,"blue,pink",False,
data/indian_saree/test/Pichwai/poly-mul-mul-creative-kalamkari-pichwai-fabric_png.rf.bb5a9dffd415489f4f98ae8d038edc55.jpg,,indian_patterns,test,Pichwai,poly-mul-mul-creative-kalamkari-pichwai-fabric_png.rf.bb5a9dffd415489f4f98ae8d038edc55.jpg,640,640,121019,b0479cfdef202a1c15199c3946be17be,,False,
data/indian_saree/test/Pichwai/TussarSilkDigitalPrint_1_jpg.rf.47e929d613bce1351222a1d023411231.jpg,,indian_patterns,test,Pichwai,TussarSilkDigitalPrint_1_jpg.rf.47e929d613bce1351222a1d023411231.jpg,640,640,115411,6e3dcdfac2b78128bed8a54da420b16e,,False,
data/indian_saree/train/Banarasi/0X2A9236_ce21044d-dd2f-4de2-aaf0-21fa02aca371_jpg.rf.0d0755bfccea58800b11bcbea2d26a0f.jpg,,indian_patterns,train,Banarasi,0X2A9236_ce21044d-dd2f-4de2-aaf0-21fa02aca371_jpg.rf.0d0755bfccea58800b11bcbea2d26a0f.jpg,640,640,81051,4fa893fd231dbd2ca8f827276a03fa89,,False,
data/indian_saree/train/Banarasi/0X2A9236_ce21044d-dd2f-4de2-aaf0-21fa02aca371_jpg.rf.9d2ad6eea50549859cf44611b47b3d75.jpg,,indian_patterns,train,Banarasi,0X2A9236_ce21044d-dd2f-4de2-aaf0-21fa02aca371_jpg.rf.9d2ad6eea50549859cf44611b47b3d75.jpg,640,640,81250,84eff7b02b5a4abe6fbe0b5795ce34a6,,False,
data/indian_saree/train/Banarasi/0X2A9236_ce21044d-dd2f-4de2-aaf0-21fa02aca371_jpg.rf.fa933f6dc0c94bb6cd13da8ffa7cdbe2.jpg,,indian_patterns,train,Banarasi,0X2A9236_ce21044d-dd2f-4de2-aaf0-21fa02aca371_jpg.rf.fa933f6dc0c94bb6cd13da8ffa7cdbe2.jpg,640,640,81913,dadad633e598b99a5d7590a90ee19ccb,,False,
data/indian_saree/train/Banarasi/0X2A9245_7ddec5f7-8328-4c6b-943f-ac6e47023e70_jpg.rf.32f41a710fa9882c6c2cf323d5e8ac3d.jpg,,indian_patterns,train,Banarasi,0X2A9245_7ddec5f7-8328-4c6b-943f-ac6e47023e70_jpg.rf.32f41a710fa9882c6c2cf323d5e8ac3d.jpg,640,640,89850,ca9398e8b7b01ceb888fe60013524033,,False,
data/indian_saree/train/Banarasi/0X2A9245_7ddec5f7-8328-4c6b-943f-ac6e47023e70_jpg.rf.84e7a42a139a6c30593d43330e70b26a.jpg,,indian_patterns,train,Banarasi,0X2A9245_7ddec5f7-8328-4c6b-943f-ac6e47023e70_jpg.rf.84e7a42a139a6c30593d43330e70b26a.jpg,640,640,88340,a33b473519b5c9051a9199980cc68f24,,False,
data/indian_saree/train/Banarasi/0X2A9245_7ddec5f7-8328-4c6b-943f-ac6e47023e70_jpg.rf.966e10121571028fd5d5c2671468a7ff.jpg,,indian_patterns,train,Banarasi,0X2A9245_7ddec5f7-8328-4c6b-943f-ac6e47023e70_jpg.rf.966e10121571028fd5d5c2671468a7ff.jpg,640,640,89901,47eff10b2fe2762a5513ecc07c497392,,False,
data/indian_saree/train/Banarasi/12-06-2023ShivangiKasliwal0744_jpg.rf.105455f9fb573f579898e6364e2e6374.jpg,,indian_patterns,train,Banarasi,12-06-2023ShivangiKasliwal0744_jpg.rf.105455f9fb573f579898e6364e2e6374.jpg,640,640,91550,090bfd4c7ac1fdcb08f4c76a8e34b71c,,False,
data/indian_saree/train/Banarasi/12-06-2023ShivangiKasliwal0744_jpg.rf.6f8fe7c59e220a95216ee8ace82bfec9.jpg,,indian_patterns,train,Banarasi,12-06-2023ShivangiKasliwal0744_jpg.rf.6f8fe7c59e220a95216ee8ace82bfec9.jpg,640,640,91619,9032468a83d28157b71d3a718dfe5bf6,,False,
data/indian_saree/train/Banarasi/12-06-2023ShivangiKasliwal0744_jpg.rf.7033ce2b58f57a94c4e63f6b8c5c9eff.jpg,,indian_patterns,train,Banarasi,12-06-2023ShivangiKasliwal0744_jpg.rf.7033ce2b58f57a94c4e63f6b8c5c9eff.jpg,640,640,94474,b1345bede5f2b50d93f74d27f5e23b9b,,False,
data/indian_saree/train/Banarasi/12RSerJyMqGVqxOtKTT9Ob7rkaiYMIQGr_jpg.rf.61cbca9e2a70429c42cd729516c683a5.jpg,,indian_patterns,train,Banarasi,12RSerJyMqGVqxOtKTT9Ob7rkaiYMIQGr_jpg.rf.61cbca9e2a70429c42cd729516c683a5.jpg,640,640,88093,29256eb203241f5acfaf23ef096eebef,,False,
data/indian_saree/train/Banarasi/12RSerJyMqGVqxOtKTT9Ob7rkaiYMIQGr_jpg.rf.cea44c0dd6a75ddb64d57a2bf2774a55.jpg,,indian_patterns,train,Banarasi,12RSerJyMqGVqxOtKTT9Ob7rkaiYMIQGr_jpg.rf.cea44c0dd6a75ddb64d57a2bf2774a55.jpg,640,640,90350,55df1bf2ac7e6b9694def1aca9b8946a,,False,
data/indian_saree/train/Banarasi/12RSerJyMqGVqxOtKTT9Ob7rkaiYMIQGr_jpg.rf.fb5b38b635865483409dae3c4747b932.jpg,,indian_patterns,train,Banarasi,12RSerJyMqGVqxOtKTT9Ob7rkaiYMIQGr_jpg.rf.fb5b38b635865483409dae3c4747b932.jpg,640,640,88151,f2043f6e8d357600df2c9d5356c3b654,,False,
data/indian_saree/train/Banarasi/1eDgfJlRzyN3WaVmoD30MN5NfzYdDbCd8_jpg.rf.15a2b11667680c1b18a71125212ee5a3.jpg,,indian_patterns,train,Banarasi,1eDgfJlRzyN3WaVmoD30MN5NfzYdDbCd8_jpg.rf.15a2b11667680c1b18a71125212ee5a3.jpg,640,640,79968,6771d0c77c24c90867f17a496125a6ec,,False,
data/indian_saree/train/Banarasi/1eDgfJlRzyN3WaVmoD30MN5NfzYdDbCd8_jpg.rf.34ba7a03ebc39564efca724e09c890bf.jpg,,indian_patterns,train,Banarasi,1eDgfJlRzyN3WaVmoD30MN5NfzYdDbCd8_jpg.rf.34ba7a03ebc39564efca724e09c890bf.jpg,640,640,81448,0911655d89f988f86ba560589cd7a802,,False,
data/indian_saree/train/Banarasi/1eDgfJlRzyN3WaVmoD30MN5NfzYdDbCd8_jpg.rf.392f10b1e4b62861bd415c8a775f1b69.jpg,,indian_patterns,train,Banarasi,1eDgfJlRzyN3WaVmoD30MN5NfzYdDbCd8_jpg.rf.392f10b1e4b62861bd415c8a775f1b69.jpg,640,640,77635,b6ea7a588c1c5886b4b2a0665687ba3a,,False,
data/indian_saree/train/Banarasi/1ptBHDIH4yxKbY36o4_B9vwdg1TaNo2Dv_jpg.rf.b2eac5e2d796c55972aa7007cd8c9069.jpg,,indian_patterns,train,Banarasi,1ptBHDIH4yxKbY36o4_B9vwdg1TaNo2Dv_jpg.rf.b2eac5e2d796c55972aa7007cd8c9069.jpg,640,640,54952,bc7cdc0e09e590f9017c20dcac3a8e1d,,False,
data/indian_saree/train/Banarasi/1ptBHDIH4yxKbY36o4_B9vwdg1TaNo2Dv_jpg.rf.b469f74a3eee45cc40fc78d65a6f0e1f.jpg,,indian_patterns,train,Banarasi,1ptBHDIH4yxKbY36o4_B9vwdg1TaNo2Dv_jpg.rf.b469f74a3eee45cc40fc78d65a6f0e1f.jpg,640,640,54723,fcdc55868cdb9d046ecd5762e23c85b0,,False,
data/indian_saree/train/Banarasi/1ptBHDIH4yxKbY36o4_B9vwdg1TaNo2Dv_jpg.rf.b472e4012ecdceda67f403156d4c8e8b.jpg,,indian_patterns,train,Banarasi,1ptBHDIH4yxKbY36o4_B9vwdg1TaNo2Dv_jpg.rf.b472e4012ecdceda67f403156d4c8e8b.jpg,640,640,51298,d9ad7bd022cb0c6d565cccd822f5cd9e,,False,
data/indian_saree/train/Banarasi/403218-1_jpg.rf.009e6c9ad34b534404d08f85d6c0990f.jpg,,indian_patterns,train,Banarasi,403218-1_jpg.rf.009e6c9ad34b534404d08f85d6c0990f.jpg,640,640,79038,deb731499640f0e997ad4028165086a1,,False,
data/indian_saree/train/Banarasi/403218-1_jpg.rf.6b0986dfed2cba2b5ae5e1e5c4a0bea9.jpg,,indian_patterns,train,Banarasi,403218-1_jpg.rf.6b0986dfed2cba2b5ae5e1e5c4a0bea9.jpg,640,640,81319,73e781a01aadd63b41aeeac6b77a9b40,,False,
data/indian_saree/train/Banarasi/403218-1_jpg.rf.c54c20dc75514e60f9012b66e3bc2fff.jpg,,indian_patterns,train,Banarasi,403218-1_jpg.rf.c54c20dc75514e60f9012b66e3bc2fff.jpg,640,640,78784,c19c44f0be4104aa4adb8819e7f4808e,,False,
data/indian_saree/train/Banarasi/415532-1_jpg.rf.810fc6cb72ba74bcf1cd1ec97affb20b.jpg,,indian_patterns,train,Banarasi,415532-1_jpg.rf.810fc6cb72ba74bcf1cd1ec97affb20b.jpg,640,640,91165,3500ff89be39801846d319bab84320dd,,False,
data/indian_saree/train/Banarasi/415532-1_jpg.rf.81f7de44b2b31c15841be8edd18255d2.jpg,,indian_patterns,train,Banarasi,415532-1_jpg.rf.81f7de44b2b31c15841be8edd18255d2.jpg,640,640,89355,425426d96c042068fd88d6c23524e47e,,False,
data/indian_saree/train/Banarasi/415532-1_jpg.rf.89c9f73397b70c8494fa477e12fe987f.jpg,,indian_patterns,train,Banarasi,415532-1_jpg.rf.89c9f73397b70c8494fa477e12fe987f.jpg,640,640,88123,4b6668fbf0f2a4c54085ff1d84895afe,,False,
data/indian_saree/train/Banarasi/6fb8ed49753bed8c5dc09cd5f6c45edb_jpg.rf.87309677c29fdbc56a8c76af2dc367e8.jpg,,indian_patterns,train,Banarasi,6fb8ed49753bed8c5dc09cd5f6c45edb_jpg.rf.87309677c29fdbc56a8c76af2dc367e8.jpg,640,640,85088,e3611cfe163f3cd941b6fde5c8bca92e,,False,
data/indian_saree/train/Banarasi/6fb8ed49753bed8c5dc09cd5f6c45edb_jpg.rf.bbbdfa2b3084d2d0a9a48b114487be42.jpg,,indian_patterns,train,Banarasi,6fb8ed49753bed8c5dc09cd5f6c45edb_jpg.rf.bbbdfa2b3084d2d0a9a48b114487be42.jpg,640,640,82429,db400d4f951eaf781a47c9a55ab21c66,,False,
data/indian_saree/train/Banarasi/6fb8ed49753bed8c5dc09cd5f6c45edb_jpg.rf.f5f5756d8d868772317d992983dc7fee.jpg,,indian_patterns,train,Banarasi,6fb8ed49753bed8c5dc09cd5f6c45edb_jpg.rf.f5f5756d8d868772317d992983dc7fee.jpg,640,640,81673,48b84d7699f7ce97bc600f6575722629,,False,
data/indian_saree/train/Banarasi/9vvai_512_webp.rf.29e4cb8f51ac02b57a2b8266a0ba99b8.jpg,,indian_patterns,train,Banarasi,9vvai_512_webp.rf.29e4cb8f51ac02b57a2b8266a0ba99b8.jpg,640,640,81118,ab06b1cbf8f15199d5ee759109a74edf,,False,
data/indian_saree/train/Banarasi/9vvai_512_webp.rf.2c5c393acddd477ded7b4a66b1e788b2.jpg,,indian_patterns,train,Banarasi,9vvai_512_webp.rf.2c5c393acddd477ded7b4a66b1e788b2.jpg,640,640,77820,e076eef40c52a6d8c02e3dc24281bed6,,False,
data/indian_saree/train/Banarasi/9vvai_512_webp.rf.66c499566232556a67075a80c4b499e4.jpg,,indian_patterns,train,Banarasi,9vvai_512_webp.rf.66c499566232556a67075a80c4b499e4.jpg,640,640,80872,56999f78aadecc879fcc30d1714be514,,False,
data/indian_saree/train/Banarasi/AF2B6A22-5807-4539-9B91-3A42C8C46995_jpg.rf.6e49dad240a52f84114507e42ee35022.jpg,,indian_patterns,train,Banarasi,AF2B6A22-5807-4539-9B91-3A42C8C46995_jpg.rf.6e49dad240a52f84114507e42ee35022.jpg,640,640,117828,f22c9de73413e89faaa84a83d956ae7d,,False,
data/indian_saree/train/Banarasi/AF2B6A22-5807-4539-9B91-3A42C8C46995_jpg.rf.c09892c712f829dce8cad3f4934fb426.jpg,,indian_patterns,train,Banarasi,AF2B6A22-5807-4539-9B91-3A42C8C46995_jpg.rf.c09892c712f829dce8cad3f4934fb426.jpg,640,640,117595,e703a18ce75bf6d8579b23f49b920303,,False,
data/indian_saree/train/Banarasi/AF2B6A22-5807-4539-9B91-3A42C8C46995_jpg.rf.c5c955c439f3052df347b2c9072bb32b.jpg,,indian_patterns,train,Banarasi,AF2B6A22-5807-4539-9B91-3A42C8C46995_jpg.rf.c5c955c439f3052df347b2c9072bb32b.jpg,640,640,116059,a01a58f05303808e1ae8dd120aff54bf,,False,
data/indian_saree/train/Banarasi/baby-pink-handwoven-banarasi-silk-fabric-646695_800x_jpg.rf.269cc3781f2c4595383183ba833e6c77.jpg,,indian_patterns,train,Banarasi,baby-pink-handwoven-banarasi-silk-fabric-646695_800x_jpg.rf.269cc3781f2c4595383183ba833e6c77.jpg,640,640,69102,905519d3005f620a268dd0810ce47e98,pink,False,
data/indian_saree/train/Banarasi/baby-pink-handwoven-banarasi-silk-fabric-646695_800x_jpg.rf.5a1ae2cef9db440c841f262b4c821192.jpg,,indian_patterns,train,Banarasi,baby-pink-handwoven-banarasi-silk-fabric-646695_800x_jpg.rf.5a1ae2cef9db440c841f262b4c821192.jpg,640,640,69359,4750b36e8e88494763b61608ee559b00,pink,False,
data/indian_saree/train/Banarasi/baby-pink-handwoven-banarasi-silk-fabric-646695_800x_jpg.rf.91891007e4cca76724a73e2c272e6ce9.jpg,,indian_patterns,train,Banarasi,baby-pink-handwoven-banarasi-silk-fabric-646695_800x_jpg.rf.91891007e4cca76724a73e2c272e6ce9.jpg,640,640,73327,e8ae67206c7628594a64924cf41c3760,pink,False,
data/indian_saree/train/Banarasi/banarasi-fabric_jpg.rf.54eb5c1cb6c34d4f05057217818d7e83.jpg,,indian_patterns,train,Banarasi,banarasi-fabric_jpg.rf.54eb5c1cb6c34d4f05057217818d7e83.jpg,640,640,93039,14a7a749782e6cf311cff581f8596c05,,False,
data/indian_saree/train/Banarasi/banarasi-fabric_jpg.rf.a5d91ad42de4a5a8674c47aa8da5ab12.jpg,,indian_patterns,train,Banarasi,banarasi-fabric_jpg.rf.a5d91ad42de4a5a8674c47aa8da5ab12.jpg,640,640,91966,220f34d5a76995e2876fde69fbe0539c,,False,
data/indian_saree/train/Banarasi/banarasi-fabric_jpg.rf.d9963c9fa6a5cc70a23ef599f41e2ef4.jpg,,indian_patterns,train,Banarasi,banarasi-fabric_jpg.rf.d9963c9fa6a5cc70a23ef599f41e2ef4.jpg,640,640,91810,cc441804428b1b87d9fe90fa38e463e2,,False,
data/indian_saree/train/Banarasi/banarasi-fabrics_jpeg.rf.10c6bc260be66c77f394f153af95ca96.jpg,,indian_patterns,train,Banarasi,banarasi-fabrics_jpeg.rf.10c6bc260be66c77f394f153af95ca96.jpg,640,640,57382,3e0b400714a9a07133c8e11db7aa3611,,False,
data/indian_saree/train/Banarasi/banarasi-fabrics_jpeg.rf.3dc146a1d5994ed6feba3ecf753dedf2.jpg,,indian_patterns,train,Banarasi,banarasi-fabrics_jpeg.rf.3dc146a1d5994ed6feba3ecf753dedf2.jpg,640,640,54594,6bbd825495b1dbd923174ba11f993f40,,False,
data/indian_saree/train/Banarasi/banarasi-fabrics_jpeg.rf.cc0119e7010c24ced1bcdb1eca052ef6.jpg,,indian_patterns,train,Banarasi,banarasi-fabrics_jpeg.rf.cc0119e7010c24ced1bcdb1eca052ef6.jpg,640,640,58736,d2d6be0f18684ab76d71a238a06c12c2,,False,
data/indian_saree/train/Banarasi/Blue-Golden-Pannel-Work-Banarasi-Silk-Fabric-12801_jpg.rf.67e889cd33b530169562c596ce78e43b.jpg,,indian_patterns,train,Banarasi,Blue-Golden-Pannel-Work-Banarasi-Silk-Fabric-12801_jpg.rf.67e889cd33b530169562c596ce78e43b.jpg,640,640,109513,716d94e22286fc7f9270fa40372fd7dd,"blue,gold,golden",False,
data/indian_saree/train/Banarasi/Blue-Golden-Pannel-Work-Banarasi-Silk-Fabric-12801_jpg.rf.c34626dc372ae4fc6362cd78d9736451.jpg,,indian_patterns,train,Banarasi,Blue-Golden-Pannel-Work-Banarasi-Silk-Fabric-12801_jpg.rf.c34626dc372ae4fc6362cd78d9736451.jpg,640,640,108760,bbccd6de0e1d745693ca7706b5a5fb8c,"blue,gold,golden",False,
data/indian_saree/train/Banarasi/Blue-Golden-Pannel-Work-Banarasi-Silk-Fabric-12801_jpg.rf.e9aed250a0b423893e24becdb422fa45.jpg,,indian_patterns,train,Banarasi,Blue-Golden-Pannel-Work-Banarasi-Silk-Fabric-12801_jpg.rf.e9aed250a0b423893e24becdb422fa45.jpg,640,640,111712,e55f3390ac3a5e403447d9762569f1b4,"blue,gold,golden",False,
data/indian_saree/train/Banarasi/dsc04182_jpg.rf.272acd18005aba54887c435d2b5c20db.jpg,,indian_patterns,train,Banarasi,dsc04182_jpg.rf.272acd18005aba54887c435d2b5c20db.jpg,640,640,65969,560f869d48847ce1408e72c265acea78,,False,
data/indian_saree/train/Banarasi/dsc04182_jpg.rf.3371fedad32b831ea2d5dbdf35f8a3ea.jpg,,indian_patterns,train,Banarasi,dsc04182_jpg.rf.3371fedad32b831ea2d5dbdf35f8a3ea.jpg,640,640,69089,85370fa7f21c6d52f1e18ee87165f18f,,False,
data/indian_saree/train/Banarasi/dsc04182_jpg.rf.fcd50bf253d618bf4cafdc0b0bb12708.jpg,,indian_patterns,train,Banarasi,dsc04182_jpg.rf.fcd50bf253d618bf4cafdc0b0bb12708.jpg,640,640,68967,7f1405397321d6769011cf0d07c07acf,,False,
data/indian_saree/train/Banarasi/ef0190e9bf99193b32566338cd7b2a0e_jpg.rf.65bf4c24b992343cd243240f9b58897e.jpg,,indian_patterns,train,Banarasi,ef0190e9bf99193b32566338cd7b2a0e_jpg.rf.65bf4c24b992343cd243240f9b58897e.jpg,640,640,81476,e2f5b5bd53afc62554899ccecf288981,,False,
data/indian_saree/train/Banarasi/ef0190e9bf99193b32566338cd7b2a0e_jpg.rf.a5f56d5bf75b43ebdfec0ccf50d9c95d.jpg,,indian_patterns,train,Banarasi,ef0190e9bf99193b32566338cd7b2a0e_jpg.rf.a5f56d5bf75b43ebdfec0ccf50d9c95d.jpg,640,640,83535,41b7df5cfb5bcb5732fa0f44251b1ca0,,False,
data/indian_saree/train/Banarasi/ef0190e9bf99193b32566338cd7b2a0e_jpg.rf.f0fe5af54a5af64f15fdca94cecb5871.jpg,,indian_patterns,train,Banarasi,ef0190e9bf99193b32566338cd7b2a0e_jpg.rf.f0fe5af54a5af64f15fdca94cecb5871.jpg,640,640,80675,e77b29fc782936f9e3b23599a71e2000,,False,
data/indian_saree/train/Banarasi/Fabric-07A-ChinayaBanaras-size-800x1200_800x_jpg.rf.0f79e5a62470d3e839380e02eeb74fd9.jpg,,indian_patterns,train,Banarasi,Fabric-07A-ChinayaBanaras-size-800x1200_800x_jpg.rf.0f79e5a62470d3e839380e02eeb74fd9.jpg,640,640,180429,cf9dac0425ceee8aea79457d0fa43e02,,False,
data/indian_saree/train/Banarasi/Fabric-07A-ChinayaBanaras-size-800x1200_800x_jpg.rf.a94e3bb36bf45289129e457a579a7fe6.jpg,,indian_patterns,train,Banarasi,Fabric-07A-ChinayaBanaras-size-800x1200_800x_jpg.rf.a94e3bb36bf45289129e457a579a7fe6.jpg,640,640,179722,e77fec9a1cc838c40b1850afc2ae2705,,False,
data/indian_saree/train/Banarasi/Fabric-07A-ChinayaBanaras-size-800x1200_800x_jpg.rf.fd1f0444dca895d3b0beaa656121f3f0.jpg,,indian_patterns,train,Banarasi,Fabric-07A-ChinayaBanaras-size-800x1200_800x_jpg.rf.fd1f0444dca895d3b0beaa656121f3f0.jpg,640,640,179882,67ef4c2135a06c2a0bc04795077ecd12,,False,
data/indian_saree/train/Banarasi/FKACJRD10028_2_1200x_jpg.rf.14ad150b0f356839597c7f64aaecbaf4.jpg,,indian_patterns,train,Banarasi,FKACJRD10028_2_1200x_jpg.rf.14ad150b0f356839597c7f64aaecbaf4.jpg,640,640,119901,1cf187f8db15a7b59c32d37dc08de339,,False,
data/indian_saree/train/Banarasi/FKACJRD10028_2_1200x_jpg.rf.3dc0a71bcea8b467543d42ed90d92b77.jpg,,indian_patterns,train,Banarasi,FKACJRD10028_2_1200x_jpg.rf.3dc0a71bcea8b467543d42ed90d92b77.jpg,640,640,120194,18fe4fe8a896a46d3a2140ac2cf66e89,,False,
data/indian_saree/train/Banarasi/FKACJRD10028_2_1200x_jpg.rf.71eff6c4b53d0bfdefabe7c6d747764c.jpg,,indian_patterns,train,Banarasi,FKACJRD10028_2_1200x_jpg.rf.71eff6c4b53d0bfdefabe7c6d747764c.jpg,640,640,120954,9136bbd44d2031354fc63ba5d68caccc,,False,
data/indian_saree/train/Banarasi/green-floral-booti-pure-rich-silk-banarasi-jacquard-fabric-740389_jpg.rf.38be64d0e0c513df51e94e5dc0f19d02.jpg,,indian_patterns,train,Banarasi,green-floral-booti-pure-rich-silk-banarasi-jacquard-fabric-740389_jpg.rf.38be64d0e0c513df51e94e5dc0f19d02.jpg,640,640,100837,03aea5e2f22be92b620a8bbb9890c748,green,False,
data/indian_saree/train/Banarasi/green-floral-booti-pure-rich-silk-banarasi-jacquard-fabric-740389_jpg.rf.6fcd6740398aa34783090bd71a7f4cfb.jpg,,indian_patterns,train,Banarasi,green-floral-booti-pure-rich-silk-banarasi-jacquard-fabric-740389_jpg.rf.6fcd6740398aa34783090bd71a7f4cfb.jpg,640,640,101729,d098c3184c76bf57e43c52a03e1e5aad,green,False,
data/indian_saree/train/Banarasi/green-floral-booti-pure-rich-silk-banarasi-jacquard-fabric-740389_jpg.rf.c5fae334f4c946d9a09ac1d8fc56cf97.jpg,,indian_patterns,train,Banarasi,green-floral-booti-pure-rich-silk-banarasi-jacquard-fabric-740389_jpg.rf.c5fae334f4c946d9a09ac1d8fc56cf97.jpg,640,640,99283,101f397cfefbe2f2509b0db7f9fdc0c0,green,False,
data/indian_saree/train/Banarasi/handwoven-banarasi-fabric-1596717011-5545804_jpeg.rf.d185baf5e4b4910e91531a2938bb7dbf.jpg,,indian_patterns,train,Banarasi,handwoven-banarasi-fabric-1596717011-5545804_jpeg.rf.d185baf5e4b4910e91531a2938bb7dbf.jpg,640,640,111303,11a5e852ab63846c2c960316afae3800,,False,
data/indian_saree/train/Banarasi/handwoven-banarasi-fabric-1596717011-5545804_jpeg.rf.dade709a1e1b3bc6ca803376f2c3289c.jpg,,indian_patterns,train,Banarasi,handwoven-banarasi-fabric-1596717011-5545804_jpeg.rf.dade709a1e1b3bc6ca803376f2c3289c.jpg,640,640,111373,8bd672675b2883149fcaa013a1d76292,,False,
data/indian_saree/train/Banarasi/handwoven-banarasi-fabric-1596717011-5545804_jpeg.rf.f52801f3f758a901631dd9d67c654000.jpg,,indian_patterns,train,Banarasi,handwoven-banarasi-fabric-1596717011-5545804_jpeg.rf.f52801f3f758a901631dd9d67c654000.jpg,640,640,112856,2bc93dc1fa56e6a5084b4d87016b1257,,False,
data/indian_saree/train/Banarasi/IG_04011_jpg.rf.018fe866ca4def0991e3ee11b7deefa4.jpg,,indian_patterns,train,Banarasi,IG_04011_jpg.rf.018fe866ca4def0991e3ee11b7deefa4.jpg,640,640,109726,9f8c0d8a748ce1370d4b0b6f2b22c4ed,,False,
data/indian_saree/train/Banarasi/IG_04011_jpg.rf.0a68e2d1d4afbd0f925d9d4c28804338.jpg,,indian_patterns,train,Banarasi,IG_04011_jpg.rf.0a68e2d1d4afbd0f925d9d4c28804338.jpg,640,640,108224,8c1cb579a6692421372e2fae9dc6b044,,False,
data/indian_saree/train/Banarasi/IG_04011_jpg.rf.0c24dbffc59167f34da0f93ebe903b1a.jpg,,indian_patterns,train,Banarasi,IG_04011_jpg.rf.0c24dbffc59167f34da0f93ebe903b1a.jpg,640,640,109042,f4f65ab59ba90e04282e3516aa3d5ec2,,False,
data/indian_saree/train/Banarasi/IG_06961_f36c87f2-848b-4752-9c51-c1e3c2fb4054_jpg.rf.4d2eeb2757f06942ff291a8001240fac.jpg,,indian_patterns,train,Banarasi,IG_06961_f36c87f2-848b-4752-9c51-c1e3c2fb4054_jpg.rf.4d2eeb2757f06942ff291a8001240fac.jpg,640,640,41532,25b248e5a3610379178a6911b675a570,,False,
data/indian_saree/train/Banarasi/IG_06961_f36c87f2-848b-4752-9c51-c1e3c2fb4054_jpg.rf.9a81f255a5a4b39eca29b94c9f0922b9.jpg,,indian_patterns,train,Banarasi,IG_06961_f36c87f2-848b-4752-9c51-c1e3c2fb4054_jpg.rf.9a81f255a5a4b39eca29b94c9f0922b9.jpg,640,640,39687,f74e35bea382e4d48de890e3e6194508,,False,
data/indian_saree/train/Banarasi/IG_06961_f36c87f2-848b-4752-9c51-c1e3c2fb4054_jpg.rf.bdfeb9223370a5611980c285c57b5ad4.jpg,,indian_patterns,train,Banarasi,IG_06961_f36c87f2-848b-4752-9c51-c1e3c2fb4054_jpg.rf.bdfeb9223370a5611980c285c57b5ad4.jpg,640,640,43790,cb525b7d5b4188e7a1db6a9b59c146ab,,False,
data/indian_saree/train/Banarasi/IG_09957_bf42d59b-be3e-45e3-a9b9-54ac921bcbcc_jpg.rf.82d3cd6d86f766c2001e77185383d75c.jpg,,indian_patterns,train,Banarasi,IG_09957_bf42d59b-be3e-45e3-a9b9-54ac921bcbcc_jpg.rf.82d3cd6d86f766c2001e77185383d75c.jpg,640,640,120439,c45a21405deb9199d8d3a33dd320ae96,,False,
data/indian_saree/train/Banarasi/IG_09957_bf42d59b-be3e-45e3-a9b9-54ac921bcbcc_jpg.rf.b2d30e0362a56220540f9cd2fad8cdf3.jpg,,indian_patterns,train,Banarasi,IG_09957_bf42d59b-be3e-45e3-a9b9-54ac921bcbcc_jpg.rf.b2d30e0362a56220540f9cd2fad8cdf3.jpg,640,640,122965,adb3f10a33cc1b59e6f43dbb603ba985,,False,
data/indian_saree/train/Banarasi/IG_09957_bf42d59b-be3e-45e3-a9b9-54ac921bcbcc_jpg.rf.c76ffe567ec88157d6d7cc1104b52ce5.jpg,,indian_patterns,train,Banarasi,IG_09957_bf42d59b-be3e-45e3-a9b9-54ac921bcbcc_jpg.rf.c76ffe567ec88157d6d7cc1104b52ce5.jpg,640,640,120320,ca31f937e731828477f5510dffa7dea1,,False,
data/indian_saree/train/Banarasi/il_570xN-1163737701_kncb_jpg.rf.00f4e2d4a5302bb55fbf809e612c3d81.jpg,,indian_patterns,train,Banarasi,il_570xN-1163737701_kncb_jpg.rf.00f4e2d4a5302bb55fbf809e612c3d81.jpg,640,640,107988,a859e6f61ec785b4b88d3c8b60cd7266,,False,
data/indian_saree/train/Banarasi/il_570xN-1163737701_kncb_jpg.rf.6ebae527b228bf43b33ccbdd29e6fa9d.jpg,,indian_patterns,train,Banarasi,il_570xN-1163737701_kncb_jpg.rf.6ebae527b228bf43b33ccbdd29e6fa9d.jpg,640,640,108382,b6b9b9a875a42c049de347502187a29a,,False,
data/indian_saree/train/Banarasi/il_570xN-1163737701_kncb_jpg.rf.f8234da6410880d3e936e6e63aab7bb1.jpg,,indian_patterns,train,Banarasi,il_570xN-1163737701_kncb_jpg.rf.f8234da6410880d3e936e6e63aab7bb1.jpg,640,640,105945,950bed144e11cee1decce60ef996b6f1,,False,
data/indian_saree/train/Banarasi/image15_jpeg.rf.76453274b93ea47d3dd438553a84b4c9.jpg,,indian_patterns,train,Banarasi,image15_jpeg.rf.76453274b93ea47d3dd438553a84b4c9.jpg,640,640,73609,524e3650e82024bbaba78317a401ae03,,False,
data/indian_saree/train/Banarasi/image15_jpeg.rf.9358616c5eb56054155a5915e574b4c9.jpg,,indian_patterns,train,Banarasi,image15_jpeg.rf.9358616c5eb56054155a5915e574b4c9.jpg,640,640,74853,9fa046b3dd9102bb5c71358dfdca5d66,,False,
data/indian_saree/train/Banarasi/image15_jpeg.rf.ebf690a16bde6941a4fd0ac45c2e8889.jpg,,indian_patterns,train,Banarasi,image15_jpeg.rf.ebf690a16bde6941a4fd0ac45c2e8889.jpg,640,640,71462,25758a7011b1457fd84dbc899decc428,,False,
data/indian_saree/train/Banarasi/image19_jpeg.rf.b5b6b677ae8f961d10047718fc09ef7c.jpg,,indian_patterns,train,Banarasi,image19_jpeg.rf.b5b6b677ae8f961d10047718fc09ef7c.jpg,640,640,79488,287a060c0d0daba32627fa4b1f76d2c4,,False,
data/indian_saree/train/Banarasi/image19_jpeg.rf.eacfbd129a995ce1caac234858597109.jpg,,indian_patterns,train,Banarasi,image19_jpeg.rf.eacfbd129a995ce1caac234858597109.jpg,640,640,78443,52778b16c5180fb599f1417eeff29f39,,False,
data/indian_saree/train/Banarasi/image19_jpeg.rf.f05279af1ecf262fe1787bcfb1bb0ece.jpg,,indian_patterns,train,Banarasi,image19_jpeg.rf.f05279af1ecf262fe1787bcfb1bb0ece.jpg,640,640,80711,161e12acc23573272efc818d4221f431,,False,
data/indian_saree/train/Banarasi/image20_jpeg.rf.80a726d2e2f1215fb5f0560749534c6f.jpg,,indian_patterns,train,Banarasi,image20_jpeg.rf.80a726d2e2f1215fb5f0560749534c6f.jpg,640,640,66290,95a47ed534b4ec40b4fd0603437a7076,,False,
data/indian_saree/train/Banarasi/image20_jpeg.rf.941a9daf16d273372e551588f0f0f0fb.jpg,,indian_patterns,train,Banarasi,image20_jpeg.rf.941a9daf16d273372e551588f0f0f0fb.jpg,640,640,66464,242b09beddec18ef07e59c41c0a98636,,False,
data/indian_saree/train/Banarasi/image20_jpeg.rf.f059bdc03e955821c08a3b0d6c163324.jpg,,indian_patterns,train,Banarasi,image20_jpeg.rf.f059bdc03e955821c08a3b0d6c163324.jpg,640,640,67779,926ef94ff29b752778be10dd8783adff,,False,
data/indian_saree/train/Banarasi/image21_jpeg.rf.4a8d6ac5e7744004fedabd8d63f4e19e.jpg,,indian_patterns,train,Banarasi,image21_jpeg.rf.4a8d6ac5e7744004fedabd8d63f4e19e.jpg,640,640,85847,829fb0e1b92d988cc1b4c08c46273ea7,,False,
data/indian_saree/train/Banarasi/image21_jpeg.rf.5fa6e5bebf8ec83ecdd569878c0c1467.jpg,,indian_patterns,train,Banarasi,image21_jpeg.rf.5fa6e5bebf8ec83ecdd569878c0c1467.jpg,640,640,88197,1eb9adf991f03a3362a6fc01aa902dd7,,False,
data/indian_saree/train/Banarasi/image21_jpeg.rf.a32f1abf958689bd4a009ef6c85c5671.jpg,,indian_patterns,train,Banarasi,image21_jpeg.rf.a32f1abf958689bd4a009ef6c85c5671.jpg,640,640,88367,1d428b545c55fb7d817d9843e9b34e6e,,False,
data/indian_saree/train/Banarasi/image25_jpeg.rf.06f263cd76c0782680bea642032ec754.jpg,,indian_patterns,train,Banarasi,image25_jpeg.rf.06f263cd76c0782680bea642032ec754.jpg,640,640,104795,ac16dcb93e8c030636948241afebbc7b,,False,
data/indian_saree/train/Banarasi/image25_jpeg.rf.685cc3e6452a29aaf9d7bff02a1fd3bf.jpg,,indian_patterns,train,Banarasi,image25_jpeg.rf.685cc3e6452a29aaf9d7bff02a1fd3bf.jpg,640,640,105028,7cacc6530f7f2128308c65ec47004ec1,,False,
data/indian_saree/train/Banarasi/image25_jpeg.rf.e6a5b0d0221547137ca8cade4f4bd3cf.jpg,,indian_patterns,train,Banarasi,image25_jpeg.rf.e6a5b0d0221547137ca8cade4f4bd3cf.jpg,640,640,103422,9d8579141d06dc77e85c61b3b1841e3e,,False,
data/indian_saree/train/Banarasi/image29_jpeg.rf.2b424e75dfe13e86360ca17a6eb1d943.jpg,,indian_patterns,train,Banarasi,image29_jpeg.rf.2b424e75dfe13e86360ca17a6eb1d943.jpg,640,640,97271,e9a4d01dbab87e82fc44b888a4dc6c64,,False,
data/indian_saree/train/Banarasi/image29_jpeg.rf.5d2aee6b6703e0c7d52400df8c59b60f.jpg,,indian_patterns,train,Banarasi,image29_jpeg.rf.5d2aee6b6703e0c7d52400df8c59b60f.jpg,640,640,97000,22af111cae55bed84cd2569eeacb608b,,False,
data/indian_saree/train/Banarasi/image29_jpeg.rf.93864e28faa2ed1150433a265d09c896.jpg,,indian_patterns,train,Banarasi,image29_jpeg.rf.93864e28faa2ed1150433a265d09c896.jpg,640,640,97916,d370bc61633966d409ec85e6cf888ff8,,False,
data/indian_saree/train/Banarasi/image30_jpeg.rf.4eac5cd253e56bea2990fb66b3da0a43.jpg,,indian_patterns,train,Banarasi,image30_jpeg.rf.4eac5cd253e56bea2990fb66b3da0a43.jpg,640,640,86693,aa994fdf60cc1dd5e66d52ea94848ab7,,False,
data/indian_saree/train/Banarasi/image30_jpeg.rf.537794021cccd4be6903f99a07af072f.jpg,,indian_patterns,train,Banarasi,image30_jpeg.rf.537794021cccd4be6903f99a07af072f.jpg,640,640,86269,8f2a5519c179668a3524fa7164cc6f23,,False,
data/indian_saree/train/Banarasi/image30_jpeg.rf.ed36498c44f219a8e779ba6684b7d654.jpg,,indian_patterns,train,Banarasi,image30_jpeg.rf.ed36498c44f219a8e779ba6684b7d654.jpg,640,640,84921,2e013cbaf6582833c396d98f7c7d42b0,,False,
data/indian_saree/train/Banarasi/image32_jpeg.rf.75550e81737398d5e33ad07fec9dfd3a.jpg,,indian_patterns,train,Banarasi,image32_jpeg.rf.75550e81737398d5e33ad07fec9dfd3a.jpg,640,640,130300,080ffbc2db9e5ab48f790b03a5ff51e9,,False,
data/indian_saree/train/Banarasi/image32_jpeg.rf.84588d92c46676b4ee39ac30662e4794.jpg,,indian_patterns,train,Banarasi,image32_jpeg.rf.84588d92c46676b4ee39ac30662e4794.jpg,640,640,129842,05b7dcc733e3cfa0c55bcff7a8ba3364,,False,
data/indian_saree/train/Banarasi/image32_jpeg.rf.e7b324c869d9312c22426370b76ed533.jpg,,indian_patterns,train,Banarasi,image32_jpeg.rf.e7b324c869d9312c22426370b76ed533.jpg,640,640,130969,cb6b9aeb78972b627ecbedbe309f44a3,,False,
data/indian_saree/train/Banarasi/image34_jpeg.rf.520027fdab37bf8a314b6656bc9f8230.jpg,,indian_patterns,train,Banarasi,image34_jpeg.rf.520027fdab37bf8a314b6656bc9f8230.jpg,640,640,110714,253fbaac7102cf9a3fa66e1d5208487c,,False,
data/indian_saree/train/Banarasi/image34_jpeg.rf.9ad5535c987c9f9ead7abb15653150ab.jpg,,indian_patterns,train,Banarasi,image34_jpeg.rf.9ad5535c987c9f9ead7abb15653150ab.jpg,640,640,109172,58e09a3984d6945abf094be98b6f818f,,False,
data/indian_saree/train/Banarasi/image34_jpeg.rf.f1d0b7214f7990c212920f1cbd5eb59a.jpg,,indian_patterns,train,Banarasi,image34_jpeg.rf.f1d0b7214f7990c212920f1cbd5eb59a.jpg,640,640,109675,9009e376f350db9934a81871de1d14de,,False,
data/indian_saree/train/Banarasi/image5_jpeg.rf.39ed9190f927d4bb2b34e26577fcfcbb.jpg,,indian_patterns,train,Banarasi,image5_jpeg.rf.39ed9190f927d4bb2b34e26577fcfcbb.jpg,640,640,33274,3833521cce8977f3742307f638ea027d,,False,
data/indian_saree/train/Banarasi/image5_jpeg.rf.900095cc3d4af1b765082c36b6781c3d.jpg,,indian_patterns,train,Banarasi,image5_jpeg.rf.900095cc3d4af1b765082c36b6781c3d.jpg,640,640,36235,2e842e82f37bc08f37f3a6947b204222,,False,
data/indian_saree/train/Banarasi/image5_jpeg.rf.c091f3fd7cf532d5685d803aad4302f2.jpg,,indian_patterns,train,Banarasi,image5_jpeg.rf.c091f3fd7cf532d5685d803aad4302f2.jpg,640,640,36800,4df0dffbfa0d1f8f5d9984b311459f8a,,False,
data/indian_saree/train/Banarasi/image6_jpeg.rf.47aa2cd17d2e307b911ef9f8c39efc7f.jpg,,indian_patterns,train,Banarasi,image6_jpeg.rf.47aa2cd17d2e307b911ef9f8c39efc7f.jpg,640,640,90849,9edb3b526c56954609802e5886c9cc26,,False,
data/indian_saree/train/Banarasi/image6_jpeg.rf.7c1f859c15b92cc75e62a0629c37009a.jpg,,indian_patterns,train,Banarasi,image6_jpeg.rf.7c1f859c15b92cc75e62a0629c37009a.jpg,640,640,89584,59c86198b46eb9cf38ff7307139766ad,,False,
data/indian_saree/train/Banarasi/image6_jpeg.rf.a2ff8249c6f035799ded086ff436033a.jpg,,indian_patterns,train,Banarasi,image6_jpeg.rf.a2ff8249c6f035799ded086ff436033a.jpg,640,640,93257,69662b07ee12023fe0ca5a8782a2fc99,,False,
data/indian_saree/train/Banarasi/image8_jpeg.rf.0d657092523e97bb69358c1a572f91e1.jpg,,indian_patterns,train,Banarasi,image8_jpeg.rf.0d657092523e97bb69358c1a572f91e1.jpg,640,640,40545,de5628dcd1599c42afc2b17f1d74e5ed,,False,
data/indian_saree/train/Banarasi/image8_jpeg.rf.1c364291033c7f19e566ded8e4dfbcc1.jpg,,indian_patterns,train,Banarasi,image8_jpeg.rf.1c364291033c7f19e566ded8e4dfbcc1.jpg,640,640,45094,49f1eef227bb5e63a6b03979dc9dc69b,,False,
data/indian_saree/train/Banarasi/image8_jpeg.rf.e5eb50a55cd365f78ed049d63c6eba58.jpg,,indian_patterns,train,Banarasi,image8_jpeg.rf.e5eb50a55cd365f78ed049d63c6eba58.jpg,640,640,41600,55a5839670b81786fade2be9bca4d00e,,False,
data/indian_saree/train/Banarasi/image_jpeg.rf.24b24491539c60ff45d7c14c5406b749.jpg,,indian_patterns,train,Banarasi,image_jpeg.rf.24b24491539c60ff45d7c14c5406b749.jpg,640,640,85007,cfcd571a349944b00f0a019da0a5b35d,,False,
data/indian_saree/train/Banarasi/image_jpeg.rf.792bdc8d24c128130fb6d1ccac41b8a0.jpg,,indian_patterns,train,Banarasi,image_jpeg.rf.792bdc8d24c128130fb6d1ccac41b8a0.jpg,640,640,81666,7a138fcd34053c40574959bff548764f,,False,
data/indian_saree/train/Banarasi/image_jpeg.rf.eea51ea1100a5b19210db38b3495e97d.jpg,,indian_patterns,train,Banarasi,image_jpeg.rf.eea51ea1100a5b19210db38b3495e97d.jpg,640,640,85023,381f53bc41d84a2199673c1d7f705147,,False,
data/indian_saree/train/Banarasi/images102_jpg.rf.64d528cd11388183db6d78e77c939bb7.jpg,,indian_patterns,train,Banarasi,images102_jpg.rf.64d528cd11388183db6d78e77c939bb7.jpg,640,640,94020,9782d897e43085ee244b31533084163a,,False,
data/indian_saree/train/Banarasi/images102_jpg.rf.b76a13c06c887330169ee6d4679cfdf4.jpg,,indian_patterns,train,Banarasi,images102_jpg.rf.b76a13c06c887330169ee6d4679cfdf4.jpg,640,640,93395,6dd80629eb215ef50f4c03db946705d5,,False,
data/indian_saree/train/Banarasi/images102_jpg.rf.e8a330eb9b3f92d238a733d9b31c1311.jpg,,indian_patterns,train,Banarasi,images102_jpg.rf.e8a330eb9b3f92d238a733d9b31c1311.jpg,640,640,97634,b9038b64d4ed4d1fd1d36ef343ac8935,,False,
data/indian_saree/train/Banarasi/images103_jpg.rf.51f7a11eec23c0049b75e5962292ef26.jpg,,indian_patterns,train,Banarasi,images103_jpg.rf.51f7a11eec23c0049b75e5962292ef26.jpg,640,640,76021,de21ebde4c9e8b96c80d83704d434c87,,False,
data/indian_saree/train/Banarasi/images103_jpg.rf.68b1e44102771a3eda0f2059321c9f49.jpg,,indian_patterns,train,Banarasi,images103_jpg.rf.68b1e44102771a3eda0f2059321c9f49.jpg,640,640,78099,f6d0478c3203cc6b3e8963289923fa88,,False,
data/indian_saree/train/Banarasi/images103_jpg.rf.ed80ad5f1641dea47eb6088f10d23aed.jpg,,indian_patterns,train,Banarasi,images103_jpg.rf.ed80ad5f1641dea47eb6088f10d23aed.jpg,640,640,76203,fe5484de5a6a3980fa3b0bf3a4174c5c,,False,
data/indian_saree/train/Banarasi/images104_jpg.rf.8d9623a70f7edc89a41cf2a7a6ea3231.jpg,,indian_patterns,train,Banarasi,images104_jpg.rf.8d9623a70f7edc89a41cf2a7a6ea3231.jpg,640,640,57117,6b503b11a2b0595769ac1a853c923182,,False,
data/indian_saree/train/Banarasi/images104_jpg.rf.9f9345d64118ad536dbb9c825117410d.jpg,,indian_patterns,train,Banarasi,images104_jpg.rf.9f9345d64118ad536dbb9c825117410d.jpg,640,640,59765,f2793d389ee95573457d03e45480de16,,False,
data/indian_saree/train/Banarasi/images104_jpg.rf.fcefd663b16eaf873055a0a287ca1fa4.jpg,,indian_patterns,train,Banarasi,images104_jpg.rf.fcefd663b16eaf873055a0a287ca1fa4.jpg,640,640,56611,0c96faf9c348eccec88f7361e49fd51a,,False,
data/indian_saree/train/Banarasi/images105_jpg.rf.0aae454fcc8ecac5c6f60a0933a5e8fb.jpg,,indian_patterns,train,Banarasi,images105_jpg.rf.0aae454fcc8ecac5c6f60a0933a5e8fb.jpg,640,640,51405,ac0633611ba876c82e95cbfc44810e06,,False,
data/indian_saree/train/Banarasi/images105_jpg.rf.1b29c8abc831ca0e7a470e47bf5c2f6c.jpg,,indian_patterns,train,Banarasi,images105_jpg.rf.1b29c8abc831ca0e7a470e47bf5c2f6c.jpg,640,640,54105,eed4647cc51a0d1b2c80c6a55fb24f66,,False,
data/indian_saree/train/Banarasi/images105_jpg.rf.275afa60fd43e7412ad7a4a938741c6a.jpg,,indian_patterns,train,Banarasi,images105_jpg.rf.275afa60fd43e7412ad7a4a938741c6a.jpg,640,640,54054,a9fe9c149d2a28b254e340da4235563e,,False,
data/indian_saree/train/Banarasi/images107_jpg.rf.1b515ca21294bcfdfaabf562930e1277.jpg,,indian_patterns,train,Banarasi,images107_jpg.rf.1b515ca21294bcfdfaabf562930e1277.jpg,640,640,131620,9c270c0c93b8683a5332ce886eb73337,,False,
data/indian_saree/train/Banarasi/images107_jpg.rf.40283f4b5da6424dea3ba0923362b121.jpg,,indian_patterns,train,Banarasi,images107_jpg.rf.40283f4b5da6424dea3ba0923362b121.jpg,640,640,131290,1d509e5c3b10d3a6f97a16b4d8bd6dd7,,False,
data/indian_saree/train/Banarasi/images107_jpg.rf.d4b8d7d69d9aa9ddace2af3042d4f493.jpg,,indian_patterns,train,Banarasi,images107_jpg.rf.d4b8d7d69d9aa9ddace2af3042d4f493.jpg,640,640,133694,a3775963c5086b08eac700307f8f1314,,False,
data/indian_saree/train/Banarasi/images108_jpg.rf.8a48361ff5504f182e29347383839041.jpg,,indian_patterns,train,Banarasi,images108_jpg.rf.8a48361ff5504f182e29347383839041.jpg,640,640,86519,5f3c9cbd44e9470763a520c2b302c6d1,,False,
data/indian_saree/train/Banarasi/images108_jpg.rf.b29227d329a4129cb3dc13a938c8746d.jpg,,indian_patterns,train,Banarasi,images108_jpg.rf.b29227d329a4129cb3dc13a938c8746d.jpg,640,640,89534,d5623e1b27da59d38d457dbb319ae2e3,,False,
data/indian_saree/train/Banarasi/images108_jpg.rf.eb796d431e5faf8571a0811170fe83e7.jpg,,indian_patterns,train,Banarasi,images108_jpg.rf.eb796d431e5faf8571a0811170fe83e7.jpg,640,640,90331,db917b4d21484e23c9f4573b22e0e737,,False,
data/indian_saree/train/Banarasi/images109_jpg.rf.6cbfe006f737adde221e0303d8535601.jpg,,indian_patterns,train,Banarasi,images109_jpg.rf.6cbfe006f737adde221e0303d8535601.jpg,640,640,109476,693e3e03bf5e967c27bd28bd78d73682,,False,
data/indian_saree/train/Banarasi/images109_jpg.rf.e701bd48b99920a95a3c217e8ba3676e.jpg,,indian_patterns,train,Banarasi,images109_jpg.rf.e701bd48b99920a95a3c217e8ba3676e.jpg,640,640,110378,5e17fedbe4927e264b8ed348aa2f09c1,,False,
data/indian_saree/train/Banarasi/images109_jpg.rf.f46f55ab6a54e52f9b5bf3d420b5fcfa.jpg,,indian_patterns,train,Banarasi,images109_jpg.rf.f46f55ab6a54e52f9b5bf3d420b5fcfa.jpg,640,640,110556,f05f3ad3de6dff411c23dd6f92f17432,,False,
data/indian_saree/train/Banarasi/images10_jpg.rf.4fba8b61953074f2e2ec9c12c3e4396f.jpg,,indian_patterns,train,Banarasi,images10_jpg.rf.4fba8b61953074f2e2ec9c12c3e4396f.jpg,640,640,108424,402933c65f7e8f8dd65330cc1aeee020,,False,
data/indian_saree/train/Banarasi/images10_jpg.rf.60cb07e0a794358db48709dac733a6e3.jpg,,indian_patterns,train,Banarasi,images10_jpg.rf.60cb07e0a794358db48709dac733a6e3.jpg,640,640,108392,e20c30a904143fdb54f21467e703289a,,False,
data/indian_saree/train/Banarasi/images10_jpg.rf.801bc21dd1c27236472037920c02e7c8.jpg,,indian_patterns,train,Banarasi,images10_jpg.rf.801bc21dd1c27236472037920c02e7c8.jpg,640,640,107084,44febbe7c8bba63d876374fe36c82a71,,False,
data/indian_saree/train/Banarasi/images114_jpg.rf.125ebb587997c9bf2b860101a9ac4c2b.jpg,,indian_patterns,train,Banarasi,images114_jpg.rf.125ebb587997c9bf2b860101a9ac4c2b.jpg,640,640,36127,32e2686369f2c71e51114dc921a40d67,,False,
data/indian_saree/train/Banarasi/images114_jpg.rf.27e894505fadb31b6a248c7a31ccc201.jpg,,indian_patterns,train,Banarasi,images114_jpg.rf.27e894505fadb31b6a248c7a31ccc201.jpg,640,640,31378,1e3481779ce0dbb193228e27c358d9f8,,False,
data/indian_saree/train/Banarasi/images114_jpg.rf.e27475a602f79f3919db80be48a37fc9.jpg,,indian_patterns,train,Banarasi,images114_jpg.rf.e27475a602f79f3919db80be48a37fc9.jpg,640,640,34211,516876ccd2ffe0ded0291102d78839c7,,False,
data/indian_saree/train/Banarasi/images115_jpg.rf.2cf6dcf7207b9118fa3aa8607a25e37d.jpg,,indian_patterns,train,Banarasi,images115_jpg.rf.2cf6dcf7207b9118fa3aa8607a25e37d.jpg,640,640,76208,5153b38427190eadce532d6c2f45a17b,,False,
data/indian_saree/train/Banarasi/images115_jpg.rf.ed775f7aecbc316414d19eee3db6613e.jpg,,indian_patterns,train,Banarasi,images115_jpg.rf.ed775f7aecbc316414d19eee3db6613e.jpg,640,640,74523,60a0a5b07ece4a5b1ed34cee1c5218fc,,False,
data/indian_saree/train/Banarasi/images115_jpg.rf.f9e5582998ed322c976188373f84946a.jpg,,indian_patterns,train,Banarasi,images115_jpg.rf.f9e5582998ed322c976188373f84946a.jpg,640,640,75804,0b204e3785e0b65cb72fdd260e4baf2e,,False,
data/indian_saree/train/Banarasi/images116_jpg.rf.4e2184726fe682a1ca9568d8b296c560.jpg,,indian_patterns,train,Banarasi,images116_jpg.rf.4e2184726fe682a1ca9568d8b296c560.jpg,640,640,105381,66caaa8dc5eaee26a3a8b1842db528cf,,False,
data/indian_saree/train/Banarasi/images116_jpg.rf.96e12bb5b9456789305fb6976e602997.jpg,,indian_patterns,train,Banarasi,images116_jpg.rf.96e12bb5b9456789305fb6976e602997.jpg,640,640,103618,169a4bed29649bf85088786a9e544fd3,,False,
data/indian_saree/train/Banarasi/images116_jpg.rf.df6a68f4825e959230629f12bee89250.jpg,,indian_patterns,train,Banarasi,images116_jpg.rf.df6a68f4825e959230629f12bee89250.jpg,640,640,104915,6280fe1081608d20bbf9cff1ddf2bf72,,False,
data/indian_saree/train/Banarasi/images11_jpg.rf.42a742d46731e47aa3f7f1f13c3f68e3.jpg,,indian_patterns,train,Banarasi,images11_jpg.rf.42a742d46731e47aa3f7f1f13c3f68e3.jpg,640,640,54898,1ce4f248c0f5c6787e45393a16e25b15,,False,
data/indian_saree/train/Banarasi/images11_jpg.rf.5ca78cbaeb1e3f8aa1353874882a9e20.jpg,,indian_patterns,train,Banarasi,images11_jpg.rf.5ca78cbaeb1e3f8aa1353874882a9e20.jpg,640,640,51904,430957e554e9da75071e859b6f2c444e,,False,
data/indian_saree/train/Banarasi/images11_jpg.rf.6be72cf8963f30448aa9b2bb7d0e82ee.jpg,,indian_patterns,train,Banarasi,images11_jpg.rf.6be72cf8963f30448aa9b2bb7d0e82ee.jpg,640,640,53944,3ea0d5841b2e4949ce12eefb2bf2b30a,,False,
data/indian_saree/train/Banarasi/images125_jpg.rf.08f536fb9f8a3fa56c58ef43826c54df.jpg,,indian_patterns,train,Banarasi,images125_jpg.rf.08f536fb9f8a3fa56c58ef43826c54df.jpg,640,640,48611,a4db514d382695cee231146d45f4d09e,,False,
data/indian_saree/train/Banarasi/images125_jpg.rf.671ba703a6ec33feb9f2e198112f54ee.jpg,,indian_patterns,train,Banarasi,images125_jpg.rf.671ba703a6ec33feb9f2e198112f54ee.jpg,640,640,48996,60f36f7c25d07b5c48378bc94f2c0dee,,False,
data/indian_saree/train/Banarasi/images125_jpg.rf.dbbd791ebdcb775d6aae9484aad3b2c2.jpg,,indian_patterns,train,Banarasi,images125_jpg.rf.dbbd791ebdcb775d6aae9484aad3b2c2.jpg,640,640,50612,b450e9ec341ac09adf5df304c29c8197,,False,
data/indian_saree/train/Banarasi/images128_jpg.rf.38a643728075ee04b862a5e981a6628d.jpg,,indian_patterns,train,Banarasi,images128_jpg.rf.38a643728075ee04b862a5e981a6628d.jpg,640,640,30869,3620baa288257d65e1e94ed8ad6d20cc,,False,
data/indian_saree/train/Banarasi/images128_jpg.rf.60952e8979ad62168dd89224caedd5d6.jpg,,indian_patterns,train,Banarasi,images128_jpg.rf.60952e8979ad62168dd89224caedd5d6.jpg,640,640,27881,758d9ada34d65925fa0e7be4d528b14c,,False,
data/indian_saree/train/Banarasi/images128_jpg.rf.aa5cb682a58c4fab5da027c5f8891a9b.jpg,,indian_patterns,train,Banarasi,images128_jpg.rf.aa5cb682a58c4fab5da027c5f8891a9b.jpg,640,640,31421,0ef81e7de1a70267c28e536fb6f58219,,False,
data/indian_saree/train/Banarasi/images130_jpg.rf.41644460df33c3b1f050574096c61617.jpg,,indian_patterns,train,Banarasi,images130_jpg.rf.41644460df33c3b1f050574096c61617.jpg,640,640,103399,323ac5b68b88db494e70b0f7117f2e09,,False,
data/indian_saree/train/Banarasi/images130_jpg.rf.67813356cf45a2d06e5afad45fb93199.jpg,,indian_patterns,train,Banarasi,images130_jpg.rf.67813356cf45a2d06e5afad45fb93199.jpg,640,640,102154,4c45811b64bd26a69f2c011f16ca5e78,,False,
data/indian_saree/train/Banarasi/images130_jpg.rf.91da2397795548f7c01c964f5bcf892e.jpg,,indian_patterns,train,Banarasi,images130_jpg.rf.91da2397795548f7c01c964f5bcf892e.jpg,640,640,101592,783d452b19ebdf7a18ad71bafe62aef4,,False,
data/indian_saree/train/Banarasi/images132_jpg.rf.8265bfd068cbf0b3e189fbb79bcff8d2.jpg,,indian_patterns,train,Banarasi,images132_jpg.rf.8265bfd068cbf0b3e189fbb79bcff8d2.jpg,640,640,81251,984aeadd1a4b97c2617db92ba17476ee,,False,
data/indian_saree/train/Banarasi/images132_jpg.rf.b18f67faab2667de3282c8621a26c8e5.jpg,,indian_patterns,train,Banarasi,images132_jpg.rf.b18f67faab2667de3282c8621a26c8e5.jpg,640,640,82775,dcb841080a2f8ee8ad624e99f914cd37,,False,
data/indian_saree/train/Banarasi/images132_jpg.rf.e2a5608f0b206fa55d5f335163df359f.jpg,,indian_patterns,train,Banarasi,images132_jpg.rf.e2a5608f0b206fa55d5f335163df359f.jpg,640,640,84012,f6ebee64522e444780e5d13f5bfc76f2,,False,
data/indian_saree/train/Banarasi/images133_jpg.rf.5a601502ca080e0b8374e06923dc2859.jpg,,indian_patterns,train,Banarasi,images133_jpg.rf.5a601502ca080e0b8374e06923dc2859.jpg,640,640,77546,a9e7a3893998128d2c92b261a4579678,,False,
data/indian_saree/train/Banarasi/images133_jpg.rf.724d99f5c5c6b2c568887c119b74aff1.jpg,,indian_patterns,train,Banarasi,images133_jpg.rf.724d99f5c5c6b2c568887c119b74aff1.jpg,640,640,77187,c7efe40064fec685bb409a7c5e70f19d,,False,
data/indian_saree/train/Banarasi/images133_jpg.rf.ee8819e3bcc2c02737d1e2d4973ca64e.jpg,,indian_patterns,train,Banarasi,images133_jpg.rf.ee8819e3bcc2c02737d1e2d4973ca64e.jpg,640,640,77299,92faf6874b5bd8edaf4d7b916547bfd3,,False,
data/indian_saree/train/Banarasi/images134_jpg.rf.31305a88e46e6615bb2118f22003c79d.jpg,,indian_patterns,train,Banarasi,images134_jpg.rf.31305a88e46e6615bb2118f22003c79d.jpg,640,640,78030,b4802262b56c09afc205939874a58a1d,,False,
data/indian_saree/train/Banarasi/images134_jpg.rf.c79602f8718635be43bb123fb3689707.jpg,,indian_patterns,train,Banarasi,images134_jpg.rf.c79602f8718635be43bb123fb3689707.jpg,640,640,78722,3c8c416d1cc7d3e023ab5e753b1d6025,,False,
data/indian_saree/train/Banarasi/images134_jpg.rf.d86420036229b9944551b4ad04b8740a.jpg,,indian_patterns,train,Banarasi,images134_jpg.rf.d86420036229b9944551b4ad04b8740a.jpg,640,640,77292,e35f591b4747e1454403b1b5dbc3c0f8,,False,
data/indian_saree/train/Banarasi/images136_jpg.rf.082bdfda2eb5363f3dcb3bd950c8165a.jpg,,indian_patterns,train,Banarasi,images136_jpg.rf.082bdfda2eb5363f3dcb3bd950c8165a.jpg,640,640,85886,aac985b9154501b55c6aeb7d5c35de7d,,False,
data/indian_saree/train/Banarasi/images136_jpg.rf.8079d6e73bcd0b3954cf2e6027c4aefc.jpg,,indian_patterns,train,Banarasi,images136_jpg.rf.8079d6e73bcd0b3954cf2e6027c4aefc.jpg,640,640,83576,8169d57c5144755571b1e5a019fb4d15,,False,
data/indian_saree/train/Banarasi/images136_jpg.rf.d68bb548d453f1e01c74b8e6e7ebbfa4.jpg,,indian_patterns,train,Banarasi,images136_jpg.rf.d68bb548d453f1e01c74b8e6e7ebbfa4.jpg,640,640,85883,db7263e2e099da29322316cb3024d54a,,False,
data/indian_saree/train/Banarasi/images137_jpg.rf.2d28614c087ef1a52e492a03e0a09e33.jpg,,indian_patterns,train,Banarasi,images137_jpg.rf.2d28614c087ef1a52e492a03e0a09e33.jpg,640,640,59851,23a80962320da36074f115a5913c05d1,,False,
data/indian_saree/train/Banarasi/images137_jpg.rf.98bf6425eddd6a374e163eda86696204.jpg,,indian_patterns,train,Banarasi,images137_jpg.rf.98bf6425eddd6a374e163eda86696204.jpg,640,640,56648,9c29d347d7b38045dc9efd57e338dae2,,False,
data/indian_saree/train/Banarasi/images137_jpg.rf.fc362f6b66a44d7cb37f4e70efb94d80.jpg,,indian_patterns,train,Banarasi,images137_jpg.rf.fc362f6b66a44d7cb37f4e70efb94d80.jpg,640,640,60542,15e5b0f0d17564b3defea070e7389a4a,,False,
data/indian_saree/train/Banarasi/images13_jpg.rf.7e6d8f6fba496b4664735798a46be021.jpg,,indian_patterns,train,Banarasi,images13_jpg.rf.7e6d8f6fba496b4664735798a46be021.jpg,640,640,102308,31066ab68077f615fbf65d6854783e6a,,False,
data/indian_saree/train/Banarasi/images13_jpg.rf.b17650035a5212f1feacdeaea83854c2.jpg,,indian_patterns,train,Banarasi,images13_jpg.rf.b17650035a5212f1feacdeaea83854c2.jpg,640,640,101428,48c21d0fddadea2e58b5fa56cd448c35,,False,
data/indian_saree/train/Banarasi/images13_jpg.rf.dbbd247da670831cf3506abf20f45562.jpg,,indian_patterns,train,Banarasi,images13_jpg.rf.dbbd247da670831cf3506abf20f45562.jpg,640,640,99327,12b3312ac60b3a5365847270c4824899,,False,
data/indian_saree/train/Banarasi/images143_jpg.rf.b081c11d6359c4c1d00da34f2a37b7a8.jpg,,indian_patterns,train,Banarasi,images143_jpg.rf.b081c11d6359c4c1d00da34f2a37b7a8.jpg,640,640,68345,58db575247b816ceb8d55edec84199e8,,False,
data/indian_saree/train/Banarasi/images143_jpg.rf.c06345334ec45be2dd7930affef37093.jpg,,indian_patterns,train,Banarasi,images143_jpg.rf.c06345334ec45be2dd7930affef37093.jpg,640,640,66556,bed6fa19d1f5374d278b23ad6d1ca064,,False,
data/indian_saree/train/Banarasi/images143_jpg.rf.e25ee6dc8c2c9b7b9c3ec574021f1021.jpg,,indian_patterns,train,Banarasi,images143_jpg.rf.e25ee6dc8c2c9b7b9c3ec574021f1021.jpg,640,640,65461,97c5331d2a291bfd68a4e135fbf70609,,False,
data/indian_saree/train/Banarasi/images145_jpg.rf.43081cbeb1a47457193e901e40ad916e.jpg,,indian_patterns,train,Banarasi,images145_jpg.rf.43081cbeb1a47457193e901e40ad916e.jpg,640,640,88253,decdd65f4a3a0d7ca20c057caf79e790,,False,
data/indian_saree/train/Banarasi/images145_jpg.rf.b05a9eaa4f02bcaad874b4cae5401488.jpg,,indian_patterns,train,Banarasi,images145_jpg.rf.b05a9eaa4f02bcaad874b4cae5401488.jpg,640,640,91376,4bd22f22372a9ce2b1b018b80dc50ffd,,False,
data/indian_saree/train/Banarasi/images145_jpg.rf.d9f652ca2271fb452519b17bfce19101.jpg,,indian_patterns,train,Banarasi,images145_jpg.rf.d9f652ca2271fb452519b17bfce19101.jpg,640,640,88911,a07fe4df4bfd18b54371753ece4c48e5,,False,
data/indian_saree/train/Banarasi/images147_jpg.rf.dfd373eb50a8fd625b82cc5eb7d963fe.jpg,,indian_patterns,train,Banarasi,images147_jpg.rf.dfd373eb50a8fd625b82cc5eb7d963fe.jpg,640,640,70234,600418cd860a9d79e78b70c25875643e,,False,
data/indian_saree/train/Banarasi/images147_jpg.rf.e2d6f9aba4444babe91da5fdcef7f5ff.jpg,,indian_patterns,train,Banarasi,images147_jpg.rf.e2d6f9aba4444babe91da5fdcef7f5ff.jpg,640,640,70405,16a70cd401ab0485210c713dcb0d5ddd,,False,
data/indian_saree/train/Banarasi/images147_jpg.rf.f1aa60cd4f5824075b849319f413cd24.jpg,,indian_patterns,train,Banarasi,images147_jpg.rf.f1aa60cd4f5824075b849319f413cd24.jpg,640,640,67718,503c1bd6f9a46cb8585fe3d12b66acb2,,False,
data/indian_saree/train/Banarasi/images152_jpg.rf.8e67f0fedf42a5fb3b70742f4bf3b293.jpg,,indian_patterns,train,Banarasi,images152_jpg.rf.8e67f0fedf42a5fb3b70742f4bf3b293.jpg,640,640,92415,0cfb6962db7bfc7b7c5328b2e6e304d6,,False,
data/indian_saree/train/Banarasi/images152_jpg.rf.e96b1334a723cc1010f96a7472ff5816.jpg,,indian_patterns,train,Banarasi,images152_jpg.rf.e96b1334a723cc1010f96a7472ff5816.jpg,640,640,91930,340261df092801c0a946accc989d3172,,False,
data/indian_saree/train/Banarasi/images152_jpg.rf.fef0ffb11be9a55a5bfbb33f88eea38d.jpg,,indian_patterns,train,Banarasi,images152_jpg.rf.fef0ffb11be9a55a5bfbb33f88eea38d.jpg,640,640,93835,19531e31ed8e98e54b96e0e3ff6edf8a,,False,
data/indian_saree/train/Banarasi/images153_jpg.rf.49c550e5d15dbadf25ed92128adcc225.jpg,,indian_patterns,train,Banarasi,images153_jpg.rf.49c550e5d15dbadf25ed92128adcc225.jpg,640,640,72386,1e1802503431723fe015f3d1a40d9904,,False,
data/indian_saree/train/Banarasi/images153_jpg.rf.a93830c76ec1a44681ecf644cc033855.jpg,,indian_patterns,train,Banarasi,images153_jpg.rf.a93830c76ec1a44681ecf644cc033855.jpg,640,640,72318,2edd3bc3bedf8835f180117d7af65bc0,,False,
data/indian_saree/train/Banarasi/images153_jpg.rf.bb8c8419dfc2e7a2ee76e1a86d65a52e.jpg,,indian_patterns,train,Banarasi,images153_jpg.rf.bb8c8419dfc2e7a2ee76e1a86d65a52e.jpg,640,640,73854,da513f7372527a14389ea4a408e885cb,,False,
data/indian_saree/train/Banarasi/images156_jpg.rf.505a6754904bc7c14b1477edabc06a0b.jpg,,indian_patterns,train,Banarasi,images156_jpg.rf.505a6754904bc7c14b1477edabc06a0b.jpg,640,640,46406,87430e5a27b4367f2e422122910f645f,,False,
data/indian_saree/train/Banarasi/images156_jpg.rf.cfff0a9409345d049106eb14493f7c7e.jpg,,indian_patterns,train,Banarasi,images156_jpg.rf.cfff0a9409345d049106eb14493f7c7e.jpg,640,640,49041,d911d19c77cde9844c62bd82c7a9c9e1,,False,
data/indian_saree/train/Banarasi/images156_jpg.rf.d8573b3f1c82d49610885e5062577c99.jpg,,indian_patterns,train,Banarasi,images156_jpg.rf.d8573b3f1c82d49610885e5062577c99.jpg,640,640,45400,7b572a36888092e39edb8074f67751a7,,False,
data/indian_saree/train/Banarasi/images158_jpg.rf.4dd0907b7a8dcc06abc9b2f2a9898c07.jpg,,indian_patterns,train,Banarasi,images158_jpg.rf.4dd0907b7a8dcc06abc9b2f2a9898c07.jpg,640,640,36834,fe0acb265030b51a1b7a0e9b04dbad09,,False,
data/indian_saree/train/Banarasi/images158_jpg.rf.8ce382162ac0b1587c04012600e2ddcf.jpg,,indian_patterns,train,Banarasi,images158_jpg.rf.8ce382162ac0b1587c04012600e2ddcf.jpg,640,640,31956,2e43cb891c6372ba4e07d2cba2d645ab,,False,
data/indian_saree/train/Banarasi/images158_jpg.rf.91f5db241cae86c9ff5f96e73780bebe.jpg,,indian_patterns,train,Banarasi,images158_jpg.rf.91f5db241cae86c9ff5f96e73780bebe.jpg,640,640,35365,55ab42e82e6bf262e5f11dc58cb5ab26,,False,
data/indian_saree/train/Banarasi/images161_jpg.rf.1e4a7aa67926ab71366fdd13969a0c0a.jpg,,indian_patterns,train,Banarasi,images161_jpg.rf.1e4a7aa67926ab71366fdd13969a0c0a.jpg,640,640,79566,817d3eb3bc82c2082c539bedc9bf5eba,,False,
data/indian_saree/train/Banarasi/images161_jpg.rf.92800cb77ca5f6a087c7e05909ff3308.jpg,,indian_patterns,train,Banarasi,images161_jpg.rf.92800cb77ca5f6a087c7e05909ff3308.jpg,640,640,80636,951b5260d1bdf2495a6dcc98207fdae7,,False,
data/indian_saree/train/Banarasi/images161_jpg.rf.9fb70ce883536dc81f1c4675b1644bf7.jpg,,indian_patterns,train,Banarasi,images161_jpg.rf.9fb70ce883536dc81f1c4675b1644bf7.jpg,640,640,79456,dffd52a0fb1fc99d87a6b1ce4c615b38,,False,
data/indian_saree/train/Banarasi/images163_jpg.rf.82d3abf45287d4ff49e1f42dd0396cd4.jpg,,indian_patterns,train,Banarasi,images163_jpg.rf.82d3abf45287d4ff49e1f42dd0396cd4.jpg,640,640,130765,6237b67fa35302cde1044fc61e1eeec7,,False,
data/indian_saree/train/Banarasi/images163_jpg.rf.e9d2644af86b726dbb9e37fcae94d0dc.jpg,,indian_patterns,train,Banarasi,images163_jpg.rf.e9d2644af86b726dbb9e37fcae94d0dc.jpg,640,640,131241,a74d5686883d28c409d967297a9afb78,,False,
data/indian_saree/train/Banarasi/images163_jpg.rf.f46318a8403667e13f0ac095968890c2.jpg,,indian_patterns,train,Banarasi,images163_jpg.rf.f46318a8403667e13f0ac095968890c2.jpg,640,640,129758,23ca8f69bc4406599e3e681bc9db6870,,False,
data/indian_saree/train/Banarasi/images165_jpg.rf.1c47f8b929efb0ce5b2c58020497f4fd.jpg,,indian_patterns,train,Banarasi,images165_jpg.rf.1c47f8b929efb0ce5b2c58020497f4fd.jpg,640,640,87448,ce1c4574f177b2431c8c764399ea685b,,False,
data/indian_saree/train/Banarasi/images165_jpg.rf.3641c1f7d57f841390829028f1dc3e5c.jpg,,indian_patterns,train,Banarasi,images165_jpg.rf.3641c1f7d57f841390829028f1dc3e5c.jpg,640,640,84961,49f4774bc448df7b0daf318ca1feceb4,,False,
data/indian_saree/train/Banarasi/images165_jpg.rf.a0dfe5c77a90e724e553b05a243b545d.jpg,,indian_patterns,train,Banarasi,images165_jpg.rf.a0dfe5c77a90e724e553b05a243b545d.jpg,640,640,87358,3d61ba1832aaf739aafb0d7a05cb69a7,,False,
data/indian_saree/train/Banarasi/images169_jpg.rf.0a7d30ac4d4a731430ebca63062c82b6.jpg,,indian_patterns,train,Banarasi,images169_jpg.rf.0a7d30ac4d4a731430ebca63062c82b6.jpg,640,640,80564,3f25d2b7f95d694d3f96c8a749bb34c0,,False,
data/indian_saree/train/Banarasi/images169_jpg.rf.55d29f572c8370b7b355d9e61ed039f3.jpg,,indian_patterns,train,Banarasi,images169_jpg.rf.55d29f572c8370b7b355d9e61ed039f3.jpg,640,640,80257,cf3f2806dffb7d316bd403cd087c749b,,False,
data/indian_saree/train/Banarasi/images169_jpg.rf.8ef2a9172d75dc28b37f99acb93f8dfe.jpg,,indian_patterns,train,Banarasi,images169_jpg.rf.8ef2a9172d75dc28b37f99acb93f8dfe.jpg,640,640,81477,9e377ea053b04d0f918ec11deef48916,,False,
data/indian_saree/train/Banarasi/images16_jpg.rf.8af227dd4050d55f5c8d120339315b65.jpg,,indian_patterns,train,Banarasi,images16_jpg.rf.8af227dd4050d55f5c8d120339315b65.jpg,640,640,63071,aedaf488209bf8f4c9a1da8c13fff815,,False,
data/indian_saree/train/Banarasi/images16_jpg.rf.aefe5299efcff5f76cee5b6661e09ab5.jpg,,indian_patterns,train,Banarasi,images16_jpg.rf.aefe5299efcff5f76cee5b6661e09ab5.jpg,640,640,61247,528cf4904c15b5db0802f22a7a10678c,,False,
data/indian_saree/train/Banarasi/images16_jpg.rf.db40ea3d983ece3669f8ac9f32d0e6b7.jpg,,indian_patterns,train,Banarasi,images16_jpg.rf.db40ea3d983ece3669f8ac9f32d0e6b7.jpg,640,640,59768,d3882d6fda29db7b0c570de8b34c6b88,,False,
data/indian_saree/train/Banarasi/images170_jpg.rf.60f175403ad1c7b5a35b4b2b236c2367.jpg,,indian_patterns,train,Banarasi,images170_jpg.rf.60f175403ad1c7b5a35b4b2b236c2367.jpg,640,640,62225,215869f4ef3800bfd3476dfd669b5ee6,,False,
data/indian_saree/train/Banarasi/images170_jpg.rf.857dec9f1f38be031b756ebec9f61891.jpg,,indian_patterns,train,Banarasi,images170_jpg.rf.857dec9f1f38be031b756ebec9f61891.jpg,640,640,65038,ab6c61f6d2c93f0cf2b6cda0951d3b9e,,False,
data/indian_saree/train/Banarasi/images170_jpg.rf.c45e5475901cd3ce3a6694e3b16dafd8.jpg,,indian_patterns,train,Banarasi,images170_jpg.rf.c45e5475901cd3ce3a6694e3b16dafd8.jpg,640,640,65304,fd87b1314d282a28782b13c3ca8d2458,,False,
data/indian_saree/train/Banarasi/images174_jpg.rf.6059086dfc8148243b15e171b72581ac.jpg,,indian_patterns,train,Banarasi,images174_jpg.rf.6059086dfc8148243b15e171b72581ac.jpg,640,640,114477,f7c4abd721104c6493c65131aa98bb39,,False,
data/indian_saree/train/Banarasi/images174_jpg.rf.6502b253ca2475ee963a94a8a469ca6b.jpg,,indian_patterns,train,Banarasi,images174_jpg.rf.6502b253ca2475ee963a94a8a469ca6b.jpg,640,640,113501,ef7b075b8cb15dea9e2348d2590fe4fd,,False,
data/indian_saree/train/Banarasi/images174_jpg.rf.eae3d1623354c6103d86d6a4116a91bb.jpg,,indian_patterns,train,Banarasi,images174_jpg.rf.eae3d1623354c6103d86d6a4116a91bb.jpg,640,640,114417,c766f7e53d1f77ed9aa6b81a4670b9cb,,False,
data/indian_saree/train/Banarasi/images175_jpg.rf.43a5974598c88efc8e006e03a0fd867b.jpg,,indian_patterns,train,Banarasi,images175_jpg.rf.43a5974598c88efc8e006e03a0fd867b.jpg,640,640,60728,cb856d7c2d59e17820465fbd0bed0aa3,,False,
data/indian_saree/train/Banarasi/images175_jpg.rf.856a2d91a0c766c7bc8c93bc8fe72cd1.jpg,,indian_patterns,train,Banarasi,images175_jpg.rf.856a2d91a0c766c7bc8c93bc8fe72cd1.jpg,640,640,57371,371c47ffb1ec78930ae066168cccf2f6,,False,
data/indian_saree/train/Banarasi/images175_jpg.rf.af0c17297c81ddf605673058022d235b.jpg,,indian_patterns,train,Banarasi,images175_jpg.rf.af0c17297c81ddf605673058022d235b.jpg,640,640,57889,94c4cc62f8764a0a5c8e4b7290e05e47,,False,
data/indian_saree/train/Banarasi/images176_jpg.rf.25a9b89c0ce3cbd2e8573e868f713ca5.jpg,,indian_patterns,train,Banarasi,images176_jpg.rf.25a9b89c0ce3cbd2e8573e868f713ca5.jpg,640,640,99511,74e454a8c10a5cba47b8d309a814e048,,False,
data/indian_saree/train/Banarasi/images176_jpg.rf.be49e339264dfef0c7b588d731bfb5fb.jpg,,indian_patterns,train,Banarasi,images176_jpg.rf.be49e339264dfef0c7b588d731bfb5fb.jpg,640,640,100191,d3fb7d571a40694922187e06645a3c9f,,False,
data/indian_saree/train/Banarasi/images176_jpg.rf.e0af7ada0ff4824674050c51e5d1df99.jpg,,indian_patterns,train,Banarasi,images176_jpg.rf.e0af7ada0ff4824674050c51e5d1df99.jpg,640,640,98130,89b6d8ed3f1907e336ff88dcc9afe8e8,,False,
data/indian_saree/train/Banarasi/images178_jpg.rf.62c8129d026008ca34dd768d2ed0e5b9.jpg,,indian_patterns,train,Banarasi,images178_jpg.rf.62c8129d026008ca34dd768d2ed0e5b9.jpg,640,640,115114,9c23ffd859e8538a0fd63c399f6c4052,,False,
data/indian_saree/train/Banarasi/images178_jpg.rf.7f0f36b4af9928b1d3a3b035739bdf74.jpg,,indian_patterns,train,Banarasi,images178_jpg.rf.7f0f36b4af9928b1d3a3b035739bdf74.jpg,640,640,115917,20e9b6e1cecd9123c8b034d57dffa4a3,,False,
data/indian_saree/train/Banarasi/images178_jpg.rf.dc077aea029ae0af66696c7bbd3bc2fa.jpg,,indian_patterns,train,Banarasi,images178_jpg.rf.dc077aea029ae0af66696c7bbd3bc2fa.jpg,640,640,115487,07894db82ee038a0203ae9ea2fc74890,,False,
data/indian_saree/train/Banarasi/images22_jpg.rf.056a47dfc381a9ee20624c888577bcbc.jpg,,indian_patterns,train,Banarasi,images22_jpg.rf.056a47dfc381a9ee20624c888577bcbc.jpg,640,640,42558,82009cd8772ec038131ce7aab473887b,,False,
data/indian_saree/train/Banarasi/images22_jpg.rf.14417130dc0319c2152a489df781c439.jpg,,indian_patterns,train,Banarasi,images22_jpg.rf.14417130dc0319c2152a489df781c439.jpg,640,640,46666,e907d3efe5dff2381627b42e0f89e59a,,False,
data/indian_saree/train/Banarasi/images22_jpg.rf.a80b90db596fbdd4f401bc486c4a57d7.jpg,,indian_patterns,train,Banarasi,images22_jpg.rf.a80b90db596fbdd4f401bc486c4a57d7.jpg,640,640,44024,958dca9f9632eb7c14c2617b5514a323,,False,
data/indian_saree/train/Banarasi/images27_jpg.rf.03d463e5808a105fa31dfa05b0dc81f9.jpg,,indian_patterns,train,Banarasi,images27_jpg.rf.03d463e5808a105fa31dfa05b0dc81f9.jpg,640,640,80455,874283b16932925e87100fca53febb45,,False,
data/indian_saree/train/Banarasi/images27_jpg.rf.2cbee37d4edf75e7b55035de52d0a51a.jpg,,indian_patterns,train,Banarasi,images27_jpg.rf.2cbee37d4edf75e7b55035de52d0a51a.jpg,640,640,83369,ddafaabcd32713ce054935c663fe1c39,,False,
data/indian_saree/train/Banarasi/images27_jpg.rf.41aec72497f33643b31a0f4af4543f36.jpg,,indian_patterns,train,Banarasi,images27_jpg.rf.41aec72497f33643b31a0f4af4543f36.jpg,640,640,84238,074c493ae2d787432dec945db5b75d69,,False,
data/indian_saree/train/Banarasi/images31_jpg.rf.8781add40ab1f235f19ba2ef7032cc37.jpg,,indian_patterns,train,Banarasi,images31_jpg.rf.8781add40ab1f235f19ba2ef7032cc37.jpg,640,640,22951,365b14545e1d21256c9adc3e4839f7ac,,False,
data/indian_saree/train/Banarasi/images31_jpg.rf.c592bca90754534dca9ff03332f5cb43.jpg,,indian_patterns,train,Banarasi,images31_jpg.rf.c592bca90754534dca9ff03332f5cb43.jpg,640,640,22401,92d232f45542ad30b100e399113c6473,,False,
data/indian_saree/train/Banarasi/images31_jpg.rf.f96c28091b113c1dcca186ff9313b93b.jpg,,indian_patterns,train,Banarasi,images31_jpg.rf.f96c28091b113c1dcca186ff9313b93b.jpg,640,640,17683,096aaa8d43b6aaff731eef8f8d74ff6c,,False,
data/indian_saree/train/Banarasi/images32_jpg.rf.0dfa3112d4d3c35a13be5b855ed69a82.jpg,,indian_patterns,train,Banarasi,images32_jpg.rf.0dfa3112d4d3c35a13be5b855ed69a82.jpg,640,640,72533,eabc4db2a5e25909ff587bad9687dbe5,,False,
data/indian_saree/train/Banarasi/images32_jpg.rf.eb22f1ba833ebfed60e38b596e8bea19.jpg,,indian_patterns,train,Banarasi,images32_jpg.rf.eb22f1ba833ebfed60e38b596e8bea19.jpg,640,640,73751,45c0dfcd2a3c861680c17fdc80d39eea,,False,
data/indian_saree/train/Banarasi/images32_jpg.rf.ec884adf3ad5c772ea437aa8a7164939.jpg,,indian_patterns,train,Banarasi,images32_jpg.rf.ec884adf3ad5c772ea437aa8a7164939.jpg,640,640,74182,0c3a911ffe9322e7dfed7c96fbbee7db,,False,
data/indian_saree/train/Banarasi/images33_jpg.rf.23b904d721b487ad0b621bb11bb9e02f.jpg,,indian_patterns,train,Banarasi,images33_jpg.rf.23b904d721b487ad0b621bb11bb9e02f.jpg,640,640,85607,3ecee2312b886df693e5c517f29b9b96,,False,
data/indian_saree/train/Banarasi/images33_jpg.rf.51a4805894fd6592b87b7c1435098478.jpg,,indian_patterns,train,Banarasi,images33_jpg.rf.51a4805894fd6592b87b7c1435098478.jpg,640,640,87876,2f024c8281349539460e0a8b17f06a38,,False,
data/indian_saree/train/Banarasi/images33_jpg.rf.e217b54883f6b51dc675644d13a0c2b6.jpg,,indian_patterns,train,Banarasi,images33_jpg.rf.e217b54883f6b51dc675644d13a0c2b6.jpg,640,640,85678,eacda63c1d363462bbbcf25f151ac8d7,,False,
data/indian_saree/train/Banarasi/images34_jpg.rf.38272266ac71e0802a9d44d015722ad9.jpg,,indian_patterns,train,Banarasi,images34_jpg.rf.38272266ac71e0802a9d44d015722ad9.jpg,640,640,89884,afaac103f08cffa1498a32990a658f20,,False,
data/indian_saree/train/Banarasi/images34_jpg.rf.43a38490fe424185888c93dd635101cf.jpg,,indian_patterns,train,Banarasi,images34_jpg.rf.43a38490fe424185888c93dd635101cf.jpg,640,640,90188,c0da1fe28826db8a0623a6ce9f5170c8,,False,
data/indian_saree/train/Banarasi/images34_jpg.rf.b3f1fbe6f59cf6ceebea8c5b48071297.jpg,,indian_patterns,train,Banarasi,images34_jpg.rf.b3f1fbe6f59cf6ceebea8c5b48071297.jpg,640,640,88162,52cbab7449dc74c279532028b5c9f1c8,,False,
data/indian_saree/train/Banarasi/images36_jpg.rf.1acc41f26748c784f3890b39ae1a6154.jpg,,indian_patterns,train,Banarasi,images36_jpg.rf.1acc41f26748c784f3890b39ae1a6154.jpg,640,640,112771,48953d72e45901ea67ccba1a5d6da8bd,,False,
data/indian_saree/train/Banarasi/images36_jpg.rf.23a0e08774e55fbade1d4fe281a30e6b.jpg,,indian_patterns,train,Banarasi,images36_jpg.rf.23a0e08774e55fbade1d4fe281a30e6b.jpg,640,640,111420,a1d9aab5039bd087d02fca2b3b04a5ab,,False,
data/indian_saree/train/Banarasi/images36_jpg.rf.5abb9d95e5b950f1061e6261dc6e90b4.jpg,,indian_patterns,train,Banarasi,images36_jpg.rf.5abb9d95e5b950f1061e6261dc6e90b4.jpg,640,640,113490,71d7e680b0d07e30175b4f3c8bcb336a,,False,
data/indian_saree/train/Banarasi/images37_jpg.rf.2e18c4e6dd30ba0831e1572f6f8102a1.jpg,,indian_patterns,train,Banarasi,images37_jpg.rf.2e18c4e6dd30ba0831e1572f6f8102a1.jpg,640,640,74737,ef34b2f8e13a51c3b0fe5fdba8cc301b,,False,
data/indian_saree/train/Banarasi/images37_jpg.rf.b01ca8af3e5e42723ab1a7f432bfc0a3.jpg,,indian_patterns,train,Banarasi,images37_jpg.rf.b01ca8af3e5e42723ab1a7f432bfc0a3.jpg,640,640,77509,4f929d4d45f9908c6118a8b33eb858d6,,False,
data/indian_saree/train/Banarasi/images37_jpg.rf.fa613a5abb848deae78738bb133b06c3.jpg,,indian_patterns,train,Banarasi,images37_jpg.rf.fa613a5abb848deae78738bb133b06c3.jpg,640,640,77510,548819b9ac0d65c93d57b369bd8bf929,,False,
data/indian_saree/train/Banarasi/images39_jpg.rf.2278a1a2e45b267b208b3c2a8ebe3ef6.jpg,,indian_patterns,train,Banarasi,images39_jpg.rf.2278a1a2e45b267b208b3c2a8ebe3ef6.jpg,640,640,51302,ff613d4df87e837bec454514e53e8e63,,False,
data/indian_saree/train/Banarasi/images39_jpg.rf.5d489587218e2a3a0f5f1d4a42872998.jpg,,indian_patterns,train,Banarasi,images39_jpg.rf.5d489587218e2a3a0f5f1d4a42872998.jpg,640,640,53702,8fc4bf29d8181f2324f35abbd3f59fe8,,False,
data/indian_saree/train/Banarasi/images39_jpg.rf.d0b5ef5edd7a579548ea98739dea2230.jpg,,indian_patterns,train,Banarasi,images39_jpg.rf.d0b5ef5edd7a579548ea98739dea2230.jpg,640,640,51063,1828ace5d0092ec702406c7998460333,,False,
data/indian_saree/train/Banarasi/images3_jpg.rf.3d450f76dbcb706d1d79b9d591952978.jpg,,indian_patterns,train,Banarasi,images3_jpg.rf.3d450f76dbcb706d1d79b9d591952978.jpg,640,640,53930,6c2ed51d0aed6c7cfe578e3dea3d3996,,False,
data/indian_saree/train/Banarasi/images3_jpg.rf.735efc785e22bda814926e2e7564c5a7.jpg,,indian_patterns,train,Banarasi,images3_jpg.rf.735efc785e22bda814926e2e7564c5a7.jpg,640,640,53553,2754f0f8429b9bc588e6ebfbe09a1a13,,False,
data/indian_saree/train/Banarasi/images3_jpg.rf.bd1d9eaf138fe922eba2472187d2f02c.jpg,,indian_patterns,train,Banarasi,images3_jpg.rf.bd1d9eaf138fe922eba2472187d2f02c.jpg,640,640,51396,a30b5eccb3912011f8c6284a3907c375,,False,
data/indian_saree/train/Banarasi/images42_jpg.rf.5b7f68c31bb175408841a65ecb6110a1.jpg,,indian_patterns,train,Banarasi,images42_jpg.rf.5b7f68c31bb175408841a65ecb6110a1.jpg,640,640,55537,7f9e1f2502b6f853ff81d672ef80a1c7,,False,
data/indian_saree/train/Banarasi/images42_jpg.rf.6b45c8728ef42529431088f6a00989e0.jpg,,indian_patterns,train,Banarasi,images42_jpg.rf.6b45c8728ef42529431088f6a00989e0.jpg,640,640,59189,034687c94a938bdda7ae62fe13c240f0,,False,
data/indian_saree/train/Banarasi/images42_jpg.rf.f51497705b1aa00fcd553c03ebfb877e.jpg,,indian_patterns,train,Banarasi,images42_jpg.rf.f51497705b1aa00fcd553c03ebfb877e.jpg,640,640,54796,f1ad69dd39fc3a2de80ead52086827e3,,False,
data/indian_saree/train/Banarasi/images44_jpg.rf.2978d92b7fe407b160d476000f9b6a50.jpg,,indian_patterns,train,Banarasi,images44_jpg.rf.2978d92b7fe407b160d476000f9b6a50.jpg,640,640,113749,aec8781d4e2e4672eee986f54077fc14,,False,
data/indian_saree/train/Banarasi/images44_jpg.rf.6ad1f0711635846fb600e2c1aed7a57a.jpg,,indian_patterns,train,Banarasi,images44_jpg.rf.6ad1f0711635846fb600e2c1aed7a57a.jpg,640,640,110575,ccf7015c9a8ec32d0591df0906c04f7b,,False,
data/indian_saree/train/Banarasi/images44_jpg.rf.c6beac41a3e9bd620367c0be22ffaf84.jpg,,indian_patterns,train,Banarasi,images44_jpg.rf.c6beac41a3e9bd620367c0be22ffaf84.jpg,640,640,110780,77f9cccf2ceb468611776b4f845c7d2e,,False,
data/indian_saree/train/Banarasi/images45_jpg.rf.09b32026a68dbf0f55c1f64c90caac99.jpg,,indian_patterns,train,Banarasi,images45_jpg.rf.09b32026a68dbf0f55c1f64c90caac99.jpg,640,640,86320,e3b0b10deb3d334c9a686c8554bd80fb,,False,
data/indian_saree/train/Banarasi/images45_jpg.rf.fa449ce6541293d7041ab5f6fa1cd742.jpg,,indian_patterns,train,Banarasi,images45_jpg.rf.fa449ce6541293d7041ab5f6fa1cd742.jpg,640,640,83203,647761bcf965aea0167ce230d6ce7de4,,False,
data/indian_saree/train/Banarasi/images45_jpg.rf.fc4daf14689fb0b89e20e0094858f007.jpg,,indian_patterns,train,Banarasi,images45_jpg.rf.fc4daf14689fb0b89e20e0094858f007.jpg,640,640,82876,3896dd0ab6f57e956ed9ce08dbd1d037,,False,
data/indian_saree/train/Banarasi/images46_jpg.rf.062e7b01baadf52ffd6e44a138d7b454.jpg,,indian_patterns,train,Banarasi,images46_jpg.rf.062e7b01baadf52ffd6e44a138d7b454.jpg,640,640,57716,737099caf045e406f950e49733ec9fd5,,False,
data/indian_saree/train/Banarasi/images46_jpg.rf.2977dcdb64f6701fac5ea5961acf7e5a.jpg,,indian_patterns,train,Banarasi,images46_jpg.rf.2977dcdb64f6701fac5ea5961acf7e5a.jpg,640,640,53440,710e986ea63dc15540dbf06eeeb85eb7,,False,
data/indian_saree/train/Banarasi/images46_jpg.rf.4e2eaf3366d5b48fcdf1fbe7d0598daf.jpg,,indian_patterns,train,Banarasi,images46_jpg.rf.4e2eaf3366d5b48fcdf1fbe7d0598daf.jpg,640,640,56244,05a3d82e923d35032efa473afbd6acd7,,False,
data/indian_saree/train/Banarasi/images47_jpg.rf.300c2deb65bcaf51a1361b3ed31d1ea5.jpg,,indian_patterns,train,Banarasi,images47_jpg.rf.300c2deb65bcaf51a1361b3ed31d1ea5.jpg,640,640,41388,da85b8087ab0bad6c732e647b16192cc,,False,
data/indian_saree/train/Banarasi/images47_jpg.rf.7c06aa72f2198a80f40d34930611ed6b.jpg,,indian_patterns,train,Banarasi,images47_jpg.rf.7c06aa72f2198a80f40d34930611ed6b.jpg,640,640,40138,4e2703a5b0dbdcc902c52425c8a7179e,,False,
data/indian_saree/train/Banarasi/images47_jpg.rf.d9dffc8fde002ba9c3147034809a353f.jpg,,indian_patterns,train,Banarasi,images47_jpg.rf.d9dffc8fde002ba9c3147034809a353f.jpg,640,640,44966,f46e04f3f39b0ace40a57df0448b2691,,False,
data/indian_saree/train/Banarasi/images49_jpg.rf.85810d83a6b6ddcf02dc7beb8205e98f.jpg,,indian_patterns,train,Banarasi,images49_jpg.rf.85810d83a6b6ddcf02dc7beb8205e98f.jpg,640,640,80365,c98e08b57990d33bc8c20dd5376970a8,,False,
data/indian_saree/train/Banarasi/images49_jpg.rf.9814b99bd704afecef8ad25bdccccc7a.jpg,,indian_patterns,train,Banarasi,images49_jpg.rf.9814b99bd704afecef8ad25bdccccc7a.jpg,640,640,79864,fec9a1ebabdd94d7b817fb5117522b6d,,False,
data/indian_saree/train/Banarasi/images49_jpg.rf.aa918f405274de1888a7e33cc8a5369e.jpg,,indian_patterns,train,Banarasi,images49_jpg.rf.aa918f405274de1888a7e33cc8a5369e.jpg,640,640,80797,757da95be7bbb4c6f2c6544bdad85fa5,,False,
data/indian_saree/train/Banarasi/images4_jpg.rf.17a8139aef0ab166e5ae1e4b72230d27.jpg,,indian_patterns,train,Banarasi,images4_jpg.rf.17a8139aef0ab166e5ae1e4b72230d27.jpg,640,640,70092,724ac597b505d5620bb177c2a25aec2b,,False,
data/indian_saree/train/Banarasi/images4_jpg.rf.2431abc4d0c043ecfd654f1a3b9de171.jpg,,indian_patterns,train,Banarasi,images4_jpg.rf.2431abc4d0c043ecfd654f1a3b9de171.jpg,640,640,68408,71c9b7ece8875b62f4d681fc8b8b07a2,,False,
data/indian_saree/train/Banarasi/images4_jpg.rf.63a6f02c7460ee0af0c92dfb65c74a7d.jpg,,indian_patterns,train,Banarasi,images4_jpg.rf.63a6f02c7460ee0af0c92dfb65c74a7d.jpg,640,640,70241,f03106d142c74fd0ef128e34e1a53378,,False,
data/indian_saree/train/Banarasi/images50_jpg.rf.4194f9039be82e91a02591374c187879.jpg,,indian_patterns,train,Banarasi,images50_jpg.rf.4194f9039be82e91a02591374c187879.jpg,640,640,56402,908b162f542b8b1ed7a0ce7fe3a5198c,,False,
data/indian_saree/train/Banarasi/images50_jpg.rf.64a2093d0f2aa8e4a907507962061ca9.jpg,,indian_patterns,train,Banarasi,images50_jpg.rf.64a2093d0f2aa8e4a907507962061ca9.jpg,640,640,59602,b97355f9f58cdee5b915155503a53ac4,,False,
data/indian_saree/train/Banarasi/images50_jpg.rf.883b89133863df5a86fb266b3c36cc63.jpg,,indian_patterns,train,Banarasi,images50_jpg.rf.883b89133863df5a86fb266b3c36cc63.jpg,640,640,57637,4466b428efb2cd27119fa42bb4a58ef6,,False,
data/indian_saree/train/Banarasi/images53_jpg.rf.94bf7de5c443a29fe73397125ec9dbc6.jpg,,indian_patterns,train,Banarasi,images53_jpg.rf.94bf7de5c443a29fe73397125ec9dbc6.jpg,640,640,45733,b8e72724beeebd91636a0d01366c0c7e,,False,
data/indian_saree/train/Banarasi/images53_jpg.rf.af67ae7453fb8698ad6a78c11e7ad46c.jpg,,indian_patterns,train,Banarasi,images53_jpg.rf.af67ae7453fb8698ad6a78c11e7ad46c.jpg,640,640,42389,cbdcd4d08ef89142d83323e833b3a230,,False,
data/indian_saree/train/Banarasi/images53_jpg.rf.cc4f19ebf298ddfc2dd7236325f556d3.jpg,,indian_patterns,train,Banarasi,images53_jpg.rf.cc4f19ebf298ddfc2dd7236325f556d3.jpg,640,640,44637,ce89c0062b9b93225dd1f41f3696be28,,False,
data/indian_saree/train/Banarasi/images56_jpg.rf.1977d9d8213dcf76d1ef89e1b27e9849.jpg,,indian_patterns,train,Banarasi,images56_jpg.rf.1977d9d8213dcf76d1ef89e1b27e9849.jpg,640,640,42928,d07511c88a24c160283835b85e10bd02,,False,
data/indian_saree/train/Banarasi/images56_jpg.rf.68d1fcf48d21efc9fefda98e59879224.jpg,,indian_patterns,train,Banarasi,images56_jpg.rf.68d1fcf48d21efc9fefda98e59879224.jpg,640,640,42082,d752decd935c442ad17c0381f7ff721e,,False,
data/indian_saree/train/Banarasi/images56_jpg.rf.b334b6e160af3a5854fcb28703c64e15.jpg,,indian_patterns,train,Banarasi,images56_jpg.rf.b334b6e160af3a5854fcb28703c64e15.jpg,640,640,40261,701290e1a3979fff400ae8ecc7d13ac2,,False,
data/indian_saree/train/Banarasi/images57_jpg.rf.648e1a56b71dc78bf6689261947bb165.jpg,,indian_patterns,train,Banarasi,images57_jpg.rf.648e1a56b71dc78bf6689261947bb165.jpg,640,640,56075,ffd7c4abc1467dbc08acc60b529a733d,,False,
data/indian_saree/train/Banarasi/images57_jpg.rf.95bae88927041e6807c96dddcebab754.jpg,,indian_patterns,train,Banarasi,images57_jpg.rf.95bae88927041e6807c96dddcebab754.jpg,640,640,54969,f24478d392ec93f67900e3b6f0d0ce94,,False,
data/indian_saree/train/Banarasi/images57_jpg.rf.f77d2a71b98bd43ebff65e275c8a9978.jpg,,indian_patterns,train,Banarasi,images57_jpg.rf.f77d2a71b98bd43ebff65e275c8a9978.jpg,640,640,54207,22265dd947a76b4568b4dabb64fd126f,,False,
data/indian_saree/train/Banarasi/images58_jpg.rf.22eebdc8a76412c7eaa6f1aeaa64b41a.jpg,,indian_patterns,train,Banarasi,images58_jpg.rf.22eebdc8a76412c7eaa6f1aeaa64b41a.jpg,640,640,99754,14c4b5a0662cd89b5d9c9e1da6505ac4,,False,
data/indian_saree/train/Banarasi/images58_jpg.rf.a79ebb7827552bcb2c9ddfe93699295a.jpg,,indian_patterns,train,Banarasi,images58_jpg.rf.a79ebb7827552bcb2c9ddfe93699295a.jpg,640,640,101255,9166f06d2469aba66ca109b800c73578,,False,
data/indian_saree/train/Banarasi/images58_jpg.rf.dc7e5a0a28c3bbf51ec30311c76616fc.jpg,,indian_patterns,train,Banarasi,images58_jpg.rf.dc7e5a0a28c3bbf51ec30311c76616fc.jpg,640,640,102265,01c2a01c22391203bf23308c1b7f7225,,False,
data/indian_saree/train/Banarasi/images59_jpg.rf.0fc3ae909d945cf714ed8eb008425e09.jpg,,indian_patterns,train,Banarasi,images59_jpg.rf.0fc3ae909d945cf714ed8eb008425e09.jpg,640,640,65921,3434d191a25c9c6a55c1b98a5b4fd5c7,,False,
data/indian_saree/train/Banarasi/images59_jpg.rf.b266524ea2f4222d7f1492686d8c9101.jpg,,indian_patterns,train,Banarasi,images59_jpg.rf.b266524ea2f4222d7f1492686d8c9101.jpg,640,640,65377,64aa34747bd018f726d6e84722fe0785,,False,
data/indian_saree/train/Banarasi/images59_jpg.rf.fe2c334a8217a23cd71c2842a7cd05b2.jpg,,indian_patterns,train,Banarasi,images59_jpg.rf.fe2c334a8217a23cd71c2842a7cd05b2.jpg,640,640,62297,9e5d59499f5e1c2ebdc3e08e0dc92a83,,False,
data/indian_saree/train/Banarasi/images5_jpg.rf.84059d95c347f08815b5cce4bf41adf8.jpg,,indian_patterns,train,Banarasi,images5_jpg.rf.84059d95c347f08815b5cce4bf41adf8.jpg,640,640,92152,a297dfcc4e8b4827d932730114e32429,,False,
data/indian_saree/train/Banarasi/images5_jpg.rf.8b20480ee0911dd2d1c6e1b16d673a00.jpg,,indian_patterns,train,Banarasi,images5_jpg.rf.8b20480ee0911dd2d1c6e1b16d673a00.jpg,640,640,93952,01ac579114c33965d1656f035e549483,,False,
data/indian_saree/train/Banarasi/images5_jpg.rf.8e69c0f08d6adc5444033014e1d225c7.jpg,,indian_patterns,train,Banarasi,images5_jpg.rf.8e69c0f08d6adc5444033014e1d225c7.jpg,640,640,94617,5b52fd89c73ab250d05bc75c19fd47a7,,False,
data/indian_saree/train/Banarasi/images63_jpg.rf.41935acd0e0ff0e8db61f4b0050c88de.jpg,,indian_patterns,train,Banarasi,images63_jpg.rf.41935acd0e0ff0e8db61f4b0050c88de.jpg,640,640,109656,2d7664c58ee036a239069e34f2e2872f,,False,
data/indian_saree/train/Banarasi/images63_jpg.rf.50d01106355b39a46c8edfca08c80d26.jpg,,indian_patterns,train,Banarasi,images63_jpg.rf.50d01106355b39a46c8edfca08c80d26.jpg,640,640,107752,7efaa0f73afa6c6c8cd335f9b757deb8,,False,
data/indian_saree/train/Banarasi/images63_jpg.rf.dc3e336de67b89d26be64eca592e5f3d.jpg,,indian_patterns,train,Banarasi,images63_jpg.rf.dc3e336de67b89d26be64eca592e5f3d.jpg,640,640,109439,3e35aa6072031ea19d500da1ba8235ae,,False,
data/indian_saree/train/Banarasi/images69_jpg.rf.191e4f50403ebe4a771f1e726270de45.jpg,,indian_patterns,train,Banarasi,images69_jpg.rf.191e4f50403ebe4a771f1e726270de45.jpg,640,640,65945,0bcdd2835759ac38b576faea9d05b20e,,False,
data/indian_saree/train/Banarasi/images69_jpg.rf.2dbdbb4cc3be89442baa2cd2d64e82ed.jpg,,indian_patterns,train,Banarasi,images69_jpg.rf.2dbdbb4cc3be89442baa2cd2d64e82ed.jpg,640,640,66123,61c6c98500b87e277eb6dd7a17616c2d,,False,
data/indian_saree/train/Banarasi/images69_jpg.rf.8d136f5e89ee0ed718cae5610c402558.jpg,,indian_patterns,train,Banarasi,images69_jpg.rf.8d136f5e89ee0ed718cae5610c402558.jpg,640,640,65115,f7fc35ea9c4eae2f8fe86afb0761d17a,,False,
data/indian_saree/train/Banarasi/images6_jpg.rf.ae8ff67580fb5f05816fc3026c207d96.jpg,,indian_patterns,train,Banarasi,images6_jpg.rf.ae8ff67580fb5f05816fc3026c207d96.jpg,640,640,119034,18feee275651b8ae434578e878160cdb,,False,
data/indian_saree/train/Banarasi/images6_jpg.rf.d6b794bba23ff05b57eaefafff6e53cc.jpg,,indian_patterns,train,Banarasi,images6_jpg.rf.d6b794bba23ff05b57eaefafff6e53cc.jpg,640,640,122299,2a62f27f65bebf08e7593fedd71ea195,,False,
data/indian_saree/train/Banarasi/images6_jpg.rf.f5029f29ce888a8d6dc7464e0d785927.jpg,,indian_patterns,train,Banarasi,images6_jpg.rf.f5029f29ce888a8d6dc7464e0d785927.jpg,640,640,119669,0f1ff616d2385223071fbadcd23311bf,,False,
data/indian_saree/train/Banarasi/images70_jpg.rf.061b041ebf28a4b948e08d9321342351.jpg,,indian_patterns,train,Banarasi,images70_jpg.rf.061b041ebf28a4b948e08d9321342351.jpg,640,640,75682,60f5a4c696787f0b5c245616848af286,,False,
data/indian_saree/train/Banarasi/images70_jpg.rf.31f61db16ecfc39872a96ff9b21c365a.jpg,,indian_patterns,train,Banarasi,images70_jpg.rf.31f61db16ecfc39872a96ff9b21c365a.jpg,640,640,75923,9278c43dc65e87f4a148ff8be0726ad4,,False,
data/indian_saree/train/Banarasi/images70_jpg.rf.ef41784b4ca083101823b4876f27f48a.jpg,,indian_patterns,train,Banarasi,images70_jpg.rf.ef41784b4ca083101823b4876f27f48a.jpg,640,640,72975,ef9e2ac5c6316306bf9f38f4b9c9be2d,,False,
data/indian_saree/train/Banarasi/images71_jpg.rf.0f5727bd140ee608535d8232110f44da.jpg,,indian_patterns,train,Banarasi,images71_jpg.rf.0f5727bd140ee608535d8232110f44da.jpg,640,640,52136,12d93a153d2e2c0d49b2ea22bcc315af,,False,
data/indian_saree/train/Banarasi/images71_jpg.rf.41ddcec4b3bd4e177917dcfab2ce7050.jpg,,indian_patterns,train,Banarasi,images71_jpg.rf.41ddcec4b3bd4e177917dcfab2ce7050.jpg,640,640,56016,56a6b0d59863455549a3401d316ded67,,False,
data/indian_saree/train/Banarasi/images71_jpg.rf.e2dd4a3a283d90aade7a4a6db32cf2a8.jpg,,indian_patterns,train,Banarasi,images71_jpg.rf.e2dd4a3a283d90aade7a4a6db32cf2a8.jpg,640,640,52747,e1f0e15e84f20f93e032221c9be3b9bf,,False,
data/indian_saree/train/Banarasi/images75_jpg.rf.4a795814517b1bdf965c452a5391d051.jpg,,indian_patterns,train,Banarasi,images75_jpg.rf.4a795814517b1bdf965c452a5391d051.jpg,640,640,87410,b8e21f47221ee02ff6a96588eb0e6936,,False,
data/indian_saree/train/Banarasi/images75_jpg.rf.4dce37e530cc97875c87cddf82fcbf70.jpg,,indian_patterns,train,Banarasi,images75_jpg.rf.4dce37e530cc97875c87cddf82fcbf70.jpg,640,640,87773,d68c053f20585dd3240a033780756193,,False,
data/indian_saree/train/Banarasi/images75_jpg.rf.7d37f1aae5ef6ed78bcc3622b7ef1242.jpg,,indian_patterns,train,Banarasi,images75_jpg.rf.7d37f1aae5ef6ed78bcc3622b7ef1242.jpg,640,640,86399,df22fb03ed42ea0dbde638821287a5e3,,False,
data/indian_saree/train/Banarasi/images76_jpg.rf.308d1cba4137ee83a4d47538304216ff.jpg,,indian_patterns,train,Banarasi,images76_jpg.rf.308d1cba4137ee83a4d47538304216ff.jpg,640,640,43738,61297ab2633e2d808b898ff98e018548,,False,
data/indian_saree/train/Banarasi/images76_jpg.rf.41c305a7c6c0a8ee8c9804cef77b91c3.jpg,,indian_patterns,train,Banarasi,images76_jpg.rf.41c305a7c6c0a8ee8c9804cef77b91c3.jpg,640,640,41666,ea7c0eed95efadd5e409603d9605f42c,,False,
data/indian_saree/train/Banarasi/images76_jpg.rf.fe76930b0949e7ddffa68e799984ad36.jpg,,indian_patterns,train,Banarasi,images76_jpg.rf.fe76930b0949e7ddffa68e799984ad36.jpg,640,640,40672,324f6eafe00d7dea8afb5d9a1d39581f,,False,
data/indian_saree/train/Banarasi/images84_jpg.rf.22060d4ce9588ac15d6663a240561d7b.jpg,,indian_patterns,train,Banarasi,images84_jpg.rf.22060d4ce9588ac15d6663a240561d7b.jpg,640,640,62169,1e060a4641fa9d0995191bdde48a5e6e,,False,
data/indian_saree/train/Banarasi/images84_jpg.rf.2467ae90a680a0762d5d687772a813ab.jpg,,indian_patterns,train,Banarasi,images84_jpg.rf.2467ae90a680a0762d5d687772a813ab.jpg,640,640,61434,6b2f977b27b7cd3a83dd740bb588601b,,False,
data/indian_saree/train/Banarasi/images84_jpg.rf.3ee9b85a794ced931cd764cc950c5f56.jpg,,indian_patterns,train,Banarasi,images84_jpg.rf.3ee9b85a794ced931cd764cc950c5f56.jpg,640,640,62402,2579353d8fe32db18ed48ed750d6fb9c,,False,
data/indian_saree/train/Banarasi/images85_jpg.rf.193a52b2f5381789d2c896e5705fbf3b.jpg,,indian_patterns,train,Banarasi,images85_jpg.rf.193a52b2f5381789d2c896e5705fbf3b.jpg,640,640,49946,4b6b7f56761a05539721878a12caf73d,,False,
data/indian_saree/train/Banarasi/images85_jpg.rf.95e89da6399b530c0f007038cfb9a1b3.jpg,,indian_patterns,train,Banarasi,images85_jpg.rf.95e89da6399b530c0f007038cfb9a1b3.jpg,640,640,54047,172713641fa61d2ae093006e3c1346c7,,False,
data/indian_saree/train/Banarasi/images85_jpg.rf.96bdc3e4aca68de289fbf332b1564e83.jpg,,indian_patterns,train,Banarasi,images85_jpg.rf.96bdc3e4aca68de289fbf332b1564e83.jpg,640,640,49365,90f054a473980c3ccf79a160f04a9c05,,False,
data/indian_saree/train/Banarasi/images90_jpg.rf.74b8996b953518e52f98dffee2720de4.jpg,,indian_patterns,train,Banarasi,images90_jpg.rf.74b8996b953518e52f98dffee2720de4.jpg,640,640,51992,c851cba148075aa0b15b3f76186a1591,,False,
data/indian_saree/train/Banarasi/images90_jpg.rf.ccc5c694bc34a07d1761138c5c3d1f2f.jpg,,indian_patterns,train,Banarasi,images90_jpg.rf.ccc5c694bc34a07d1761138c5c3d1f2f.jpg,640,640,48226,ccd6a3bd5b0a6873db9cf8a989f44fc7,,False,
data/indian_saree/train/Banarasi/images90_jpg.rf.de88121ec0e716d6c1fd4d97029df30c.jpg,,indian_patterns,train,Banarasi,images90_jpg.rf.de88121ec0e716d6c1fd4d97029df30c.jpg,640,640,48982,cc3b4a1cdae58e1b36c8a1ab723b9f63,,False,
data/indian_saree/train/Banarasi/images91_jpg.rf.13a85814f1707d66fd7dd432cf6101ec.jpg,,indian_patterns,train,Banarasi,images91_jpg.rf.13a85814f1707d66fd7dd432cf6101ec.jpg,640,640,53377,b475c03fae60d3fb811b52c02b21ee69,,False,
data/indian_saree/train/Banarasi/images91_jpg.rf.1e5377c180022989b5061175ec7dcc63.jpg,,indian_patterns,train,Banarasi,images91_jpg.rf.1e5377c180022989b5061175ec7dcc63.jpg,640,640,57412,0eb28174b03c8a0852ec167e9fa59da6,,False,
data/indian_saree/train/Banarasi/images91_jpg.rf.8296536a8d4c739c6a551a4ca5c6c6cd.jpg,,indian_patterns,train,Banarasi,images91_jpg.rf.8296536a8d4c739c6a551a4ca5c6c6cd.jpg,640,640,54312,e272ebb257f54a7a8528dcfcf663a514,,False,
data/indian_saree/train/Banarasi/images93_jpg.rf.310e3734b28ea3429654ff3cd362993f.jpg,,indian_patterns,train,Banarasi,images93_jpg.rf.310e3734b28ea3429654ff3cd362993f.jpg,640,640,72751,4d983bc39a454c487f121bcd37157914,,False,
data/indian_saree/train/Banarasi/images93_jpg.rf.cf404d9d1cae8e0605049a811cfcf52f.jpg,,indian_patterns,train,Banarasi,images93_jpg.rf.cf404d9d1cae8e0605049a811cfcf52f.jpg,640,640,76234,a14f5b742b83b34ac393aed4df1057e2,,False,
data/indian_saree/train/Banarasi/images93_jpg.rf.e71f4a9e0f1011e16dc9ebfe63cd6462.jpg,,indian_patterns,train,Banarasi,images93_jpg.rf.e71f4a9e0f1011e16dc9ebfe63cd6462.jpg,640,640,74710,93ac9564e27ff0f85da9af627d1d87ce,,False,
data/indian_saree/train/Banarasi/images94_jpg.rf.34d67919b3e960da326fac8d377b72d3.jpg,,indian_patterns,train,Banarasi,images94_jpg.rf.34d67919b3e960da326fac8d377b72d3.jpg,640,640,97519,ed2c13554d3f5ab8181250eb0d472976,,False,
data/indian_saree/train/Banarasi/images94_jpg.rf.8379ada56feea15b4748cc0d0ac4679c.jpg,,indian_patterns,train,Banarasi,images94_jpg.rf.8379ada56feea15b4748cc0d0ac4679c.jpg,640,640,100012,e1913b109c33f5feecc8704201978bfb,,False,
data/indian_saree/train/Banarasi/images94_jpg.rf.ea6dc8f314f1c19937cc27a9a2a91d53.jpg,,indian_patterns,train,Banarasi,images94_jpg.rf.ea6dc8f314f1c19937cc27a9a2a91d53.jpg,640,640,98872,660a486719bfd81eab344703c8b919e7,,False,
data/indian_saree/train/Banarasi/images95_jpg.rf.645c53773336bdeeed20c4c27c1985dd.jpg,,indian_patterns,train,Banarasi,images95_jpg.rf.645c53773336bdeeed20c4c27c1985dd.jpg,640,640,62994,93954bf872157ee7e2a92e5a7b424ce0,,False,
data/indian_saree/train/Banarasi/images95_jpg.rf.98568d79c3fd3c60bc860215c87af437.jpg,,indian_patterns,train,Banarasi,images95_jpg.rf.98568d79c3fd3c60bc860215c87af437.jpg,640,640,65742,25beefe8c22b404cc85387bf40a68d76,,False,
data/indian_saree/train/Banarasi/images95_jpg.rf.e4365a03d01bd3968b27f0dde3ba6d4b.jpg,,indian_patterns,train,Banarasi,images95_jpg.rf.e4365a03d01bd3968b27f0dde3ba6d4b.jpg,640,640,66512,023c8e85ac654fea15ad857df9563057,,False,
data/indian_saree/train/Banarasi/images96_jpg.rf.786b624de990a01d58ee317391d9dd78.jpg,,indian_patterns,train,Banarasi,images96_jpg.rf.786b624de990a01d58ee317391d9dd78.jpg,640,640,29874,08d8c2cf830ab03fb9c42b47df958e6e,,False,
data/indian_saree/train/Banarasi/images96_jpg.rf.c7f389207634134e533d2463034f8970.jpg,,indian_patterns,train,Banarasi,images96_jpg.rf.c7f389207634134e533d2463034f8970.jpg,640,640,35218,5679f8e8486335f63bbdcf0552cb473a,,False,
data/indian_saree/train/Banarasi/images96_jpg.rf.f94ed248697d4a945515dbac23287a44.jpg,,indian_patterns,train,Banarasi,images96_jpg.rf.f94ed248697d4a945515dbac23287a44.jpg,640,640,33434,f4344f7509396f30b345312ca5429419,,False,
data/indian_saree/train/Banarasi/images99_jpg.rf.416d1c94bb9a6b14bcb65949b7810774.jpg,,indian_patterns,train,Banarasi,images99_jpg.rf.416d1c94bb9a6b14bcb65949b7810774.jpg,640,640,58752,8957ed79e347d06e347effe7c3c71bd8,,False,
data/indian_saree/train/Banarasi/images99_jpg.rf.9d76929021fb7e3478d27504d273df70.jpg,,indian_patterns,train,Banarasi,images99_jpg.rf.9d76929021fb7e3478d27504d273df70.jpg,640,640,58113,ddff0a177bd0f214e3040dacdfad865c,,False,
data/indian_saree/train/Banarasi/images99_jpg.rf.fc64e4871eed1206368e1353e19c00e7.jpg,,indian_patterns,train,Banarasi,images99_jpg.rf.fc64e4871eed1206368e1353e19c00e7.jpg,640,640,55581,5990e06ebb223d1e0044521bd5ecebd5,,False,
data/indian_saree/train/Banarasi/images9_jpg.rf.4e6dfb01896238475c9b86c674934736.jpg,,indian_patterns,train,Banarasi,images9_jpg.rf.4e6dfb01896238475c9b86c674934736.jpg,640,640,81298,338f8b6a573ca8c1ce39a2c40125c473,,False,
data/indian_saree/train/Banarasi/images9_jpg.rf.6be764615c17aac3553c5f7c0eff76c4.jpg,,indian_patterns,train,Banarasi,images9_jpg.rf.6be764615c17aac3553c5f7c0eff76c4.jpg,640,640,79199,491b92e9936aef563c5a38be61793d35,,False,
data/indian_saree/train/Banarasi/images9_jpg.rf.ba6ae197a3b4667c5b8b4c054561346b.jpg,,indian_patterns,train,Banarasi,images9_jpg.rf.ba6ae197a3b4667c5b8b4c054561346b.jpg,640,640,82611,f57fd7cce720dedcda000b5b63b33352,,False,
data/indian_saree/train/Banarasi/images_jpg.rf.58fd062691164a9cf62321c83103fabc.jpg,,indian_patterns,train,Banarasi,images_jpg.rf.58fd062691164a9cf62321c83103fabc.jpg,640,640,69439,8805302d47b4f8dc8ef84b0c2e078c31,,False,
data/indian_saree/train/Banarasi/images_jpg.rf.5aa9b050a4b7a54bcb01217cbf66bab1.jpg,,indian_patterns,train,Banarasi,images_jpg.rf.5aa9b050a4b7a54bcb01217cbf66bab1.jpg,640,640,66959,099f28d55dd3aaa080f92b15e969a30d,,False,
data/indian_saree/train/Banarasi/images_jpg.rf.8c5b917074b278b1b9f6a1a139cf2235.jpg,,indian_patterns,train,Banarasi,images_jpg.rf.8c5b917074b278b1b9f6a1a139cf2235.jpg,640,640,67014,55a62606dd1bf7a020b1388dde2ba450,,False,
data/indian_saree/train/Banarasi/img-8790-500x500_jpg.rf.8bc7ee4d6da3863a6ec5a3d963abbf3c.jpg,,indian_patterns,train,Banarasi,img-8790-500x500_jpg.rf.8bc7ee4d6da3863a6ec5a3d963abbf3c.jpg,640,640,98758,75185db2c87f0a29bab943a48bcfed54,,False,
data/indian_saree/train/Banarasi/img-8790-500x500_jpg.rf.acfce184a6c0642a404956c9a297bc3c.jpg,,indian_patterns,train,Banarasi,img-8790-500x500_jpg.rf.acfce184a6c0642a404956c9a297bc3c.jpg,640,640,99988,cdbc5346a421a8597d1e1ace58e9595a,,False,
data/indian_saree/train/Banarasi/img-8790-500x500_jpg.rf.c2162c383c81bdd50cf7c1cf89c0da0c.jpg,,indian_patterns,train,Banarasi,img-8790-500x500_jpg.rf.c2162c383c81bdd50cf7c1cf89c0da0c.jpg,640,640,99195,d565324ee8e38c5374771c61cc8b5ba7,,False,
data/indian_saree/train/Banarasi/IMG_5624_656c29db-1574-4393-bcb6-4bb543f9ab58_jpg.rf.12485a369bf08a0dde2f04374fb1918d.jpg,,indian_patterns,train,Banarasi,IMG_5624_656c29db-1574-4393-bcb6-4bb543f9ab58_jpg.rf.12485a369bf08a0dde2f04374fb1918d.jpg,640,640,95560,f13b6d8e049c32ab0e155442683d6d8e,,False,
data/indian_saree/train/Banarasi/IMG_5624_656c29db-1574-4393-bcb6-4bb543f9ab58_jpg.rf.74ad3087ce67708360bce523b2f9c363.jpg,,indian_patterns,train,Banarasi,IMG_5624_656c29db-1574-4393-bcb6-4bb543f9ab58_jpg.rf.74ad3087ce67708360bce523b2f9c363.jpg,640,640,94480,b1524843c48443e44d5bb5f1bb783569,,False,
data/indian_saree/train/Banarasi/IMG_5624_656c29db-1574-4393-bcb6-4bb543f9ab58_jpg.rf.83a3872094d99ece43263605fdbeedf5.jpg,,indian_patterns,train,Banarasi,IMG_5624_656c29db-1574-4393-bcb6-4bb543f9ab58_jpg.rf.83a3872094d99ece43263605fdbeedf5.jpg,640,640,92863,8647b9ff1afb96ff503c14a0f7ab4da2,,False,
data/indian_saree/train/Banarasi/IMG_E3698_f2513aa9-054c-4113-9f4d-8cf1431b967a_jpg.rf.57919d8875ec8e268bf11a77bd97feb7.jpg,,indian_patterns,train,Banarasi,IMG_E3698_f2513aa9-054c-4113-9f4d-8cf1431b967a_jpg.rf.57919d8875ec8e268bf11a77bd97feb7.jpg,640,640,121707,d5aec4773eb97bb00875d9e2355edcd8,,False,
data/indian_saree/train/Banarasi/IMG_E3698_f2513aa9-054c-4113-9f4d-8cf1431b967a_jpg.rf.65e74f7c2e902b9fff32dcc0d96b146a.jpg,,indian_patterns,train,Banarasi,IMG_E3698_f2513aa9-054c-4113-9f4d-8cf1431b967a_jpg.rf.65e74f7c2e902b9fff32dcc0d96b146a.jpg,640,640,123517,0f139725553840fab2bd338b83431f37,,False,
data/indian_saree/train/Banarasi/IMG_E3698_f2513aa9-054c-4113-9f4d-8cf1431b967a_jpg.rf.8fd6a86c72dfaf1216a1a666a70ec65f.jpg,,indian_patterns,train,Banarasi,IMG_E3698_f2513aa9-054c-4113-9f4d-8cf1431b967a_jpg.rf.8fd6a86c72dfaf1216a1a666a70ec65f.jpg,640,640,123960,5fbc5000f8afc9450642dd64b09af4dd,,False,
data/indian_saree/train/Banarasi/IMG_E9610_2e0f7cd9-8c98-4cf9-8160-5825b57747c7_jpg.rf.3cc5187b7500e2f2c944332f553181aa.jpg,,indian_patterns,train,Banarasi,IMG_E9610_2e0f7cd9-8c98-4cf9-8160-5825b57747c7_jpg.rf.3cc5187b7500e2f2c944332f553181aa.jpg,640,640,163118,61dccb740a809560e8dbf6f2dcc0e22a,,False,
data/indian_saree/train/Banarasi/IMG_E9610_2e0f7cd9-8c98-4cf9-8160-5825b57747c7_jpg.rf.51dd2c3e139c89da68a3295c47a6ec25.jpg,,indian_patterns,train,Banarasi,IMG_E9610_2e0f7cd9-8c98-4cf9-8160-5825b57747c7_jpg.rf.51dd2c3e139c89da68a3295c47a6ec25.jpg,640,640,163867,15d4203eb7e888fbfdf55bba9ec2e0ef,,False,
data/indian_saree/train/Banarasi/IMG_E9610_2e0f7cd9-8c98-4cf9-8160-5825b57747c7_jpg.rf.c3f3da33f162254210779d63480df130.jpg,,indian_patterns,train,Banarasi,IMG_E9610_2e0f7cd9-8c98-4cf9-8160-5825b57747c7_jpg.rf.c3f3da33f162254210779d63480df130.jpg,640,640,164570,81a7b3b800bfa3167e2e7d1fe05e14fe,,False,
data/indian_saree/train/Banarasi/IMG_E9634_jpg.rf.9a903d5774d811e48572c0973dd9e9f2.jpg,,indian_patterns,train,Banarasi,IMG_E9634_jpg.rf.9a903d5774d811e48572c0973dd9e9f2.jpg,640,640,158243,52efc1203e60f32e75707f02f0417142,,False,
data/indian_saree/train/Banarasi/IMG_E9634_jpg.rf.edb4e0771bc5503970631d0d6aefd940.jpg,,indian_patterns,train,Banarasi,IMG_E9634_jpg.rf.edb4e0771bc5503970631d0d6aefd940.jpg,640,640,158542,74ecce633ab9e4940ceea8f8094f9406,,False,
data/indian_saree/train/Banarasi/IMG_E9634_jpg.rf.fff369ae0b900e506031d2762253cc8e.jpg,,indian_patterns,train,Banarasi,IMG_E9634_jpg.rf.fff369ae0b900e506031d2762253cc8e.jpg,640,640,159260,28b56b94a8bb168dab22ff134ecd06a4,,False,
data/indian_saree/train/Banarasi/khinkhwab-brocade-default-title-floral-banarasi-semi-silk-border-fabric-18023041761442_jpg.rf.276fdcaa97a7e39fbc1a2a70a27af390.jpg,,indian_patterns,train,Banarasi,khinkhwab-brocade-default-title-floral-banarasi-semi-silk-border-fabric-18023041761442_jpg.rf.276fdcaa97a7e39fbc1a2a70a27af390.jpg,640,640,104407,dd3756b705687c5cb06ec295dc1599f0,,False,
data/indian_saree/train/Banarasi/khinkhwab-brocade-default-title-floral-banarasi-semi-silk-border-fabric-18023041761442_jpg.rf.356f2d2929f1556550dcd2fc22f23eb3.jpg,,indian_patterns,train,Banarasi,khinkhwab-brocade-default-title-floral-banarasi-semi-silk-border-fabric-18023041761442_jpg.rf.356f2d2929f1556550dcd2fc22f23eb3.jpg,640,640,104424,6d48b765f0da2e7e403d6ccabcc22b1b,,False,
data/indian_saree/train/Banarasi/khinkhwab-brocade-default-title-floral-banarasi-semi-silk-border-fabric-18023041761442_jpg.rf.805db0e2c7d10d12fd136b3a653b811a.jpg,,indian_patterns,train,Banarasi,khinkhwab-brocade-default-title-floral-banarasi-semi-silk-border-fabric-18023041761442_jpg.rf.805db0e2c7d10d12fd136b3a653b811a.jpg,640,640,104700,982ef321ecfbd4e8a17858814cf10eeb,,False,
data/indian_saree/train/Banarasi/khinkhwab-brocade-default-title-red-banarasi-semi-silk-border-fabric-18022543130786_jpg.rf.1284a28a84ac375cec7a964f25c8fbf9.jpg,,indian_patterns,train,Banarasi,khinkhwab-brocade-default-title-red-banarasi-semi-silk-border-fabric-18022543130786_jpg.rf.1284a28a84ac375cec7a964f25c8fbf9.jpg,640,640,107095,aac828d62b99a40a3bd5048e89289a0c,red,False,
data/indian_saree/train/Banarasi/khinkhwab-brocade-default-title-red-banarasi-semi-silk-border-fabric-18022543130786_jpg.rf.356ff4284b67c500e953c1f8fdda4e58.jpg,,indian_patterns,train,Banarasi,khinkhwab-brocade-default-title-red-banarasi-semi-silk-border-fabric-18022543130786_jpg.rf.356ff4284b67c500e953c1f8fdda4e58.jpg,640,640,105623,44f3757e7f0b951fd34e3996edecd8a7,red,False,
data/indian_saree/train/Banarasi/khinkhwab-brocade-default-title-red-banarasi-semi-silk-border-fabric-18022543130786_jpg.rf.9fcbd09ca59ce14fd483a9522ee7bcfd.jpg,,indian_patterns,train,Banarasi,khinkhwab-brocade-default-title-red-banarasi-semi-silk-border-fabric-18022543130786_jpg.rf.9fcbd09ca59ce14fd483a9522ee7bcfd.jpg,640,640,106526,101ed21993ce9ea6f0abe8267959daf8,red,False,
data/indian_saree/train/Banarasi/Maroon_Handloom_Brocade_Fabric_FABN6285_1_jpg.rf.01ca03bc65f52c60cf78722e7953eeed.jpg,,indian_patterns,train,Banarasi,Maroon_Handloom_Brocade_Fabric_FABN6285_1_jpg.rf.01ca03bc65f52c60cf78722e7953eeed.jpg,640,640,121893,ffe6750308e2a51accc598addd621fb1,maroon,False,
data/indian_saree/train/Banarasi/Maroon_Handloom_Brocade_Fabric_FABN6285_1_jpg.rf.860d8511be3c9c92433f84cb5286c0a3.jpg,,indian_patterns,train,Banarasi,Maroon_Handloom_Brocade_Fabric_FABN6285_1_jpg.rf.860d8511be3c9c92433f84cb5286c0a3.jpg,640,640,122126,729cf2e8a76993cf2cdc8f2c339aa3b3,maroon,False,
data/indian_saree/train/Banarasi/Maroon_Handloom_Brocade_Fabric_FABN6285_1_jpg.rf.8c197f31bf09ceeecb9c6d667a987edb.jpg,,indian_patterns,train,Banarasi,Maroon_Handloom_Brocade_Fabric_FABN6285_1_jpg.rf.8c197f31bf09ceeecb9c6d667a987edb.jpg,640,640,120784,7ea3aac0ddc63661d15b025e92904a86,maroon,False,
data/indian_saree/train/Banarasi/Maroon_Handloom_Brocade_Fabric_FABN6285_4_jpg.rf.39841b0069195c6f8083c69a12dc3caf.jpg,,indian_patterns,train,Banarasi,Maroon_Handloom_Brocade_Fabric_FABN6285_4_jpg.rf.39841b0069195c6f8083c69a12dc3caf.jpg,640,640,155529,efb06daf471638bd46268b2eba35a8ff,maroon,False,
data/indian_saree/train/Banarasi/Maroon_Handloom_Brocade_Fabric_FABN6285_4_jpg.rf.902ca98c7646210de3495649869ff8eb.jpg,,indian_patterns,train,Banarasi,Maroon_Handloom_Brocade_Fabric_FABN6285_4_jpg.rf.902ca98c7646210de3495649869ff8eb.jpg,640,640,156500,15147dd857cb1cfd5d1612fb0ab061a2,maroon,False,
data/indian_saree/train/Banarasi/Maroon_Handloom_Brocade_Fabric_FABN6285_4_jpg.rf.b6c2bca260e20b1ba2cf13a535fbd7b3.jpg,,indian_patterns,train,Banarasi,Maroon_Handloom_Brocade_Fabric_FABN6285_4_jpg.rf.b6c2bca260e20b1ba2cf13a535fbd7b3.jpg,640,640,156376,4f1a0f9cdc188a048c9a59282830327a,maroon,False,
data/indian_saree/train/Banarasi/MG_0060_8b393798-e2f8-4237-bece-be74ba518a9c_jpg.rf.1d7821b9903c27c49187867b29b328f5.jpg,,indian_patterns,train,Banarasi,MG_0060_8b393798-e2f8-4237-bece-be74ba518a9c_jpg.rf.1d7821b9903c27c49187867b29b328f5.jpg,640,640,82770,b4d62275b25b07a9f51555175363407c,,False,
data/indian_saree/train/Banarasi/MG_0060_8b393798-e2f8-4237-bece-be74ba518a9c_jpg.rf.6664e7409cb1c3435f8d5af7aa0a8225.jpg,,indian_patterns,train,Banarasi,MG_0060_8b393798-e2f8-4237-bece-be74ba518a9c_jpg.rf.6664e7409cb1c3435f8d5af7aa0a8225.jpg,640,640,83164,8b8adceebb31bf3040fdb52a6993ec77,,False,
data/indian_saree/train/Banarasi/MG_0060_8b393798-e2f8-4237-bece-be74ba518a9c_jpg.rf.9b43ae1ea3be1add196d63ae8f5543f6.jpg,,indian_patterns,train,Banarasi,MG_0060_8b393798-e2f8-4237-bece-be74ba518a9c_jpg.rf.9b43ae1ea3be1add196d63ae8f5543f6.jpg,640,640,84484,f699985a837f6b4fcf2f06d79e2c6a67,,False,
data/indian_saree/train/Banarasi/MG_9603_jpg.rf.0cc2c3d231b84636669db186019b57ea.jpg,,indian_patterns,train,Banarasi,MG_9603_jpg.rf.0cc2c3d231b84636669db186019b57ea.jpg,640,640,105466,25693be280bada20c6984264699a67d6,,False,
data/indian_saree/train/Banarasi/MG_9603_jpg.rf.370a124ffc20aa23e476354ec16b6290.jpg,,indian_patterns,train,Banarasi,MG_9603_jpg.rf.370a124ffc20aa23e476354ec16b6290.jpg,640,640,105860,fa47793bd84a4ca2a8a70e9b9c9d8dc4,,False,
data/indian_saree/train/Banarasi/MG_9603_jpg.rf.48f8c5a9eca47e389e6eccfd38f713aa.jpg,,indian_patterns,train,Banarasi,MG_9603_jpg.rf.48f8c5a9eca47e389e6eccfd38f713aa.jpg,640,640,103199,568bd051d5eff8eb1cf54ffcc50daccb,,False,
data/indian_saree/train/Banarasi/Pink-and-Golden-Flower-Brocade-Banarasi-Fabric-8666_jpg.rf.04391cb605cef69dd1427b98609d1421.jpg,,indian_patterns,train,Banarasi,Pink-and-Golden-Flower-Brocade-Banarasi-Fabric-8666_jpg.rf.04391cb605cef69dd1427b98609d1421.jpg,640,640,95705,91b1cce05e2622ea0ab3379b9589299c,"gold,golden,pink",False,
data/indian_saree/train/Banarasi/Pink-and-Golden-Flower-Brocade-Banarasi-Fabric-8666_jpg.rf.3374159e08304a90b41f52e7d69d89fd.jpg,,indian_patterns,train,Banarasi,Pink-and-Golden-Flower-Brocade-Banarasi-Fabric-8666_jpg.rf.3374159e08304a90b41f52e7d69d89fd.jpg,640,640,94485,8d71e243d69ce1e28597df2dbd1ec690,"gold,golden,pink",False,
data/indian_saree/train/Banarasi/Pink-and-Golden-Flower-Brocade-Banarasi-Fabric-8666_jpg.rf.4cdea93a91e983c57d1be27a6b435ae0.jpg,,indian_patterns,train,Banarasi,Pink-and-Golden-Flower-Brocade-Banarasi-Fabric-8666_jpg.rf.4cdea93a91e983c57d1be27a6b435ae0.jpg,640,640,94374,1d6b3c6f6918b13b64a5cd4aca997212,"gold,golden,pink",False,
data/indian_saree/train/Banarasi/R-TSBR02037-CREATIVE_jpg.rf.97ffa9249605de59da27a5837aadebae.jpg,,indian_patterns,train,Banarasi,R-TSBR02037-CREATIVE_jpg.rf.97ffa9249605de59da27a5837aadebae.jpg,640,640,54901,9190a864bc9a86cc7e6b1dbe9028bca4,,False,
data/indian_saree/train/Banarasi/R-TSBR02037-CREATIVE_jpg.rf.a51d42d6c13eee12014713a76f579e48.jpg,,indian_patterns,train,Banarasi,R-TSBR02037-CREATIVE_jpg.rf.a51d42d6c13eee12014713a76f579e48.jpg,640,640,52892,2a95e9af7d9b5da8211e16019ff62e21,,False,
data/indian_saree/train/Banarasi/R-TSBR02037-CREATIVE_jpg.rf.a5626e85a7654d401d8d67d2f380c72b.jpg,,indian_patterns,train,Banarasi,R-TSBR02037-CREATIVE_jpg.rf.a5626e85a7654d401d8d67d2f380c72b.jpg,640,640,53215,0628c32abb541e18ed4c26dca3a4657d,,False,
data/indian_saree/train/Banarasi/Red-Golden-Kinkhab-Banarasi-Silk-Fabric-12009_jpg.rf.6496a4b56d8b02443aa6dd1693f1368b.jpg,,indian_patterns,train,Banarasi,Red-Golden-Kinkhab-Banarasi-Silk-Fabric-12009_jpg.rf.6496a4b56d8b02443aa6dd1693f1368b.jpg,640,640,147404,666af6b8b9080093e30588934702265f,"gold,golden,red",False,
data/indian_saree/train/Banarasi/Red-Golden-Kinkhab-Banarasi-Silk-Fabric-12009_jpg.rf.7f35851eb7ffc8f78d85f9355713baa3.jpg,,indian_patterns,train,Banarasi,Red-Golden-Kinkhab-Banarasi-Silk-Fabric-12009_jpg.rf.7f35851eb7ffc8f78d85f9355713baa3.jpg,640,640,146997,769bba1fbf64769871099508d8a3ae57,"gold,golden,red",False,
data/indian_saree/train/Banarasi/Red-Golden-Kinkhab-Banarasi-Silk-Fabric-12009_jpg.rf.db13a2d2e151a8995386a017a06be41b.jpg,,indian_patterns,train,Banarasi,Red-Golden-Kinkhab-Banarasi-Silk-Fabric-12009_jpg.rf.db13a2d2e151a8995386a017a06be41b.jpg,640,640,145385,d4044a4135ba8f21b83ebee2319be8c6,"gold,golden,red",False,
data/indian_saree/train/Banarasi/red-traditonal-banarasi-silk-brocade-fabric-2018415488-kfz42azv_jpg.rf.23279327685e1acfb64a0c358bad50cf.jpg,,indian_patterns,train,Banarasi,red-traditonal-banarasi-silk-brocade-fabric-2018415488-kfz42azv_jpg.rf.23279327685e1acfb64a0c358bad50cf.jpg,640,640,130696,4ef22907b96fc0cd94d1b261cdbaf282,red,False,
data/indian_saree/train/Banarasi/red-traditonal-banarasi-silk-brocade-fabric-2018415488-kfz42azv_jpg.rf.49c14c1349b1805657cb65fc8f0f5c0f.jpg,,indian_patterns,train,Banarasi,red-traditonal-banarasi-silk-brocade-fabric-2018415488-kfz42azv_jpg.rf.49c14c1349b1805657cb65fc8f0f5c0f.jpg,640,640,131712,af7ddfdd98f8b460df37d1874460a344,red,False,
data/indian_saree/train/Banarasi/red-traditonal-banarasi-silk-brocade-fabric-2018415488-kfz42azv_jpg.rf.a6075884ca3c3ce5a317314aa042cb08.jpg,,indian_patterns,train,Banarasi,red-traditonal-banarasi-silk-brocade-fabric-2018415488-kfz42azv_jpg.rf.a6075884ca3c3ce5a317314aa042cb08.jpg,640,640,132057,41d7269b1721763cde93d1cff5fd076c,red,False,
data/indian_saree/train/Banarasi/sf40490b-saroj-fabrics-banarasi-silk-fabric_jpg.rf.2728f6e3bbd8b3f300b4f511430833dd.jpg,,indian_patterns,train,Banarasi,sf40490b-saroj-fabrics-banarasi-silk-fabric_jpg.rf.2728f6e3bbd8b3f300b4f511430833dd.jpg,640,640,58589,f2152169d2684cfe7431a2cfd0a6881f,,False,
data/indian_saree/train/Banarasi/sf40490b-saroj-fabrics-banarasi-silk-fabric_jpg.rf.5375d52ac2a56524298a065fd93587d0.jpg,,indian_patterns,train,Banarasi,sf40490b-saroj-fabrics-banarasi-silk-fabric_jpg.rf.5375d52ac2a56524298a065fd93587d0.jpg,640,640,58189,c04669e5d1cd583f0d9279904e6eb1db,,False,
data/indian_saree/train/Banarasi/sf40490b-saroj-fabrics-banarasi-silk-fabric_jpg.rf.cacfa3867fe4dcace8b06722005f91d1.jpg,,indian_patterns,train,Banarasi,sf40490b-saroj-fabrics-banarasi-silk-fabric_jpg.rf.cacfa3867fe4dcace8b06722005f91d1.jpg,640,640,57588,b97ef3f2e926b1eaa17479e4f7e7551c,,False,
data/indian_saree/train/Banarasi/sf40595-saroj-fabrics-purple-banarasi-fabric_jpg.rf.555e3e96d5d2ad851e7a9516e0e9c43e.jpg,,indian_patterns,train,Banarasi,sf40595-saroj-fabrics-purple-banarasi-fabric_jpg.rf.555e3e96d5d2ad851e7a9516e0e9c43e.jpg,640,640,111563,79096d3d940b26570fa5e351191ee27e,purple,False,
data/indian_saree/train/Banarasi/sf40595-saroj-fabrics-purple-banarasi-fabric_jpg.rf.5a6dd56c4256b1a895437551f60fa47a.jpg,,indian_patterns,train,Banarasi,sf40595-saroj-fabrics-purple-banarasi-fabric_jpg.rf.5a6dd56c4256b1a895437551f60fa47a.jpg,640,640,110516,e67c783746ba0231bfb0626a9e883884,purple,False,
data/indian_saree/train/Banarasi/sf40595-saroj-fabrics-purple-banarasi-fabric_jpg.rf.f593782291de30e4585e773348321251.jpg,,indian_patterns,train,Banarasi,sf40595-saroj-fabrics-purple-banarasi-fabric_jpg.rf.f593782291de30e4585e773348321251.jpg,640,640,111728,4756459f21edd2730d13053748f224eb,purple,False,
data/indian_saree/train/Banarasi/sf40680-saroj-fabrics-pure-banarasi-fabric_jpg.rf.06d7eb6314385f9b48ec554a4031582a.jpg,,indian_patterns,train,Banarasi,sf40680-saroj-fabrics-pure-banarasi-fabric_jpg.rf.06d7eb6314385f9b48ec554a4031582a.jpg,640,640,104244,4d2bbcfb416c91b0ce5a3787abfbd3b1,,False,
data/indian_saree/train/Banarasi/sf40680-saroj-fabrics-pure-banarasi-fabric_jpg.rf.8cd8e0fdc6d98af7cb8707508bc4215e.jpg,,indian_patterns,train,Banarasi,sf40680-saroj-fabrics-pure-banarasi-fabric_jpg.rf.8cd8e0fdc6d98af7cb8707508bc4215e.jpg,640,640,105322,67302c0341c6cea8e25ec1de443f180a,,False,
data/indian_saree/train/Banarasi/sf40680-saroj-fabrics-pure-banarasi-fabric_jpg.rf.a8969afcfbae606c4746184bc00cbd1f.jpg,,indian_patterns,train,Banarasi,sf40680-saroj-fabrics-pure-banarasi-fabric_jpg.rf.a8969afcfbae606c4746184bc00cbd1f.jpg,640,640,104154,d3d7ba1782d0f8af78bac9b6d54cbbc2,,False,
data/indian_saree/train/Banarasi/sf40681-saroj-fabrics-pure-banarasi-fabric_jpg.rf.687d23c006dbb3e3123ccccc46424fe5.jpg,,indian_patterns,train,Banarasi,sf40681-saroj-fabrics-pure-banarasi-fabric_jpg.rf.687d23c006dbb3e3123ccccc46424fe5.jpg,640,640,118092,7f51040bb5f46d0afd67eafc56d18791,,False,
data/indian_saree/train/Banarasi/sf40681-saroj-fabrics-pure-banarasi-fabric_jpg.rf.d47131292824bfb921f9db2465237890.jpg,,indian_patterns,train,Banarasi,sf40681-saroj-fabrics-pure-banarasi-fabric_jpg.rf.d47131292824bfb921f9db2465237890.jpg,640,640,115761,3eed83eaa60a5d650e507d1689ac4815,,False,
data/indian_saree/train/Banarasi/sf40681-saroj-fabrics-pure-banarasi-fabric_jpg.rf.fd4ad4a51515a4c21bb48ceba5ff8c49.jpg,,indian_patterns,train,Banarasi,sf40681-saroj-fabrics-pure-banarasi-fabric_jpg.rf.fd4ad4a51515a4c21bb48ceba5ff8c49.jpg,640,640,115931,2362b5ac1fe0050fa88dbd8987cf71c7,,False,
data/indian_saree/train/Banarasi/sfj48245_jpg.rf.39a3025f98f27cfb03da805dd85f1bbb.jpg,,indian_patterns,train,Banarasi,sfj48245_jpg.rf.39a3025f98f27cfb03da805dd85f1bbb.jpg,640,640,73121,7f60dcc2bd28557a5d7079cb8108fa10,,False,
data/indian_saree/train/Banarasi/sfj48245_jpg.rf.7f49dc299e39790aad71f090d3c0f952.jpg,,indian_patterns,train,Banarasi,sfj48245_jpg.rf.7f49dc299e39790aad71f090d3c0f952.jpg,640,640,75032,d8bea45a3696e4a635bdd57e579282fd,,False,
data/indian_saree/train/Banarasi/sfj48245_jpg.rf.c73c1458e657197026ae63fea467597a.jpg,,indian_patterns,train,Banarasi,sfj48245_jpg.rf.c73c1458e657197026ae63fea467597a.jpg,640,640,74507,a0cc3859ceff52fae75802cf4a7ec4a7,,False,
data/indian_saree/train/Banarasi/sfk45002a-saroj-fabrics-banarasi-silk-fabric_jpg.rf.07421128ea92b98df201e6f308736518.jpg,,indian_patterns,train,Banarasi,sfk45002a-saroj-fabrics-banarasi-silk-fabric_jpg.rf.07421128ea92b98df201e6f308736518.jpg,640,640,71544,5485739d8dcc848ab16ac1b528b7db4d,,False,
data/indian_saree/train/Banarasi/sfk45002a-saroj-fabrics-banarasi-silk-fabric_jpg.rf.08dbaae4a62605d6756b1e504e4b3420.jpg,,indian_patterns,train,Banarasi,sfk45002a-saroj-fabrics-banarasi-silk-fabric_jpg.rf.08dbaae4a62605d6756b1e504e4b3420.jpg,640,640,70518,ad9cfe80deebb81facb7bb2c363f0e0e,,False,
data/indian_saree/train/Banarasi/sfk45002a-saroj-fabrics-banarasi-silk-fabric_jpg.rf.80c4804a8db145eecd443d9448248f4c.jpg,,indian_patterns,train,Banarasi,sfk45002a-saroj-fabrics-banarasi-silk-fabric_jpg.rf.80c4804a8db145eecd443d9448248f4c.jpg,640,640,70682,77b93e5e41896cbdea5a732a03323890,,False,
data/indian_saree/train/Banarasi/Sky-Blue-Golden-Kinkhab-Banarasi-Silk-Fabric-9331_jpg.rf.5d662ed8d02d926d6ffe341afe0b0ed5.jpg,,indian_patterns,train,Banarasi,Sky-Blue-Golden-Kinkhab-Banarasi-Silk-Fabric-9331_jpg.rf.5d662ed8d02d926d6ffe341afe0b0ed5.jpg,640,640,128080,3ac7bf798b62bfa9a24f85aaaa3474e8,"blue,gold,golden",False,
data/indian_saree/train/Banarasi/Sky-Blue-Golden-Kinkhab-Banarasi-Silk-Fabric-9331_jpg.rf.8f1592309a9ba54c0906eec0f7f01bdd.jpg,,indian_patterns,train,Banarasi,Sky-Blue-Golden-Kinkhab-Banarasi-Silk-Fabric-9331_jpg.rf.8f1592309a9ba54c0906eec0f7f01bdd.jpg,640,640,128581,4e429e9dde765741490daf29529066ec,"blue,gold,golden",False,
data/indian_saree/train/Banarasi/Sky-Blue-Golden-Kinkhab-Banarasi-Silk-Fabric-9331_jpg.rf.ca592aa4bbb9e0876b64b934dfa48c43.jpg,,indian_patterns,train,Banarasi,Sky-Blue-Golden-Kinkhab-Banarasi-Silk-Fabric-9331_jpg.rf.ca592aa4bbb9e0876b64b934dfa48c43.jpg,640,640,126442,9354016869c0b2547e39567ca3d4788f,"blue,gold,golden",False,
data/indian_saree/train/Banarasi/T256-PureKatanSilkBanarasiHandloomFabric-4721_1200x_jpg.rf.4680d39dbc182a546ce774800b038ff9.jpg,,indian_patterns,train,Banarasi,T256-PureKatanSilkBanarasiHandloomFabric-4721_1200x_jpg.rf.4680d39dbc182a546ce774800b038ff9.jpg,640,640,61395,78a53634bf70b368d629d6e468b8836e,,False,
data/indian_saree/train/Banarasi/T256-PureKatanSilkBanarasiHandloomFabric-4721_1200x_jpg.rf.4f729e9c8a28efd7c9216a2b32b0f03e.jpg,,indian_patterns,train,Banarasi,T256-PureKatanSilkBanarasiHandloomFabric-4721_1200x_jpg.rf.4f729e9c8a28efd7c9216a2b32b0f03e.jpg,640,640,64490,ecee15f050b9c36191c1bfcacbf62398,,False,
data/indian_saree/train/Banarasi/T256-PureKatanSilkBanarasiHandloomFabric-4721_1200x_jpg.rf.d5a13a3d3f45069d2e032735bc011340.jpg,,indian_patterns,train,Banarasi,T256-PureKatanSilkBanarasiHandloomFabric-4721_1200x_jpg.rf.d5a13a3d3f45069d2e032735bc011340.jpg,640,640,61402,22abd84f010f6fc7dd56a1283832e9fc,,False,
data/indian_saree/train/Banarasi/T310-PureSatinSilkBanarasiShikargahFabricDeepPurple-_5140_1200x_jpg.rf.05fd568b0e5a8a3c01df1625909d834b.jpg,,indian_patterns,train,Banarasi,T310-PureSatinSilkBanarasiShikargahFabricDeepPurple-_5140_1200x_jpg.rf.05fd568b0e5a8a3c01df1625909d834b.jpg,640,640,143605,b9bb3a5849468feecc9ab5bc6412f6e1,purple,False,
data/indian_saree/train/Banarasi/T310-PureSatinSilkBanarasiShikargahFabricDeepPurple-_5140_1200x_jpg.rf.deb740f7023b75ec8fae521b30ea91d7.jpg,,indian_patterns,train,Banarasi,T310-PureSatinSilkBanarasiShikargahFabricDeepPurple-_5140_1200x_jpg.rf.deb740f7023b75ec8fae521b30ea91d7.jpg,640,640,144210,f378c0f3e8dd5290c4ccca831b75bc95,purple,False,
data/indian_saree/train/Banarasi/T310-PureSatinSilkBanarasiShikargahFabricDeepPurple-_5140_1200x_jpg.rf.f4f9612504b7d64b1704d12ad8d1112f.jpg,,indian_patterns,train,Banarasi,T310-PureSatinSilkBanarasiShikargahFabricDeepPurple-_5140_1200x_jpg.rf.f4f9612504b7d64b1704d12ad8d1112f.jpg,640,640,143886,1146ba87888206ae20714d94da7e7597,purple,False,
data/indian_saree/train/Banarasi/T380-PureKatanSilkBanarasiHandloomFabricThaanYardageMaroon-9845_1200x_jpg.rf.3cce315d3049073f0707aa39b1467922.jpg,,indian_patterns,train,Banarasi,T380-PureKatanSilkBanarasiHandloomFabricThaanYardageMaroon-9845_1200x_jpg.rf.3cce315d3049073f0707aa39b1467922.jpg,640,640,135542,91e1448385ef5e07156624cb0e833012,maroon,False,
data/indian_saree/train/Banarasi/T380-PureKatanSilkBanarasiHandloomFabricThaanYardageMaroon-9845_1200x_jpg.rf.ca46776a1f468bcd3ed053efcba526b9.jpg,,indian_patterns,train,Banarasi,T380-PureKatanSilkBanarasiHandloomFabricThaanYardageMaroon-9845_1200x_jpg.rf.ca46776a1f468bcd3ed053efcba526b9.jpg,640,640,134153,1408619c9a57e975bec1184bc9d7fc46,maroon,False,
data/indian_saree/train/Banarasi/T380-PureKatanSilkBanarasiHandloomFabricThaanYardageMaroon-9845_1200x_jpg.rf.d3ea6acf903fa84c88c1472fa83b2586.jpg,,indian_patterns,train,Banarasi,T380-PureKatanSilkBanarasiHandloomFabricThaanYardageMaroon-9845_1200x_jpg.rf.d3ea6acf903fa84c88c1472fa83b2586.jpg,640,640,135206,a5966165f58c8dfcc116102f1d4b2f04,maroon,False,
data/indian_saree/train/Banarasi/T465-PureSatinSilkShikargahBanarasiFabricDarkGreen-4331_1200x_jpg.rf.5ca02482b2365ed003b4ae8937882587.jpg,,indian_patterns,train,Banarasi,T465-PureSatinSilkShikargahBanarasiFabricDarkGreen-4331_1200x_jpg.rf.5ca02482b2365ed003b4ae8937882587.jpg,640,640,150339,d2e157652654384d648cff6001a03693,green,False,
data/indian_saree/train/Banarasi/T465-PureSatinSilkShikargahBanarasiFabricDarkGreen-4331_1200x_jpg.rf.ecd9c0ae2d2082558c84058b71fef941.jpg,,indian_patterns,train,Banarasi,T465-PureSatinSilkShikargahBanarasiFabricDarkGreen-4331_1200x_jpg.rf.ecd9c0ae2d2082558c84058b71fef941.jpg,640,640,148985,d3c2b7c2c5df55d290e8c8f8c61fd247,green,False,
data/indian_saree/train/Banarasi/T465-PureSatinSilkShikargahBanarasiFabricDarkGreen-4331_1200x_jpg.rf.fdcaca9f9612a33285b79374c5d58cec.jpg,,indian_patterns,train,Banarasi,T465-PureSatinSilkShikargahBanarasiFabricDarkGreen-4331_1200x_jpg.rf.fdcaca9f9612a33285b79374c5d58cec.jpg,640,640,149888,e3c49f9f57163a204faf0229f9fd7984,green,False,
data/indian_saree/train/Bandhani/075A0970_2d452e62-cbfe-4291-a29d-c1fd59ba46fe_11zon_jpg.rf.54793da65c06e32dfba9d09ec315c10b.jpg,,indian_patterns,train,Bandhani,075A0970_2d452e62-cbfe-4291-a29d-c1fd59ba46fe_11zon_jpg.rf.54793da65c06e32dfba9d09ec315c10b.jpg,640,640,69580,c0b6979a563469552c7b4627c2207b1a,,False,
data/indian_saree/train/Bandhani/075A0970_2d452e62-cbfe-4291-a29d-c1fd59ba46fe_11zon_jpg.rf.dd49dd69b1df8a80199f651629f21d52.jpg,,indian_patterns,train,Bandhani,075A0970_2d452e62-cbfe-4291-a29d-c1fd59ba46fe_11zon_jpg.rf.dd49dd69b1df8a80199f651629f21d52.jpg,640,640,72112,1fb6ea3fa1435bf63698b6bf3717cca2,,False,
data/indian_saree/train/Bandhani/075A0970_2d452e62-cbfe-4291-a29d-c1fd59ba46fe_11zon_jpg.rf.fcb024a9c447489de1aadac54c260ef9.jpg,,indian_patterns,train,Bandhani,075A0970_2d452e62-cbfe-4291-a29d-c1fd59ba46fe_11zon_jpg.rf.fcb024a9c447489de1aadac54c260ef9.jpg,640,640,71929,e7bc99dd4f8102eb716bb5b019c89e25,,False,
data/indian_saree/train/Bandhani/1-43_jpg.rf.13358f73178dd75abd575ca870a7ee70.jpg,,indian_patterns,train,Bandhani,1-43_jpg.rf.13358f73178dd75abd575ca870a7ee70.jpg,640,640,68766,37ac411f77e671fa6cb54ab5cf0b83cb,,False,
data/indian_saree/train/Bandhani/1-43_jpg.rf.54a98f916616518ff853949822c79a61.jpg,,indian_patterns,train,Bandhani,1-43_jpg.rf.54a98f916616518ff853949822c79a61.jpg,640,640,68003,6a37e6cbb5933d88922df67773060b78,,False,
data/indian_saree/train/Bandhani/1-43_jpg.rf.8326af1c843d1d9c3f5557787cf8da5b.jpg,,indian_patterns,train,Bandhani,1-43_jpg.rf.8326af1c843d1d9c3f5557787cf8da5b.jpg,640,640,65288,01fac5e51adfbc9e983a39a273cb4335,,False,
data/indian_saree/train/Bandhani/100236239b-640x640_jpg.rf.16541fa28825cbbd41b4c2b68a9c434d.jpg,,indian_patterns,train,Bandhani,100236239b-640x640_jpg.rf.16541fa28825cbbd41b4c2b68a9c434d.jpg,640,640,42206,346001f578676e450382ba355332d58e,,False,
data/indian_saree/train/Bandhani/100236239b-640x640_jpg.rf.68da194f62eec620836d99aafe1e92aa.jpg,,indian_patterns,train,Bandhani,100236239b-640x640_jpg.rf.68da194f62eec620836d99aafe1e92aa.jpg,640,640,45761,f8f5b12daf73756dfcaaed97ba0cff14,,False,
data/indian_saree/train/Bandhani/100236239b-640x640_jpg.rf.d775dae6a9072482e9fa0ac569abb07a.jpg,,indian_patterns,train,Bandhani,100236239b-640x640_jpg.rf.d775dae6a9072482e9fa0ac569abb07a.jpg,640,640,44505,cf1d83a339a242baec8109e23dfaea82,,False,
data/indian_saree/train/Bandhani/100236239c-640x640_jpg.rf.3bc25abf2176112168996318b72db00a.jpg,,indian_patterns,train,Bandhani,100236239c-640x640_jpg.rf.3bc25abf2176112168996318b72db00a.jpg,640,640,49086,06a9bbbfea6367105b954e2bbc9e3d15,,False,
data/indian_saree/train/Bandhani/100236239c-640x640_jpg.rf.5c1fcd6bdca5c6e527e0e772763d5b2a.jpg,,indian_patterns,train,Bandhani,100236239c-640x640_jpg.rf.5c1fcd6bdca5c6e527e0e772763d5b2a.jpg,640,640,48710,e4dd3b5a92f0b8bee2e548d1542f80a6,,False,
data/indian_saree/train/Bandhani/100236239c-640x640_jpg.rf.7871435622d9d2b1bd2345d0e84a3d11.jpg,,indian_patterns,train,Bandhani,100236239c-640x640_jpg.rf.7871435622d9d2b1bd2345d0e84a3d11.jpg,640,640,49766,64c09be3fe92662a90617af52195a4d1,,False,
data/indian_saree/train/Bandhani/20210407_103036-480x480_jpg.rf.0edc4da9daa1694820add04d2e201a8c.jpg,,indian_patterns,train,Bandhani,20210407_103036-480x480_jpg.rf.0edc4da9daa1694820add04d2e201a8c.jpg,640,640,75224,a81fde62ce0f377cf2d70045e7d47dc9,,True,dup_0000
data/indian_saree/train/Bandhani/20210407_103036-480x480_jpg.rf.92f83d9aaf59296fb89fe59689a46491.jpg,,indian_patterns,train,Bandhani,20210407_103036-480x480_jpg.rf.92f83d9aaf59296fb89fe59689a46491.jpg,640,640,75224,a81fde62ce0f377cf2d70045e7d47dc9,,True,dup_0000
data/indian_saree/train/Bandhani/20210407_103036-480x480_jpg.rf.d02191fc1e5e8d190adac73f57ba060c.jpg,,indian_patterns,train,Bandhani,20210407_103036-480x480_jpg.rf.d02191fc1e5e8d190adac73f57ba060c.jpg,640,640,78365,1b298693a3214d6e5dcc6bde9dea41fc,,False,
data/indian_saree/train/Bandhani/20211105-170537_jpg.rf.adf4521e7573daa190eadbe29983a08e.jpg,,indian_patterns,train,Bandhani,20211105-170537_jpg.rf.adf4521e7573daa190eadbe29983a08e.jpg,640,640,91391,54d0596cdd56f7f77311e04120ee4071,,False,
data/indian_saree/train/Bandhani/20211105-170537_jpg.rf.d29c28d003c8f0ba47c9998376122d1a.jpg,,indian_patterns,train,Bandhani,20211105-170537_jpg.rf.d29c28d003c8f0ba47c9998376122d1a.jpg,640,640,92019,e5458fa5ae7b9855761b9a0b034effb4,,False,
data/indian_saree/train/Bandhani/20211105-170537_jpg.rf.f60b2d217bf26ed148624545ea3c77f4.jpg,,indian_patterns,train,Bandhani,20211105-170537_jpg.rf.f60b2d217bf26ed148624545ea3c77f4.jpg,640,640,93779,2509f0ef7aad45e61b5599fa7b721d9e,,False,
data/indian_saree/train/Bandhani/20211105-171444-500x500_jpg.rf.1cff7dba3acecfb62aa03059bdeb4a95.jpg,,indian_patterns,train,Bandhani,20211105-171444-500x500_jpg.rf.1cff7dba3acecfb62aa03059bdeb4a95.jpg,640,640,72507,b1cc6712f3dc7e986bedb93ef8db75f6,,False,
data/indian_saree/train/Bandhani/20211105-171444-500x500_jpg.rf.5190d8dd3f14ddee6a3647c3a468bf78.jpg,,indian_patterns,train,Bandhani,20211105-171444-500x500_jpg.rf.5190d8dd3f14ddee6a3647c3a468bf78.jpg,640,640,70754,365bf5c3dcf9086f3dea3219bcd510de,,False,
data/indian_saree/train/Bandhani/20211105-171444-500x500_jpg.rf.e1a9d1d33126830ab6bdf2d1f1b72137.jpg,,indian_patterns,train,Bandhani,20211105-171444-500x500_jpg.rf.e1a9d1d33126830ab6bdf2d1f1b72137.jpg,640,640,69416,0cbbb7e7dc83ec39990bf193de49e584,,False,
data/indian_saree/train/Bandhani/20230816_173457-640x640_jpg.rf.12235806aa9c80cd29cf4f08964a4b71.jpg,,indian_patterns,train,Bandhani,20230816_173457-640x640_jpg.rf.12235806aa9c80cd29cf4f08964a4b71.jpg,640,640,87431,66b6ef2ce0ce36ed84a1c0ab7323c3a7,,False,
data/indian_saree/train/Bandhani/20230816_173457-640x640_jpg.rf.f260187b1c9d95d22f2720d4b5b95438.jpg,,indian_patterns,train,Bandhani,20230816_173457-640x640_jpg.rf.f260187b1c9d95d22f2720d4b5b95438.jpg,640,640,89805,72420d303a3f1f8874a9bf6e9d1d2fd2,,False,
data/indian_saree/train/Bandhani/20230816_173457-640x640_jpg.rf.f9c6d731cb62e0ab2de1e808075dfdfd.jpg,,indian_patterns,train,Bandhani,20230816_173457-640x640_jpg.rf.f9c6d731cb62e0ab2de1e808075dfdfd.jpg,640,640,87525,d58b8b033b391e855e5765f65a03ef18,,False,
data/indian_saree/train/Bandhani/2024-indian-premier-league-final-6753651837110502-3-shs_png.rf.ba85437ea2294870de63bfd5fc1dcb20.jpg,,indian_patterns,train,Bandhani,2024-indian-premier-league-final-6753651837110502-3-shs_png.rf.ba85437ea2294870de63bfd5fc1dcb20.jpg,640,640,29862,5758cec5f204e4f302bd153cfab1234e,,False,
data/indian_saree/train/Bandhani/2024-indian-premier-league-final-6753651837110502-3-shs_png.rf.e6e729f89849bde6bef9869a3b402ae3.jpg,,indian_patterns,train,Bandhani,2024-indian-premier-league-final-6753651837110502-3-shs_png.rf.e6e729f89849bde6bef9869a3b402ae3.jpg,640,640,31726,9e3b858a236b8ef215044474111d9a9b,,False,
data/indian_saree/train/Bandhani/2024-indian-premier-league-final-6753651837110502-3-shs_png.rf.e8cdbbc80a5927360bdc36984f4269a7.jpg,,indian_patterns,train,Bandhani,2024-indian-premier-league-final-6753651837110502-3-shs_png.rf.e8cdbbc80a5927360bdc36984f4269a7.jpg,640,640,29444,3c06f42b31c51f7fa0a626889130d3ed,,False,
data/indian_saree/train/Bandhani/20264922_681993195338160_2510720478045997098_n_5859e801-85b1-4051-b103-443e9d601a81_jpg.rf.5963542610c9c78861bc1a01f8b797c3.jpg,,indian_patterns,train,Bandhani,20264922_681993195338160_2510720478045997098_n_5859e801-85b1-4051-b103-443e9d601a81_jpg.rf.5963542610c9c78861bc1a01f8b797c3.jpg,640,640,45246,401357422e2e578c2dcf44d3f2ec46a8,,False,
data/indian_saree/train/Bandhani/20264922_681993195338160_2510720478045997098_n_5859e801-85b1-4051-b103-443e9d601a81_jpg.rf.73864f028b69797dabd3748614e2a2dd.jpg,,indian_patterns,train,Bandhani,20264922_681993195338160_2510720478045997098_n_5859e801-85b1-4051-b103-443e9d601a81_jpg.rf.73864f028b69797dabd3748614e2a2dd.jpg,640,640,45551,45f33f23126b8066c24e45e302ce5238,,False,
data/indian_saree/train/Bandhani/20264922_681993195338160_2510720478045997098_n_5859e801-85b1-4051-b103-443e9d601a81_jpg.rf.fd0281e7f040e8ff978b6be5339cd64e.jpg,,indian_patterns,train,Bandhani,20264922_681993195338160_2510720478045997098_n_5859e801-85b1-4051-b103-443e9d601a81_jpg.rf.fd0281e7f040e8ff978b6be5339cd64e.jpg,640,640,43273,1c7c06375140c583f323516bd7dfa204,,False,
data/indian_saree/train/Bandhani/31002422-A_61fa5323-606c-4d92-a718-f1a666feb333_jpg.rf.06c247518a40f0d2fc97416a5aaab443.jpg,,indian_patterns,train,Bandhani,31002422-A_61fa5323-606c-4d92-a718-f1a666feb333_jpg.rf.06c247518a40f0d2fc97416a5aaab443.jpg,640,640,62207,6baf9609528e095c502dd8973c2641f8,,False,
data/indian_saree/train/Bandhani/31002422-A_61fa5323-606c-4d92-a718-f1a666feb333_jpg.rf.49774d0579f0c8b96768002b9983cab8.jpg,,indian_patterns,train,Bandhani,31002422-A_61fa5323-606c-4d92-a718-f1a666feb333_jpg.rf.49774d0579f0c8b96768002b9983cab8.jpg,640,640,64628,3151a03476c530f24a2bd5670171dd9e,,False,
data/indian_saree/train/Bandhani/31002422-A_61fa5323-606c-4d92-a718-f1a666feb333_jpg.rf.c244c99d52e7c1bf0bebecc34b6b6cf3.jpg,,indian_patterns,train,Bandhani,31002422-A_61fa5323-606c-4d92-a718-f1a666feb333_jpg.rf.c244c99d52e7c1bf0bebecc34b6b6cf3.jpg,640,640,61962,ae4a8f678890296e920bfde82e183397,,False,
data/indian_saree/train/Bandhani/3232592122_jpg.rf.040083a8401153246c1a05b7bac3768a.jpg,,indian_patterns,train,Bandhani,3232592122_jpg.rf.040083a8401153246c1a05b7bac3768a.jpg,640,640,107890,e5b55d50cf543a0d3751c8a557038a93,,False,
data/indian_saree/train/Bandhani/3232592122_jpg.rf.1c30b34aa43a164100dbf87dbf548366.jpg,,indian_patterns,train,Bandhani,3232592122_jpg.rf.1c30b34aa43a164100dbf87dbf548366.jpg,640,640,105432,5188dedb4a655c63ab391dbfde37ed53,,False,
data/indian_saree/train/Bandhani/3232592122_jpg.rf.c48e52bff6b8ff17920722f2b5bf6df7.jpg,,indian_patterns,train,Bandhani,3232592122_jpg.rf.c48e52bff6b8ff17920722f2b5bf6df7.jpg,640,640,105956,42a5bab6e02810fe7fe1962dc24b01e1,,False,
data/indian_saree/train/Bandhani/51dCYkIEadL-_AC_UY1100__jpg.rf.a08863bab316009399776352574b35af.jpg,,indian_patterns,train,Bandhani,51dCYkIEadL-_AC_UY1100__jpg.rf.a08863bab316009399776352574b35af.jpg,640,640,40593,90c2de082807065b227c47dfa78ff2da,,False,
data/indian_saree/train/Bandhani/51dCYkIEadL-_AC_UY1100__jpg.rf.a7b051915e32d8fd19b77e12167f9640.jpg,,indian_patterns,train,Bandhani,51dCYkIEadL-_AC_UY1100__jpg.rf.a7b051915e32d8fd19b77e12167f9640.jpg,640,640,39820,dea31ea60c2129730f60f55ec694a6ed,,False,
data/indian_saree/train/Bandhani/51dCYkIEadL-_AC_UY1100__jpg.rf.d2d8dd47c127871b0a1fb6336dd9e0e3.jpg,,indian_patterns,train,Bandhani,51dCYkIEadL-_AC_UY1100__jpg.rf.d2d8dd47c127871b0a1fb6336dd9e0e3.jpg,640,640,43012,6de1bf6ba5fdb78b4570a0efd6c003e6,,False,
data/indian_saree/train/Bandhani/5469_jpg.rf.1e8f9b95f3daaeb7cf82c2fb01f74c28.jpg,,indian_patterns,train,Bandhani,5469_jpg.rf.1e8f9b95f3daaeb7cf82c2fb01f74c28.jpg,640,640,87540,4bf858a55e8e6436d52a2f60e7119ff7,,False,
data/indian_saree/train/Bandhani/5469_jpg.rf.5a2e0de824c0dde22b329fbb8357bbbf.jpg,,indian_patterns,train,Bandhani,5469_jpg.rf.5a2e0de824c0dde22b329fbb8357bbbf.jpg,640,640,88299,0e2c6ac3e26c1613199790475f062d3f,,False,
data/indian_saree/train/Bandhani/5469_jpg.rf.91a8a3603545c9244b86a9b822947fc3.jpg,,indian_patterns,train,Bandhani,5469_jpg.rf.91a8a3603545c9244b86a9b822947fc3.jpg,640,640,88512,6cda848901b628b309ad197e6b6aaaf3,,False,
data/indian_saree/train/Bandhani/745aed2f18112fccd9dd90962d9241c5_jpg.rf.73bc31a4ce90b6c56990e6f767b6fd75.jpg,,indian_patterns,train,Bandhani,745aed2f18112fccd9dd90962d9241c5_jpg.rf.73bc31a4ce90b6c56990e6f767b6fd75.jpg,640,640,106404,04ee180e358d36cf4b3c7dd2aeddfa1d,,False,
data/indian_saree/train/Bandhani/745aed2f18112fccd9dd90962d9241c5_jpg.rf.7caab0c089b9c50b800ac47c8e2f518e.jpg,,indian_patterns,train,Bandhani,745aed2f18112fccd9dd90962d9241c5_jpg.rf.7caab0c089b9c50b800ac47c8e2f518e.jpg,640,640,104324,41dd074944327bae79f1eb4c5f5f39e5,,False,
data/indian_saree/train/Bandhani/745aed2f18112fccd9dd90962d9241c5_jpg.rf.f2d5ba6049aed828ecb98e31b9fa86be.jpg,,indian_patterns,train,Bandhani,745aed2f18112fccd9dd90962d9241c5_jpg.rf.f2d5ba6049aed828ecb98e31b9fa86be.jpg,640,640,104212,bcbd9d9b7d5544af64cc5c6c3c9975fb,,False,
data/indian_saree/train/Bandhani/7f8e34e356d38bf95a64bf46fcc1288f_jpg.rf.6d195989a63c0a5eacaf16c3b38d257d.jpg,,indian_patterns,train,Bandhani,7f8e34e356d38bf95a64bf46fcc1288f_jpg.rf.6d195989a63c0a5eacaf16c3b38d257d.jpg,640,640,60842,b37f104aa5a4c04da1d436aa3d6984df,,False,
data/indian_saree/train/Bandhani/7f8e34e356d38bf95a64bf46fcc1288f_jpg.rf.ad33ec934164b1da533fb40ddac1ccd7.jpg,,indian_patterns,train,Bandhani,7f8e34e356d38bf95a64bf46fcc1288f_jpg.rf.ad33ec934164b1da533fb40ddac1ccd7.jpg,640,640,60837,422c12fcb64b11ee927d398c45c68c25,,False,
data/indian_saree/train/Bandhani/7f8e34e356d38bf95a64bf46fcc1288f_jpg.rf.ea8e66f3b86744590a00481b46df4369.jpg,,indian_patterns,train,Bandhani,7f8e34e356d38bf95a64bf46fcc1288f_jpg.rf.ea8e66f3b86744590a00481b46df4369.jpg,640,640,60477,e89db36595cd2ae13906ca64a5288674,,False,
data/indian_saree/train/Bandhani/91kF-DSPhcL-_AC_UF8941000_QL80__jpg.rf.45a37811cac1c84c7987c4c7d906245b.jpg,,indian_patterns,train,Bandhani,91kF-DSPhcL-_AC_UF8941000_QL80__jpg.rf.45a37811cac1c84c7987c4c7d906245b.jpg,640,640,115502,a50667cf8c833430330accbe2dd19040,,False,
data/indian_saree/train/Bandhani/91kF-DSPhcL-_AC_UF8941000_QL80__jpg.rf.dad6cdfc1761bd54f6eb154371c9ef55.jpg,,indian_patterns,train,Bandhani,91kF-DSPhcL-_AC_UF8941000_QL80__jpg.rf.dad6cdfc1761bd54f6eb154371c9ef55.jpg,640,640,112958,a45a2fc297b34898c88cce3002751a28,,False,
data/indian_saree/train/Bandhani/91kF-DSPhcL-_AC_UF8941000_QL80__jpg.rf.fb4cb9bdd755e9891606f2d38ad008ae.jpg,,indian_patterns,train,Bandhani,91kF-DSPhcL-_AC_UF8941000_QL80__jpg.rf.fb4cb9bdd755e9891606f2d38ad008ae.jpg,640,640,115522,2df2fdf8af8fe008b6c4d95d44bc1c0c,,False,
data/indian_saree/train/Bandhani/9474F6_1_600x_jpg.rf.607a1a359ac338f961b4a345685827e5.jpg,,indian_patterns,train,Bandhani,9474F6_1_600x_jpg.rf.607a1a359ac338f961b4a345685827e5.jpg,640,640,144306,313969597cab17359f6ad644d23ff07a,,False,
data/indian_saree/train/Bandhani/9474F6_1_600x_jpg.rf.a6db7dd3397b3ae843059f3141c0c4e9.jpg,,indian_patterns,train,Bandhani,9474F6_1_600x_jpg.rf.a6db7dd3397b3ae843059f3141c0c4e9.jpg,640,640,146052,0108867f2b91abbd8cadff7afb0bffcf,,False,
data/indian_saree/train/Bandhani/9474F6_1_600x_jpg.rf.c20663981982f8de7bcbcae1b00921ec.jpg,,indian_patterns,train,Bandhani,9474F6_1_600x_jpg.rf.c20663981982f8de7bcbcae1b00921ec.jpg,640,640,144947,bfa29f22f5e4e77e59bdd86638e32381,,False,
data/indian_saree/train/Bandhani/B-08411_0b38d9b9-61f4-463d-82fd-2e507c9c7279_jpg.rf.2d12bf04b883c18c0c998f8edb1f4494.jpg,,indian_patterns,train,Bandhani,B-08411_0b38d9b9-61f4-463d-82fd-2e507c9c7279_jpg.rf.2d12bf04b883c18c0c998f8edb1f4494.jpg,640,640,58466,1451402f2dfabf792b22ea0d4fecafff,,False,
data/indian_saree/train/Bandhani/B-08411_0b38d9b9-61f4-463d-82fd-2e507c9c7279_jpg.rf.4223542bd42f4dde2541c94d2955f312.jpg,,indian_patterns,train,Bandhani,B-08411_0b38d9b9-61f4-463d-82fd-2e507c9c7279_jpg.rf.4223542bd42f4dde2541c94d2955f312.jpg,640,640,57793,6f2c6a2019addc9b409264214145044d,,False,
data/indian_saree/train/Bandhani/B-08411_0b38d9b9-61f4-463d-82fd-2e507c9c7279_jpg.rf.ea152fc15ae3602b1df5bf170334b812.jpg,,indian_patterns,train,Bandhani,B-08411_0b38d9b9-61f4-463d-82fd-2e507c9c7279_jpg.rf.ea152fc15ae3602b1df5bf170334b812.jpg,640,640,58631,939189bcc43660fcd5e0fa8639b3c00d,,False,
data/indian_saree/train/Bandhani/B-09760_jpg.rf.b1c61d4b2ff1ffd2d35725cb6fba0b65.jpg,,indian_patterns,train,Bandhani,B-09760_jpg.rf.b1c61d4b2ff1ffd2d35725cb6fba0b65.jpg,640,640,80690,8d2bc3f77b380d6a8a14082a41b9ef00,,False,
data/indian_saree/train/Bandhani/B-09760_jpg.rf.b7f71f0ad6a0e3021068f108241a056d.jpg,,indian_patterns,train,Bandhani,B-09760_jpg.rf.b7f71f0ad6a0e3021068f108241a056d.jpg,640,640,78970,b1b4e401af96577a43ab131aec50a285,,False,
data/indian_saree/train/Bandhani/B-09760_jpg.rf.c5c502529eac4f2c77d24528191319ac.jpg,,indian_patterns,train,Bandhani,B-09760_jpg.rf.c5c502529eac4f2c77d24528191319ac.jpg,640,640,78998,c590ff46ac6b3636906c2e0de85e54eb,,False,
data/indian_saree/train/Bandhani/B-09762_jpg.rf.4a7d6739e2c6f69741127c0ee3e2c18a.jpg,,indian_patterns,train,Bandhani,B-09762_jpg.rf.4a7d6739e2c6f69741127c0ee3e2c18a.jpg,640,640,103197,7596b6702bd0d8076123857834dbc4ce,,False,
data/indian_saree/train/Bandhani/B-09762_jpg.rf.723494f1f2ccbff22e3023c887057767.jpg,,indian_patterns,train,Bandhani,B-09762_jpg.rf.723494f1f2ccbff22e3023c887057767.jpg,640,640,103332,e895e4f676b45cf715472b89496ccef7,,False,
data/indian_saree/train/Bandhani/B-09762_jpg.rf.de2ffa36c0c3b1c2d3e1fc95c7b18f22.jpg,,indian_patterns,train,Bandhani,B-09762_jpg.rf.de2ffa36c0c3b1c2d3e1fc95c7b18f22.jpg,640,640,102296,5f3d01a3e25b8a56034046eb3650c1ee,,False,
data/indian_saree/train/Bandhani/bandhani-bandhej-tie-dye-tie-dyeing-textile-fabrics-cloth-rajasthan-ET0WC6_jpg.rf.03497850fce4c68b8369756ec8a8a0a7.jpg,,indian_patterns,train,Bandhani,bandhani-bandhej-tie-dye-tie-dyeing-textile-fabrics-cloth-rajasthan-ET0WC6_jpg.rf.03497850fce4c68b8369756ec8a8a0a7.jpg,640,640,139205,464da2e4c49a5e473276616f92c6849e,,False,
data/indian_saree/train/Bandhani/bandhani-bandhej-tie-dye-tie-dyeing-textile-fabrics-cloth-rajasthan-ET0WC6_jpg.rf.72e4814ab1454b263a8f753934143af2.jpg,,indian_patterns,train,Bandhani,bandhani-bandhej-tie-dye-tie-dyeing-textile-fabrics-cloth-rajasthan-ET0WC6_jpg.rf.72e4814ab1454b263a8f753934143af2.jpg,640,640,139269,d29e080555d4d5b0f81551c081373ba8,,False,
data/indian_saree/train/Bandhani/bandhani-bandhej-tie-dye-tie-dyeing-textile-fabrics-cloth-rajasthan-ET0WC6_jpg.rf.bd74d06a5daa8d8a23a4c9b53500e615.jpg,,indian_patterns,train,Bandhani,bandhani-bandhej-tie-dye-tie-dyeing-textile-fabrics-cloth-rajasthan-ET0WC6_jpg.rf.bd74d06a5daa8d8a23a4c9b53500e615.jpg,640,640,139572,7dffdd934d40d9541a3aab63f4d30c01,,False,
data/indian_saree/train/Bandhani/Bandhani-Hand-Block-Print-Crafting-Cotton-Fabric-TS-FB-461-1_jpg.rf.34042885b80ed87133129fc7c8fd68a1.jpg,,indian_patterns,train,Bandhani,Bandhani-Hand-Block-Print-Crafting-Cotton-Fabric-TS-FB-461-1_jpg.rf.34042885b80ed87133129fc7c8fd68a1.jpg,640,640,75112,e5eabc9b70a3e4ca597a59809a39d435,,False,
data/indian_saree/train/Bandhani/Bandhani-Hand-Block-Print-Crafting-Cotton-Fabric-TS-FB-461-1_jpg.rf.815325f7154a258757fee9a6e0b99df7.jpg,,indian_patterns,train,Bandhani,Bandhani-Hand-Block-Print-Crafting-Cotton-Fabric-TS-FB-461-1_jpg.rf.815325f7154a258757fee9a6e0b99df7.jpg,640,640,78011,39f6a68aa29a4f82e744d0ead3e3477d,,False,
data/indian_saree/train/Bandhani/Bandhani-Hand-Block-Print-Crafting-Cotton-Fabric-TS-FB-461-1_jpg.rf.8beb6067e51917ca1d2eada8e54cbc12.jpg,,indian_patterns,train,Bandhani,Bandhani-Hand-Block-Print-Crafting-Cotton-Fabric-TS-FB-461-1_jpg.rf.8beb6067e51917ca1d2eada8e54cbc12.jpg,640,640,76102,0e520162c8a0eda4d6360efe22c6fc71,,False,
data/indian_saree/train/Bandhani/Bandhani-Hand-Block-Print-Crafting-Cotton-Fabric-TS-FB-461_jpg.rf.7f7a3263d7cfd1c8f9ef4772510385e1.jpg,,indian_patterns,train,Bandhani,Bandhani-Hand-Block-Print-Crafting-Cotton-Fabric-TS-FB-461_jpg.rf.7f7a3263d7cfd1c8f9ef4772510385e1.jpg,640,640,96100,e094827d9b80abc13e11f54cdde8d0f2,,False,
data/indian_saree/train/Bandhani/Bandhani-Hand-Block-Print-Crafting-Cotton-Fabric-TS-FB-461_jpg.rf.bab4501ac92ac93e97f28a6d5aff8b66.jpg,,indian_patterns,train,Bandhani,Bandhani-Hand-Block-Print-Crafting-Cotton-Fabric-TS-FB-461_jpg.rf.bab4501ac92ac93e97f28a6d5aff8b66.jpg,640,640,95053,0a976563d92599d84670fb8a2fb6d95e,,False,
data/indian_saree/train/Bandhani/Bandhani-Hand-Block-Print-Crafting-Cotton-Fabric-TS-FB-461_jpg.rf.c8e9b73e793d0324241617cf2861c734.jpg,,indian_patterns,train,Bandhani,Bandhani-Hand-Block-Print-Crafting-Cotton-Fabric-TS-FB-461_jpg.rf.c8e9b73e793d0324241617cf2861c734.jpg,640,640,97846,2c577ca64cbf3bfabfcabaae58580e85,,False,
data/indian_saree/train/Bandhani/bandhani-print-georgette-fabric_jpg.rf.3b53f7eaebd650cea6aa377c6937fd91.jpg,,indian_patterns,train,Bandhani,bandhani-print-georgette-fabric_jpg.rf.3b53f7eaebd650cea6aa377c6937fd91.jpg,640,640,70920,999317e6b9e052ff7f354e980993a0bf,,False,
data/indian_saree/train/Bandhani/bandhani-print-georgette-fabric_jpg.rf.6c7aef7daf9291e0b3bd2cd49d623801.jpg,,indian_patterns,train,Bandhani,bandhani-print-georgette-fabric_jpg.rf.6c7aef7daf9291e0b3bd2cd49d623801.jpg,640,640,68256,0a59911fcb54b811c405d52bce1b5463,,False,
data/indian_saree/train/Bandhani/bandhani-print-georgette-fabric_jpg.rf.bb20737600fda6889b076bb9d4135c8c.jpg,,indian_patterns,train,Bandhani,bandhani-print-georgette-fabric_jpg.rf.bb20737600fda6889b076bb9d4135c8c.jpg,640,640,69966,c90e967654aec6e370d4086a67496078,,False,
data/indian_saree/train/Bandhani/bandhani-print-rayon-fabric-full_jpg.rf.0ca3b97fa0fa320cb43cc6b1c68e1676.jpg,,indian_patterns,train,Bandhani,bandhani-print-rayon-fabric-full_jpg.rf.0ca3b97fa0fa320cb43cc6b1c68e1676.jpg,640,640,104552,f6737b5a36f0586b68746834364dca4d,,False,
data/indian_saree/train/Bandhani/bandhani-print-rayon-fabric-full_jpg.rf.9a6ba933b464d7efb84c9574ae8001fa.jpg,,indian_patterns,train,Bandhani,bandhani-print-rayon-fabric-full_jpg.rf.9a6ba933b464d7efb84c9574ae8001fa.jpg,640,640,103289,4ebf881d2cf44ab7c8c74e42e5009c4c,,False,
data/indian_saree/train/Bandhani/bandhani-print-rayon-fabric-full_jpg.rf.9b5fa1229ba56b09dfae0b2aae064be6.jpg,,indian_patterns,train,Bandhani,bandhani-print-rayon-fabric-full_jpg.rf.9b5fa1229ba56b09dfae0b2aae064be6.jpg,640,640,102126,6463402d4d422203a94971e8c401545b,,False,
data/indian_saree/train/Bandhani/bandhani-printed-fabric-4_jpg.rf.24ef14b74de017581f939c1791682418.jpg,,indian_patterns,train,Bandhani,bandhani-printed-fabric-4_jpg.rf.24ef14b74de017581f939c1791682418.jpg,640,640,72490,fb14f1919c573a23cceb07f0be2bb620,,False,
data/indian_saree/train/Bandhani/bandhani-printed-fabric-4_jpg.rf.b5506b76b093aed86a5c30cf9b99b952.jpg,,indian_patterns,train,Bandhani,bandhani-printed-fabric-4_jpg.rf.b5506b76b093aed86a5c30cf9b99b952.jpg,640,640,74652,13689d5f9e9d1126c7c53a93f4968796,,False,
data/indian_saree/train/Bandhani/bandhani-printed-fabric-4_jpg.rf.bbebb51be1cea87039ab2030b82a9183.jpg,,indian_patterns,train,Bandhani,bandhani-printed-fabric-4_jpg.rf.bbebb51be1cea87039ab2030b82a9183.jpg,640,640,71353,56f6410777c56146d9c7f58e69cebc70,,False,
data/indian_saree/train/Bandhani/bandhani-printed-rayon-fabric_jpg.rf.02c668ce6c54f9746fd8ed0c8fc3655e.jpg,,indian_patterns,train,Bandhani,bandhani-printed-rayon-fabric_jpg.rf.02c668ce6c54f9746fd8ed0c8fc3655e.jpg,640,640,78931,6e4f32c86d2cf696579ae77042c0fb3e,,False,
data/indian_saree/train/Bandhani/bandhani-printed-rayon-fabric_jpg.rf.34b229445e66b4461b4870d42eb25e94.jpg,,indian_patterns,train,Bandhani,bandhani-printed-rayon-fabric_jpg.rf.34b229445e66b4461b4870d42eb25e94.jpg,640,640,77520,bbb07eade075f21695551ccf90f01328,,False,
data/indian_saree/train/Bandhani/bandhani-printed-rayon-fabric_jpg.rf.5623c5a7566f78f1c4c976db4a5ccf52.jpg,,indian_patterns,train,Bandhani,bandhani-printed-rayon-fabric_jpg.rf.5623c5a7566f78f1c4c976db4a5ccf52.jpg,640,640,79511,5b33c46b26145e8caaf613d64f45a404,,False,
data/indian_saree/train/Bandhani/Bhandini-Silk-Fabrics_540x_6a4cd958-3c9c-4dc7-ada8-d81e9904bf7c_jpg.rf.925979167ec3a6c9e3e91ab9cb7b8992.jpg,,indian_patterns,train,Bandhani,Bhandini-Silk-Fabrics_540x_6a4cd958-3c9c-4dc7-ada8-d81e9904bf7c_jpg.rf.925979167ec3a6c9e3e91ab9cb7b8992.jpg,640,640,52598,2a3389fe1d0c0590d850c99f31e3233a,,False,
data/indian_saree/train/Bandhani/Bhandini-Silk-Fabrics_540x_6a4cd958-3c9c-4dc7-ada8-d81e9904bf7c_jpg.rf.e1c50fd65d928a3bc1dca6742d084dd4.jpg,,indian_patterns,train,Bandhani,Bhandini-Silk-Fabrics_540x_6a4cd958-3c9c-4dc7-ada8-d81e9904bf7c_jpg.rf.e1c50fd65d928a3bc1dca6742d084dd4.jpg,640,640,53498,a0445b937410d17ec6dea7fb56e7a6bd,,False,
data/indian_saree/train/Bandhani/Bhandini-Silk-Fabrics_540x_6a4cd958-3c9c-4dc7-ada8-d81e9904bf7c_jpg.rf.f5d0a1b4d37be519d5311c60a10ca2c2.jpg,,indian_patterns,train,Bandhani,Bhandini-Silk-Fabrics_540x_6a4cd958-3c9c-4dc7-ada8-d81e9904bf7c_jpg.rf.f5d0a1b4d37be519d5311c60a10ca2c2.jpg,640,640,54125,880086cfe0dfc86fbe4822c537969b67,,False,
data/indian_saree/train/Bandhani/BL0032BLP1_jpg.rf.57336d5b3f675dcf340a0add0f854ee3.jpg,,indian_patterns,train,Bandhani,BL0032BLP1_jpg.rf.57336d5b3f675dcf340a0add0f854ee3.jpg,640,640,106430,a57f34a2d81ddcbdbe8db3bad2b1acdf,,False,
data/indian_saree/train/Bandhani/BL0032BLP1_jpg.rf.6821362c0212606bb90e09ca8c878f98.jpg,,indian_patterns,train,Bandhani,BL0032BLP1_jpg.rf.6821362c0212606bb90e09ca8c878f98.jpg,640,640,105836,217bbc8149bb92c83908e3668caaa08d,,False,
data/indian_saree/train/Bandhani/BL0032BLP1_jpg.rf.c2fbab397bbd07cb1a2961bd4a3cde99.jpg,,indian_patterns,train,Bandhani,BL0032BLP1_jpg.rf.c2fbab397bbd07cb1a2961bd4a3cde99.jpg,640,640,105166,815670125cfab1ded5602f50ada75b46,,False,
data/indian_saree/train/Bandhani/black-digital-printed-cotton-bandhani-design-fabric-1-mtr-306022_jpg.rf.2122d436db2231ecccf4aef25f5ae432.jpg,,indian_patterns,train,Bandhani,black-digital-printed-cotton-bandhani-design-fabric-1-mtr-306022_jpg.rf.2122d436db2231ecccf4aef25f5ae432.jpg,640,640,88024,9bd3c9d6988132fd0e5fe4a50c43335f,black,False,
data/indian_saree/train/Bandhani/black-digital-printed-cotton-bandhani-design-fabric-1-mtr-306022_jpg.rf.3570279a0a817d6a9989708af84570d2.jpg,,indian_patterns,train,Bandhani,black-digital-printed-cotton-bandhani-design-fabric-1-mtr-306022_jpg.rf.3570279a0a817d6a9989708af84570d2.jpg,640,640,88577,7780282b1762012305dfcc83212a539d,black,False,
data/indian_saree/train/Bandhani/black-digital-printed-cotton-bandhani-design-fabric-1-mtr-306022_jpg.rf.cc959a77b758390a5273e48aea05ded5.jpg,,indian_patterns,train,Bandhani,black-digital-printed-cotton-bandhani-design-fabric-1-mtr-306022_jpg.rf.cc959a77b758390a5273e48aea05ded5.jpg,640,640,87859,016411f76275584f9ed8a7eb32b5d0ba,black,False,
data/indian_saree/train/Bandhani/cambric-cotton-bandhani-fabric-full_jpg.rf.4d2b1ea89acc2eb881946302b7a688e5.jpg,,indian_patterns,train,Bandhani,cambric-cotton-bandhani-fabric-full_jpg.rf.4d2b1ea89acc2eb881946302b7a688e5.jpg,640,640,72011,f2d208be7d6b89ae2e94f80510d23720,,False,
data/indian_saree/train/Bandhani/cambric-cotton-bandhani-fabric-full_jpg.rf.57322795be4927c5158ecb6cea8a05be.jpg,,indian_patterns,train,Bandhani,cambric-cotton-bandhani-fabric-full_jpg.rf.57322795be4927c5158ecb6cea8a05be.jpg,640,640,74167,2f1db9e663f90a2b95079382aae46fdc,,False,
data/indian_saree/train/Bandhani/cambric-cotton-bandhani-fabric-full_jpg.rf.deed14aadf7174ea45db6629a59a58b0.jpg,,indian_patterns,train,Bandhani,cambric-cotton-bandhani-fabric-full_jpg.rf.deed14aadf7174ea45db6629a59a58b0.jpg,640,640,73194,fe9cd97863123763e4fd48b1a58909ec,,False,
data/indian_saree/train/Bandhani/DSC04494_a90fd9e0-4df2-4f60-a0e3-99ae969924fe_jpg.rf.6c2b524c9e36402a56dc4372386a25b1.jpg,,indian_patterns,train,Bandhani,DSC04494_a90fd9e0-4df2-4f60-a0e3-99ae969924fe_jpg.rf.6c2b524c9e36402a56dc4372386a25b1.jpg,640,640,139832,876323696f70a5b9db83fdb7e503397b,,False,
data/indian_saree/train/Bandhani/DSC04494_a90fd9e0-4df2-4f60-a0e3-99ae969924fe_jpg.rf.760ff065fff7559fd944eddaa9d0a32d.jpg,,indian_patterns,train,Bandhani,DSC04494_a90fd9e0-4df2-4f60-a0e3-99ae969924fe_jpg.rf.760ff065fff7559fd944eddaa9d0a32d.jpg,640,640,138236,ee35ef162d118498e893a685c9744e65,,False,
data/indian_saree/train/Bandhani/DSC04494_a90fd9e0-4df2-4f60-a0e3-99ae969924fe_jpg.rf.f78512b5652d4700e5744af08698c859.jpg,,indian_patterns,train,Bandhani,DSC04494_a90fd9e0-4df2-4f60-a0e3-99ae969924fe_jpg.rf.f78512b5652d4700e5744af08698c859.jpg,640,640,137322,e77644100995f946cb03dd34918e17f5,,False,
data/indian_saree/train/Bandhani/DSC06797_36c72165-23f1-450e-945e-3a0ae79b880a_jpg.rf.298f0784d745a6593c51e3e451b758c1.jpg,,indian_patterns,train,Bandhani,DSC06797_36c72165-23f1-450e-945e-3a0ae79b880a_jpg.rf.298f0784d745a6593c51e3e451b758c1.jpg,640,640,110855,711970cd8beb7b48bd549cbdd63ae7c6,,False,
data/indian_saree/train/Bandhani/DSC06797_36c72165-23f1-450e-945e-3a0ae79b880a_jpg.rf.ccfe3b511375ddcc94e4e69fd64ae644.jpg,,indian_patterns,train,Bandhani,DSC06797_36c72165-23f1-450e-945e-3a0ae79b880a_jpg.rf.ccfe3b511375ddcc94e4e69fd64ae644.jpg,640,640,112992,01360ea194246465a3287ee10f5c9894,,False,
data/indian_saree/train/Bandhani/DSC06797_36c72165-23f1-450e-945e-3a0ae79b880a_jpg.rf.e7cb91f27eadad2e1f9380fdab1bcbc5.jpg,,indian_patterns,train,Bandhani,DSC06797_36c72165-23f1-450e-945e-3a0ae79b880a_jpg.rf.e7cb91f27eadad2e1f9380fdab1bcbc5.jpg,640,640,111937,5b9bb273dd63ae0fdbc369e2322d3b02,,False,
data/indian_saree/train/Bandhani/DSC_0730_1024x1024_jpg.rf.2e746cade69e15c2d2f2b639d3d7ce3c.jpg,,indian_patterns,train,Bandhani,DSC_0730_1024x1024_jpg.rf.2e746cade69e15c2d2f2b639d3d7ce3c.jpg,640,640,97570,9f921df3944aafe62e55b7cc53ccf34b,,False,
data/indian_saree/train/Bandhani/DSC_0730_1024x1024_jpg.rf.ac9f4ad4fb9163cad6a6558c433accac.jpg,,indian_patterns,train,Bandhani,DSC_0730_1024x1024_jpg.rf.ac9f4ad4fb9163cad6a6558c433accac.jpg,640,640,99071,c416f70c25e51671e1ecb46585d1641f,,False,
data/indian_saree/train/Bandhani/DSC_0730_1024x1024_jpg.rf.c884e4a18f80dfaa1e24573e492fdb02.jpg,,indian_patterns,train,Bandhani,DSC_0730_1024x1024_jpg.rf.c884e4a18f80dfaa1e24573e492fdb02.jpg,640,640,100302,429c328b54f53472c3115fe34496e042,,False,
data/indian_saree/train/Bandhani/dsc_9386_jpg.rf.0a2f7122e75d563036a1be1f0c44ed12.jpg,,indian_patterns,train,Bandhani,dsc_9386_jpg.rf.0a2f7122e75d563036a1be1f0c44ed12.jpg,640,640,80232,4c5ddacc03054ff2074cc8c1e9c5d68b,,False,
data/indian_saree/train/Bandhani/dsc_9386_jpg.rf.667ca2164905b99344c0949d1f693fa6.jpg,,indian_patterns,train,Bandhani,dsc_9386_jpg.rf.667ca2164905b99344c0949d1f693fa6.jpg,640,640,81872,20a820bad1c02d4bbc14f7a3fb0da85d,,False,
data/indian_saree/train/Bandhani/dsc_9386_jpg.rf.777e9145d1322b98a6e0222e33af21ff.jpg,,indian_patterns,train,Bandhani,dsc_9386_jpg.rf.777e9145d1322b98a6e0222e33af21ff.jpg,640,640,82759,1eabec5f18411dbd175b9dbea72a3db1,,False,
data/indian_saree/train/Bandhani/georgette-bandhani-fabric-full_jpg.rf.15014c14de0b6c5d56a614da1066719d.jpg,,indian_patterns,train,Bandhani,georgette-bandhani-fabric-full_jpg.rf.15014c14de0b6c5d56a614da1066719d.jpg,640,640,74467,6ec07cbcb094ee5a00fea85c70446a6a,,False,
data/indian_saree/train/Bandhani/georgette-bandhani-fabric-full_jpg.rf.291b8790ce98ebf75c1aa187041f0f1e.jpg,,indian_patterns,train,Bandhani,georgette-bandhani-fabric-full_jpg.rf.291b8790ce98ebf75c1aa187041f0f1e.jpg,640,640,73702,2b34e8537aa299aa0d1453b63857f4db,,False,
data/indian_saree/train/Bandhani/georgette-bandhani-fabric-full_jpg.rf.f9ee361cf4af562b35f78033e4bf869a.jpg,,indian_patterns,train,Bandhani,georgette-bandhani-fabric-full_jpg.rf.f9ee361cf4af562b35f78033e4bf869a.jpg,640,640,75574,b6c5191708df5fae7e1a4fc7abdb085d,,False,
data/indian_saree/train/Bandhani/Hand-Block-Printed-Bandhani-Cotton-Fabric-TS-FB-295_jpg.rf.6db6648783b816d0de4fd22ff69c41d1.jpg,,indian_patterns,train,Bandhani,Hand-Block-Printed-Bandhani-Cotton-Fabric-TS-FB-295_jpg.rf.6db6648783b816d0de4fd22ff69c41d1.jpg,640,640,109831,a932efb51cc06685b56f234748678162,,False,
data/indian_saree/train/Bandhani/Hand-Block-Printed-Bandhani-Cotton-Fabric-TS-FB-295_jpg.rf.6de5f5b340553d80d41513de5c31297f.jpg,,indian_patterns,train,Bandhani,Hand-Block-Printed-Bandhani-Cotton-Fabric-TS-FB-295_jpg.rf.6de5f5b340553d80d41513de5c31297f.jpg,640,640,107781,a703705275590eb2f87085345fbc3a12,,False,
data/indian_saree/train/Bandhani/Hand-Block-Printed-Bandhani-Cotton-Fabric-TS-FB-295_jpg.rf.d88fc0bdae6d408cb8c149bf03f67f4f.jpg,,indian_patterns,train,Bandhani,Hand-Block-Printed-Bandhani-Cotton-Fabric-TS-FB-295_jpg.rf.d88fc0bdae6d408cb8c149bf03f67f4f.jpg,640,640,109568,e0fc1df91762e1f71aa1a401a53c9a5f,,False,
data/indian_saree/train/Bandhani/il_570xN-4871894863_f6vo_jpg.rf.adf26dea2984ca3bc0293e8701e7533c.jpg,,indian_patterns,train,Bandhani,il_570xN-4871894863_f6vo_jpg.rf.adf26dea2984ca3bc0293e8701e7533c.jpg,640,640,58745,0fd49594895771c75fdae603b54a4135,,False,
data/indian_saree/train/Bandhani/il_570xN-4871894863_f6vo_jpg.rf.db8d8778d7147cff0b821d2048726e3e.jpg,,indian_patterns,train,Bandhani,il_570xN-4871894863_f6vo_jpg.rf.db8d8778d7147cff0b821d2048726e3e.jpg,640,640,57172,b4abccfc7b929c0482611eafcdb06b51,,False,
data/indian_saree/train/Bandhani/il_570xN-4871894863_f6vo_jpg.rf.de72bad29951b01dd7d61e6329338c86.jpg,,indian_patterns,train,Bandhani,il_570xN-4871894863_f6vo_jpg.rf.de72bad29951b01dd7d61e6329338c86.jpg,640,640,54716,07f4635112b3139ea78de66493408608,,False,
data/indian_saree/train/Bandhani/il_570xN-4871916995_9txv_jpg.rf.0f1bba568cfea4d6061a304e2aecfe20.jpg,,indian_patterns,train,Bandhani,il_570xN-4871916995_9txv_jpg.rf.0f1bba568cfea4d6061a304e2aecfe20.jpg,640,640,79868,e283a64214c6168a7f31738624d45501,,False,
data/indian_saree/train/Bandhani/il_570xN-4871916995_9txv_jpg.rf.ba87f2241ee18cf3804717cbbc20b493.jpg,,indian_patterns,train,Bandhani,il_570xN-4871916995_9txv_jpg.rf.ba87f2241ee18cf3804717cbbc20b493.jpg,640,640,77329,c573cac1dd829d8c05ba706a7c0d7135,,False,
data/indian_saree/train/Bandhani/il_570xN-4871916995_9txv_jpg.rf.c54d26c9319407b7ab7be13ae0c6c527.jpg,,indian_patterns,train,Bandhani,il_570xN-4871916995_9txv_jpg.rf.c54d26c9319407b7ab7be13ae0c6c527.jpg,640,640,76678,ee33f0967fb6185de56cc965a89a1049,,False,
data/indian_saree/train/Bandhani/il_570xN-4992132375_ei3g_jpg.rf.1fd33621e9c84ea21a9d989b23c58052.jpg,,indian_patterns,train,Bandhani,il_570xN-4992132375_ei3g_jpg.rf.1fd33621e9c84ea21a9d989b23c58052.jpg,640,640,80738,c5b4035ecb71666b1c2ead632394335a,,False,
data/indian_saree/train/Bandhani/il_570xN-4992132375_ei3g_jpg.rf.6abeabf433ee9ad95b1786872f909ea4.jpg,,indian_patterns,train,Bandhani,il_570xN-4992132375_ei3g_jpg.rf.6abeabf433ee9ad95b1786872f909ea4.jpg,640,640,77820,dd70a40e0a285e419931b4dcd330c828,,False,
data/indian_saree/train/Bandhani/il_570xN-4992132375_ei3g_jpg.rf.d4ae8860de926110ca9202743c61178e.jpg,,indian_patterns,train,Bandhani,il_570xN-4992132375_ei3g_jpg.rf.d4ae8860de926110ca9202743c61178e.jpg,640,640,78628,8bdca053c33426cf4bfdd5c950f5a8d8,,False,
data/indian_saree/train/Bandhani/image10_jpeg.rf.4b28a5c228d895900907ae5281c2e466.jpg,,indian_patterns,train,Bandhani,image10_jpeg.rf.4b28a5c228d895900907ae5281c2e466.jpg,640,640,122775,780897e4180ef9696851f8ffe88c6dea,,False,
data/indian_saree/train/Bandhani/image10_jpeg.rf.72d545aff7786da9810ae89f4ffaaf98.jpg,,indian_patterns,train,Bandhani,image10_jpeg.rf.72d545aff7786da9810ae89f4ffaaf98.jpg,640,640,122962,6527200091d37c70e4488c3239c8b4f7,,False,
data/indian_saree/train/Bandhani/image10_jpeg.rf.aa590b239ffb8e50bc01c6afaa4c6c3c.jpg,,indian_patterns,train,Bandhani,image10_jpeg.rf.aa590b239ffb8e50bc01c6afaa4c6c3c.jpg,640,640,120736,d50199b32a3d6753fa880a82f7e7a2f2,,False,
data/indian_saree/train/Bandhani/image11_jpeg.rf.217c4dfae6e9b4997b2b8c7213379660.jpg,,indian_patterns,train,Bandhani,image11_jpeg.rf.217c4dfae6e9b4997b2b8c7213379660.jpg,640,640,74175,6d79bbfc2802ca0210781e2919bd3b6b,,False,
data/indian_saree/train/Bandhani/image11_jpeg.rf.4212b041985a01968d19e30e56d4d32d.jpg,,indian_patterns,train,Bandhani,image11_jpeg.rf.4212b041985a01968d19e30e56d4d32d.jpg,640,640,72165,c1a0e1b1965a0de8e4240e31d1db3a29,,False,
data/indian_saree/train/Bandhani/image11_jpeg.rf.dd71015d387256f74f231b3d4cd0d5f9.jpg,,indian_patterns,train,Bandhani,image11_jpeg.rf.dd71015d387256f74f231b3d4cd0d5f9.jpg,640,640,73939,5f9a33584fe950dcdd6b3081e1e005d7,,False,
data/indian_saree/train/Bandhani/image13_jpeg.rf.c1368264f30a9336a7d575da1a083a5d.jpg,,indian_patterns,train,Bandhani,image13_jpeg.rf.c1368264f30a9336a7d575da1a083a5d.jpg,640,640,34372,4c7785ae569e1ec86e12b22ad7c3f385,,False,
data/indian_saree/train/Bandhani/image13_jpeg.rf.e683253e5549cd0ac328e8a70ac77135.jpg,,indian_patterns,train,Bandhani,image13_jpeg.rf.e683253e5549cd0ac328e8a70ac77135.jpg,640,640,37855,ffd2f49a79571aa7b08a4630905b4db0,,False,
data/indian_saree/train/Bandhani/image13_jpeg.rf.f041e791e14481ebd18de6e969d2da49.jpg,,indian_patterns,train,Bandhani,image13_jpeg.rf.f041e791e14481ebd18de6e969d2da49.jpg,640,640,35773,c204d43fde7e00f5d82283e6ec6895a2,,False,
data/indian_saree/train/Bandhani/image15_jpeg.rf.b88e56a868aa97972a3607d3915f5efa.jpg,,indian_patterns,train,Bandhani,image15_jpeg.rf.b88e56a868aa97972a3607d3915f5efa.jpg,640,640,66679,efe074163e826c6bc35a95a06730e076,,False,
data/indian_saree/train/Bandhani/image15_jpeg.rf.e15a84ee8cba46bef14ff1e057b5d1d0.jpg,,indian_patterns,train,Bandhani,image15_jpeg.rf.e15a84ee8cba46bef14ff1e057b5d1d0.jpg,640,640,66820,ed46e809c996bbada0a705dc28c1761d,,False,
data/indian_saree/train/Bandhani/image15_jpeg.rf.fa2bb76d327aa304c594f5ac1d16ee02.jpg,,indian_patterns,train,Bandhani,image15_jpeg.rf.fa2bb76d327aa304c594f5ac1d16ee02.jpg,640,640,67236,ccb39a32a7c78591455b4096e6d4e85b,,False,
data/indian_saree/train/Bandhani/image17_jpeg.rf.072400d91e0a61617e9089f9ad99c2bc.jpg,,indian_patterns,train,Bandhani,image17_jpeg.rf.072400d91e0a61617e9089f9ad99c2bc.jpg,640,640,115174,b18fe52d95dc8da91355eee7bac9bc83,,False,
data/indian_saree/train/Bandhani/image17_jpeg.rf.a55c2f80d0cd3b00b2a00c435aaf1e82.jpg,,indian_patterns,train,Bandhani,image17_jpeg.rf.a55c2f80d0cd3b00b2a00c435aaf1e82.jpg,640,640,117554,8e50d98b5a38bb70e4a82f293caa3519,,False,
data/indian_saree/train/Bandhani/image17_jpeg.rf.bbf2cfae9f8ede7bb5378a9e83722e18.jpg,,indian_patterns,train,Bandhani,image17_jpeg.rf.bbf2cfae9f8ede7bb5378a9e83722e18.jpg,640,640,115467,8cc790e92babcf1a6b40b37f12372ccd,,False,
data/indian_saree/train/Bandhani/image19_jpeg.rf.b618cdb66ec0065725b2d4132002420d.jpg,,indian_patterns,train,Bandhani,image19_jpeg.rf.b618cdb66ec0065725b2d4132002420d.jpg,640,640,69411,38d8a9b5fbb1ce79c50dc041ba5a7615,,False,
data/indian_saree/train/Bandhani/image19_jpeg.rf.ee21580fa7c098e17cb26a016e4e9cf6.jpg,,indian_patterns,train,Bandhani,image19_jpeg.rf.ee21580fa7c098e17cb26a016e4e9cf6.jpg,640,640,69854,8d6191749455efcd1bbed634243971d5,,False,
data/indian_saree/train/Bandhani/image19_jpeg.rf.fe2b8eaf909076ce92014c5814a9e1bf.jpg,,indian_patterns,train,Bandhani,image19_jpeg.rf.fe2b8eaf909076ce92014c5814a9e1bf.jpg,640,640,69524,98e211a7e89e953c7ecba092847428cf,,False,
data/indian_saree/train/Bandhani/image23_jpeg.rf.6551bb099b7eb3dda2bb559e8f097925.jpg,,indian_patterns,train,Bandhani,image23_jpeg.rf.6551bb099b7eb3dda2bb559e8f097925.jpg,640,640,44252,96e7398ee6bf45c3323dc14c2a24c5fa,,False,
data/indian_saree/train/Bandhani/image23_jpeg.rf.6562edeab7c329f602b19ae0302b8524.jpg,,indian_patterns,train,Bandhani,image23_jpeg.rf.6562edeab7c329f602b19ae0302b8524.jpg,640,640,41174,790e383278ff6c355337bfc777521a34,,False,
data/indian_saree/train/Bandhani/image23_jpeg.rf.d36e45bb084fda243b5a2ab6ceda701d.jpg,,indian_patterns,train,Bandhani,image23_jpeg.rf.d36e45bb084fda243b5a2ab6ceda701d.jpg,640,640,44199,5c86ab4b7a91aa73ea57ea00a1849f2a,,False,
data/indian_saree/train/Bandhani/image24_jpeg.rf.7c964dfb9d095f89fdd9730919fc096f.jpg,,indian_patterns,train,Bandhani,image24_jpeg.rf.7c964dfb9d095f89fdd9730919fc096f.jpg,640,640,92222,2f0d1e7dee98052e9ec0bf14e0559267,,False,
data/indian_saree/train/Bandhani/image24_jpeg.rf.889d1ab4cbd781c178c5b041b3e256d6.jpg,,indian_patterns,train,Bandhani,image24_jpeg.rf.889d1ab4cbd781c178c5b041b3e256d6.jpg,640,640,92666,6cbaf6b7992d9904ac39f69cd763e3dc,,False,
data/indian_saree/train/Bandhani/image24_jpeg.rf.8fc740068d8dde5955afcb1c90c5e659.jpg,,indian_patterns,train,Bandhani,image24_jpeg.rf.8fc740068d8dde5955afcb1c90c5e659.jpg,640,640,90965,3c08adb384067251227ce157bf83a675,,False,
data/indian_saree/train/Bandhani/image26_jpeg.rf.1e5d325521d8107e12e38276ca467645.jpg,,indian_patterns,train,Bandhani,image26_jpeg.rf.1e5d325521d8107e12e38276ca467645.jpg,640,640,88650,257ee3b4425a9baf955666a36d2c1f01,,False,
data/indian_saree/train/Bandhani/image26_jpeg.rf.d9dc58982cb59fb71c2635a17a56d8a9.jpg,,indian_patterns,train,Bandhani,image26_jpeg.rf.d9dc58982cb59fb71c2635a17a56d8a9.jpg,640,640,90227,5c6cc889e10ba006396d3c91139bd99c,,False,
data/indian_saree/train/Bandhani/image26_jpeg.rf.dc8ae311fa776375fece7b968a8d754d.jpg,,indian_patterns,train,Bandhani,image26_jpeg.rf.dc8ae311fa776375fece7b968a8d754d.jpg,640,640,87257,1f8073398344b5f63634e85aafa16b04,,False,
data/indian_saree/train/Bandhani/image27_jpeg.rf.27d745cda837a8afe20c2e80236d77f6.jpg,,indian_patterns,train,Bandhani,image27_jpeg.rf.27d745cda837a8afe20c2e80236d77f6.jpg,640,640,116046,4e8911ce1a26ad143d8c77a1440d0a4d,,False,
data/indian_saree/train/Bandhani/image27_jpeg.rf.988d209e23063b30fb08049389458bc6.jpg,,indian_patterns,train,Bandhani,image27_jpeg.rf.988d209e23063b30fb08049389458bc6.jpg,640,640,117526,2c80e0922d37e84bcf0209a5b2c4d195,,False,
data/indian_saree/train/Bandhani/image27_jpeg.rf.ece829e50f642333f79440a277883e30.jpg,,indian_patterns,train,Bandhani,image27_jpeg.rf.ece829e50f642333f79440a277883e30.jpg,640,640,117387,5069eb8df86bac7bb578a388a66513c1,,False,
data/indian_saree/train/Bandhani/image29_jpeg.rf.986195bab4cb1d605f67208c8778fa05.jpg,,indian_patterns,train,Bandhani,image29_jpeg.rf.986195bab4cb1d605f67208c8778fa05.jpg,640,640,94886,8fb53d1bb86e21e2cf041fdcfe607ed6,,False,
data/indian_saree/train/Bandhani/image29_jpeg.rf.c5f101b3fc6a6cf258dddaac3aabbe6e.jpg,,indian_patterns,train,Bandhani,image29_jpeg.rf.c5f101b3fc6a6cf258dddaac3aabbe6e.jpg,640,640,96617,c7c1089a498c18e1ad67a0d9298dd17f,,False,
data/indian_saree/train/Bandhani/image29_jpeg.rf.ea039125fa17e44eb3c4348f0935acb7.jpg,,indian_patterns,train,Bandhani,image29_jpeg.rf.ea039125fa17e44eb3c4348f0935acb7.jpg,640,640,97425,bc8eea774ad2f238e5e302da744189d4,,False,
data/indian_saree/train/Bandhani/image2_jpeg.rf.0f92d218ae17cec7fe1267f5d8a9d935.jpg,,indian_patterns,train,Bandhani,image2_jpeg.rf.0f92d218ae17cec7fe1267f5d8a9d935.jpg,640,640,81578,900b8c070004ee438a17bd6ae8afe001,,False,
data/indian_saree/train/Bandhani/image2_jpeg.rf.75760e719475e521c8c3e0a54ea8ab46.jpg,,indian_patterns,train,Bandhani,image2_jpeg.rf.75760e719475e521c8c3e0a54ea8ab46.jpg,640,640,83048,b7efa79a7381fa04e0420022c743213b,,False,
data/indian_saree/train/Bandhani/image2_jpeg.rf.d36aaa9f866142771978d736d1c5ca3d.jpg,,indian_patterns,train,Bandhani,image2_jpeg.rf.d36aaa9f866142771978d736d1c5ca3d.jpg,640,640,81637,bf549594111dd883b390befc3c2b4234,,False,
data/indian_saree/train/Bandhani/image31_jpeg.rf.4b66acafcab415052bf7c3606ee45982.jpg,,indian_patterns,train,Bandhani,image31_jpeg.rf.4b66acafcab415052bf7c3606ee45982.jpg,640,640,105772,4b62c137c8dd3af3709d8ed82a82073f,,True,dup_0001
data/indian_saree/train/Bandhani/image31_jpeg.rf.d5398a44296e4b17c220955b92a34e94.jpg,,indian_patterns,train,Bandhani,image31_jpeg.rf.d5398a44296e4b17c220955b92a34e94.jpg,640,640,108421,7a4a0d666f7d3c2df87909867e2ae256,,False,
data/indian_saree/train/Bandhani/image31_jpeg.rf.e4507719b75e91abc905d77fa95a28ae.jpg,,indian_patterns,train,Bandhani,image31_jpeg.rf.e4507719b75e91abc905d77fa95a28ae.jpg,640,640,105772,4b62c137c8dd3af3709d8ed82a82073f,,True,dup_0001
data/indian_saree/train/Bandhani/image33_jpeg.rf.2311f4fa0574d02d190f77a6e6c85244.jpg,,indian_patterns,train,Bandhani,image33_jpeg.rf.2311f4fa0574d02d190f77a6e6c85244.jpg,640,640,87618,bb4bade7445a679383b86399d3c11e1a,,False,
data/indian_saree/train/Bandhani/image33_jpeg.rf.3ce992732600c57de521c86378ff3a23.jpg,,indian_patterns,train,Bandhani,image33_jpeg.rf.3ce992732600c57de521c86378ff3a23.jpg,640,640,89639,655bd0c929d4da3d1fb5cba74675ddcf,,False,
data/indian_saree/train/Bandhani/image33_jpeg.rf.3ea7da2596f5caf1913eef1f595aba24.jpg,,indian_patterns,train,Bandhani,image33_jpeg.rf.3ea7da2596f5caf1913eef1f595aba24.jpg,640,640,89783,592479e48e5999aa30b7eb3716ac0b78,,False,
data/indian_saree/train/Bandhani/image3_jpeg.rf.1f915f8ed66eaf1c6e1a91df1db66678.jpg,,indian_patterns,train,Bandhani,image3_jpeg.rf.1f915f8ed66eaf1c6e1a91df1db66678.jpg,640,640,46266,a13fdbfa48754d51fda6d96b23c974ad,,False,
data/indian_saree/train/Bandhani/image3_jpeg.rf.5083177d0c554ce5290236f7b26a3784.jpg,,indian_patterns,train,Bandhani,image3_jpeg.rf.5083177d0c554ce5290236f7b26a3784.jpg,640,640,48979,8f5805e6589e6e9af8a113356772de26,,False,
data/indian_saree/train/Bandhani/image3_jpeg.rf.bf7d6bc9973e47dbb1cf4a803c5f0618.jpg,,indian_patterns,train,Bandhani,image3_jpeg.rf.bf7d6bc9973e47dbb1cf4a803c5f0618.jpg,640,640,47646,a4466f15ba535644e9be941036ad7d2b,,False,
data/indian_saree/train/Bandhani/image5_jpeg.rf.72577854793d6f528088b840debdd985.jpg,,indian_patterns,train,Bandhani,image5_jpeg.rf.72577854793d6f528088b840debdd985.jpg,640,640,112830,c4d2e55420ff9a04b23a4192acfd2b76,,False,
data/indian_saree/train/Bandhani/image5_jpeg.rf.e0e4f8e8e0940853a91bd8980ccd5d35.jpg,,indian_patterns,train,Bandhani,image5_jpeg.rf.e0e4f8e8e0940853a91bd8980ccd5d35.jpg,640,640,115080,c9813e1f5260f6ea10d61b9ca2d28c60,,False,
data/indian_saree/train/Bandhani/image5_jpeg.rf.e4b3af4c5bb68b28b45a17bea2cf31a4.jpg,,indian_patterns,train,Bandhani,image5_jpeg.rf.e4b3af4c5bb68b28b45a17bea2cf31a4.jpg,640,640,114512,115147d1c01f270327b6a7393ae5c48c,,False,
data/indian_saree/train/Bandhani/image7_jpeg.rf.7692d4b2b6ec90ecc8d8cf95212bfa8a.jpg,,indian_patterns,train,Bandhani,image7_jpeg.rf.7692d4b2b6ec90ecc8d8cf95212bfa8a.jpg,640,640,71249,19df80779143b06f6c77b5913aa487e6,,False,
data/indian_saree/train/Bandhani/image7_jpeg.rf.b3e233c64a2044709a043c8ff4d8f575.jpg,,indian_patterns,train,Bandhani,image7_jpeg.rf.b3e233c64a2044709a043c8ff4d8f575.jpg,640,640,69741,7a6db07ed0b845ab42a6b329c7588bdf,,False,
data/indian_saree/train/Bandhani/image7_jpeg.rf.bd5c462668620dee0f2e6d6b8a675a29.jpg,,indian_patterns,train,Bandhani,image7_jpeg.rf.bd5c462668620dee0f2e6d6b8a675a29.jpg,640,640,69681,2f921d22b63db9e6fd1e13be55430cc2,,False,
data/indian_saree/train/Bandhani/images10_jpg.rf.0dfe8f2fa97adaebf5736bd72a4c2ea9.jpg,,indian_patterns,train,Bandhani,images10_jpg.rf.0dfe8f2fa97adaebf5736bd72a4c2ea9.jpg,640,640,96920,59b7b7d6e7e2a08fa04fe66bcc999c02,,False,
data/indian_saree/train/Bandhani/images10_jpg.rf.2ec4f83bf6fa8dea975dc1dcd9426e6f.jpg,,indian_patterns,train,Bandhani,images10_jpg.rf.2ec4f83bf6fa8dea975dc1dcd9426e6f.jpg,640,640,98031,ce7ceaa859494fc92b159f8a87c9c65e,,False,
data/indian_saree/train/Bandhani/images10_jpg.rf.55add5d248be840afc0bee6a1de8b4d4.jpg,,indian_patterns,train,Bandhani,images10_jpg.rf.55add5d248be840afc0bee6a1de8b4d4.jpg,640,640,99082,12d96485476e22c0e806cd771e8a9ae5,,False,
data/indian_saree/train/Bandhani/images11_jpg.rf.24f378ebb24827e479e7dd6b1623c4b2.jpg,,indian_patterns,train,Bandhani,images11_jpg.rf.24f378ebb24827e479e7dd6b1623c4b2.jpg,640,640,55217,792d9463b8099602639c1eef27126e97,,False,
data/indian_saree/train/Bandhani/images11_jpg.rf.4635f0b687d6898cc76a847de783bc45.jpg,,indian_patterns,train,Bandhani,images11_jpg.rf.4635f0b687d6898cc76a847de783bc45.jpg,640,640,51693,0c731ba3836ef1ed8647af21dc90392d,,False,
data/indian_saree/train/Bandhani/images11_jpg.rf.b02ec7a275b2bc56013ebecaeb5b244b.jpg,,indian_patterns,train,Bandhani,images11_jpg.rf.b02ec7a275b2bc56013ebecaeb5b244b.jpg,640,640,50558,a8c2b91928fb658a03e120789aa8b448,,False,
data/indian_saree/train/Bandhani/images12_jpg.rf.151d66ed40517b320ddeca79ef7d92e9.jpg,,indian_patterns,train,Bandhani,images12_jpg.rf.151d66ed40517b320ddeca79ef7d92e9.jpg,640,640,90961,51b3edd653aee945717d9af060bc230d,,False,
data/indian_saree/train/Bandhani/images12_jpg.rf.1740f2548f836462b277fa19da9079da.jpg,,indian_patterns,train,Bandhani,images12_jpg.rf.1740f2548f836462b277fa19da9079da.jpg,640,640,90892,a19547b4b24c449a4dfe5759a06107e1,,False,
data/indian_saree/train/Bandhani/images12_jpg.rf.4d5001787030897c46648dbfa37ed202.jpg,,indian_patterns,train,Bandhani,images12_jpg.rf.4d5001787030897c46648dbfa37ed202.jpg,640,640,91816,c1ba243023654a7bf71a480ba4e33b19,,False,
data/indian_saree/train/Bandhani/images13_jpg.rf.4c82b06ee86df7a6302e352293fe8679.jpg,,indian_patterns,train,Bandhani,images13_jpg.rf.4c82b06ee86df7a6302e352293fe8679.jpg,640,640,75642,93087983e14110a75b68047c357c0b29,,False,
data/indian_saree/train/Bandhani/images13_jpg.rf.7bd15719a8bff563667de2fdbeeffaba.jpg,,indian_patterns,train,Bandhani,images13_jpg.rf.7bd15719a8bff563667de2fdbeeffaba.jpg,640,640,73576,b3226c1fb811a8a7a07f0a3b36c7c126,,False,
data/indian_saree/train/Bandhani/images13_jpg.rf.ae8ed1dbadefb0708c41c738b78c502c.jpg,,indian_patterns,train,Bandhani,images13_jpg.rf.ae8ed1dbadefb0708c41c738b78c502c.jpg,640,640,76563,1e14673073bc1cd41c2d202d002276d4,,False,
data/indian_saree/train/Bandhani/images14_jpg.rf.39548a4b2d6f919f4eda3daf22802d1f.jpg,,indian_patterns,train,Bandhani,images14_jpg.rf.39548a4b2d6f919f4eda3daf22802d1f.jpg,640,640,49384,b7d9c17bc28de0e70400dc8e4873726d,,False,
data/indian_saree/train/Bandhani/images14_jpg.rf.a64755fd48a7d726fdafba098a4de86a.jpg,,indian_patterns,train,Bandhani,images14_jpg.rf.a64755fd48a7d726fdafba098a4de86a.jpg,640,640,49317,4b72850553442fb4bcb9d18027bdb2c0,,False,
data/indian_saree/train/Bandhani/images14_jpg.rf.ee20278f674c56f853f6e6d90e926925.jpg,,indian_patterns,train,Bandhani,images14_jpg.rf.ee20278f674c56f853f6e6d90e926925.jpg,640,640,53665,bdff0ec2f284c5154d9eeec46dcbede1,,False,
data/indian_saree/train/Bandhani/images15_jpg.rf.3ff27c78315b4f21e26250fbd8264bc7.jpg,,indian_patterns,train,Bandhani,images15_jpg.rf.3ff27c78315b4f21e26250fbd8264bc7.jpg,640,640,76029,398463c81b40b42825320b2afcbc278f,,False,
data/indian_saree/train/Bandhani/images15_jpg.rf.4923b3b45a188901533d8a9c468112ce.jpg,,indian_patterns,train,Bandhani,images15_jpg.rf.4923b3b45a188901533d8a9c468112ce.jpg,640,640,73435,bdf1928a193c00b75b18c77f79daa690,,False,
data/indian_saree/train/Bandhani/images15_jpg.rf.cb2663f5b6fbe75bfb3bf0fe92dd6390.jpg,,indian_patterns,train,Bandhani,images15_jpg.rf.cb2663f5b6fbe75bfb3bf0fe92dd6390.jpg,640,640,74693,e93bfbee9a042114f3dbdc4e0da1f1dd,,False,
data/indian_saree/train/Bandhani/images16_jpg.rf.1a9fc90c45846e88e301498a1fdad836.jpg,,indian_patterns,train,Bandhani,images16_jpg.rf.1a9fc90c45846e88e301498a1fdad836.jpg,640,640,70330,e8b0542d319a63316415d2b35264d08b,,False,
data/indian_saree/train/Bandhani/images16_jpg.rf.22c52dd1855a8a36661c9f39431641b9.jpg,,indian_patterns,train,Bandhani,images16_jpg.rf.22c52dd1855a8a36661c9f39431641b9.jpg,640,640,68107,0bec7e394705cab5e753a165e98fe073,,False,
data/indian_saree/train/Bandhani/images16_jpg.rf.362759b8e1e37f12bcdec2114e78c063.jpg,,indian_patterns,train,Bandhani,images16_jpg.rf.362759b8e1e37f12bcdec2114e78c063.jpg,640,640,70426,dc391e5e007e2f85d3827b54f5049cd5,,False,
data/indian_saree/train/Bandhani/images17_jpg.rf.420a733e5786c74f495c959f84d17104.jpg,,indian_patterns,train,Bandhani,images17_jpg.rf.420a733e5786c74f495c959f84d17104.jpg,640,640,87651,6a47be8f5503f253836955bb1aba1ed7,,False,
data/indian_saree/train/Bandhani/images17_jpg.rf.59672dce07b99b413570b7a293be8c20.jpg,,indian_patterns,train,Bandhani,images17_jpg.rf.59672dce07b99b413570b7a293be8c20.jpg,640,640,86921,09337d0df33095b3796e7930d993c3f8,,False,
data/indian_saree/train/Bandhani/images17_jpg.rf.d70a8558cb07082324e1f3fb450a746d.jpg,,indian_patterns,train,Bandhani,images17_jpg.rf.d70a8558cb07082324e1f3fb450a746d.jpg,640,640,84221,53c8a40d2c7136582a03f0097dd4761e,,False,
data/indian_saree/train/Bandhani/images18_jpg.rf.371edcd29acdece1f8e8adf5264da766.jpg,,indian_patterns,train,Bandhani,images18_jpg.rf.371edcd29acdece1f8e8adf5264da766.jpg,640,640,65591,02dff31f8370826b3abd5c823de84bea,,False,
data/indian_saree/train/Bandhani/images18_jpg.rf.60b25064bc3e80f4787d929256fb75d4.jpg,,indian_patterns,train,Bandhani,images18_jpg.rf.60b25064bc3e80f4787d929256fb75d4.jpg,640,640,66334,bad25d3a797618dac00b56351a9cefda,,False,
data/indian_saree/train/Bandhani/images18_jpg.rf.67e26c5c0188086022ed4fa290f551fa.jpg,,indian_patterns,train,Bandhani,images18_jpg.rf.67e26c5c0188086022ed4fa290f551fa.jpg,640,640,68781,da9959c7028a7d5d922880174bbe3a63,,False,
data/indian_saree/train/Bandhani/images19_jpg.rf.5fcfaca3912f3a1ba8b3538d272bbf14.jpg,,indian_patterns,train,Bandhani,images19_jpg.rf.5fcfaca3912f3a1ba8b3538d272bbf14.jpg,640,640,45038,2ae7b46f6bb5e24190d06e823f40d649,,False,
data/indian_saree/train/Bandhani/images19_jpg.rf.81c61d4b61a95c9becf821d4b2426c2b.jpg,,indian_patterns,train,Bandhani,images19_jpg.rf.81c61d4b61a95c9becf821d4b2426c2b.jpg,640,640,48134,480d3b0d2be4b02db539f0d376e5ddf3,,False,
data/indian_saree/train/Bandhani/images19_jpg.rf.97b763241da1b0c6b21861a51c066f15.jpg,,indian_patterns,train,Bandhani,images19_jpg.rf.97b763241da1b0c6b21861a51c066f15.jpg,640,640,45518,0ed9bd48bc59513bfdb1f0f15f213eb4,,False,
data/indian_saree/train/Bandhani/images2_jpg.rf.2226ea7d3cbb040acde5d8410020b411.jpg,,indian_patterns,train,Bandhani,images2_jpg.rf.2226ea7d3cbb040acde5d8410020b411.jpg,640,640,66751,f6a562a425575fc0e3b9e265e3fb038d,,False,
data/indian_saree/train/Bandhani/images2_jpg.rf.44ebc07dbb84a4fa7f8bf4322f7a72e7.jpg,,indian_patterns,train,Bandhani,images2_jpg.rf.44ebc07dbb84a4fa7f8bf4322f7a72e7.jpg,640,640,65522,0ff8e1f52c7c3e46dc65e3214355fe96,,False,
data/indian_saree/train/Bandhani/images2_jpg.rf.d05f5f3abfd03a5bf3d6202e9049a6bd.jpg,,indian_patterns,train,Bandhani,images2_jpg.rf.d05f5f3abfd03a5bf3d6202e9049a6bd.jpg,640,640,67503,a46f21d64541a133d305c7959c6ececb,,False,
data/indian_saree/train/Bandhani/images4_jpg.rf.7ba79fa0590a95a3355cd86ff44bf6ab.jpg,,indian_patterns,train,Bandhani,images4_jpg.rf.7ba79fa0590a95a3355cd86ff44bf6ab.jpg,640,640,41465,c011b4c6a7c733938ad2a87135fc96d8,,False,
data/indian_saree/train/Bandhani/images4_jpg.rf.8184931392de8dc6cfea34f25e192bff.jpg,,indian_patterns,train,Bandhani,images4_jpg.rf.8184931392de8dc6cfea34f25e192bff.jpg,640,640,42013,6dda26ef464d6ae5d14191f420d3d082,,False,
data/indian_saree/train/Bandhani/images4_jpg.rf.ebd63c7c701d943d15cc996137fa0a1c.jpg,,indian_patterns,train,Bandhani,images4_jpg.rf.ebd63c7c701d943d15cc996137fa0a1c.jpg,640,640,45191,4a7614af5c6774b2a513162317c16cf3,,False,
data/indian_saree/train/Bandhani/images6_jpg.rf.1133c18206bbaad262ee6dffbc8ea063.jpg,,indian_patterns,train,Bandhani,images6_jpg.rf.1133c18206bbaad262ee6dffbc8ea063.jpg,640,640,103074,21a8e45467f1011e213e2bb3b5ce94fe,,False,
data/indian_saree/train/Bandhani/images6_jpg.rf.e95aa22499dfb44d93d9802af3074b75.jpg,,indian_patterns,train,Bandhani,images6_jpg.rf.e95aa22499dfb44d93d9802af3074b75.jpg,640,640,103374,c9f739cfe972084e0f307d49185675ef,,False,
data/indian_saree/train/Bandhani/images6_jpg.rf.f8069baee172618869029bb5520735c2.jpg,,indian_patterns,train,Bandhani,images6_jpg.rf.f8069baee172618869029bb5520735c2.jpg,640,640,100757,47f8b6e92cedf5fa9ae631eb439d10e9,,False,
data/indian_saree/train/Bandhani/images7_jpg.rf.07f75e541c8d3a4bc445211ff3d30fa7.jpg,,indian_patterns,train,Bandhani,images7_jpg.rf.07f75e541c8d3a4bc445211ff3d30fa7.jpg,640,640,79022,1b404b45f9f01f8de9eca0817b39608f,,False,
data/indian_saree/train/Bandhani/images7_jpg.rf.102b289cd181c2b8349ec568b2495fa9.jpg,,indian_patterns,train,Bandhani,images7_jpg.rf.102b289cd181c2b8349ec568b2495fa9.jpg,640,640,79835,e537f01837d7e1ca7af4721c110b2391,,False,
data/indian_saree/train/Bandhani/images7_jpg.rf.9405c44c548b6945331d0ba22bd5c048.jpg,,indian_patterns,train,Bandhani,images7_jpg.rf.9405c44c548b6945331d0ba22bd5c048.jpg,640,640,78240,431b8f694f1e30ef0ec288e26768b836,,False,
data/indian_saree/train/Bandhani/images_jpg.rf.24e1bb0bca640f83ab02dcc8fbd40a07.jpg,,indian_patterns,train,Bandhani,images_jpg.rf.24e1bb0bca640f83ab02dcc8fbd40a07.jpg,640,640,84714,6dfbcacb85d27b9ad5426ec3d1c7347d,,False,
data/indian_saree/train/Bandhani/images_jpg.rf.40b937876bf4c09bd79e64ebefd80a0c.jpg,,indian_patterns,train,Bandhani,images_jpg.rf.40b937876bf4c09bd79e64ebefd80a0c.jpg,640,640,82139,c42734492c74f13d36cf793d9df3ff32,,False,
data/indian_saree/train/Bandhani/images_jpg.rf.5a0bcb37a5943c03ca6402451f656352.jpg,,indian_patterns,train,Bandhani,images_jpg.rf.5a0bcb37a5943c03ca6402451f656352.jpg,640,640,84662,e1951a7a98a7ad2a3dd4e1f606012cb9,,False,
data/indian_saree/train/Bandhani/IMG_1075_53fed6ab-fbec-4660-918c-7006fbefeb17_jpg.rf.7d6409ede7a82c77b66c6f0340f5fabf.jpg,,indian_patterns,train,Bandhani,IMG_1075_53fed6ab-fbec-4660-918c-7006fbefeb17_jpg.rf.7d6409ede7a82c77b66c6f0340f5fabf.jpg,640,640,51692,780ff912bc1dc6dcfad74398d5cae651,,False,
data/indian_saree/train/Bandhani/IMG_1075_53fed6ab-fbec-4660-918c-7006fbefeb17_jpg.rf.a3de50c16634a341487c7208252a0b0f.jpg,,indian_patterns,train,Bandhani,IMG_1075_53fed6ab-fbec-4660-918c-7006fbefeb17_jpg.rf.a3de50c16634a341487c7208252a0b0f.jpg,640,640,50788,1311860f2dabe54a485abb2f40227346,,False,
data/indian_saree/train/Bandhani/IMG_1075_53fed6ab-fbec-4660-918c-7006fbefeb17_jpg.rf.d520a708c5f234d63af4789f44cb61a0.jpg,,indian_patterns,train,Bandhani,IMG_1075_53fed6ab-fbec-4660-918c-7006fbefeb17_jpg.rf.d520a708c5f234d63af4789f44cb61a0.jpg,640,640,50448,948c5ef218c82643b12c940bdaac4ca8,,False,
data/indian_saree/train/Bandhani/IMG_1093_f0e1e7c5-aa80-4e27-a5e8-b775856bf48b_jpg.rf.21042a4b1e4e3fe34ca1535e907c4a80.jpg,,indian_patterns,train,Bandhani,IMG_1093_f0e1e7c5-aa80-4e27-a5e8-b775856bf48b_jpg.rf.21042a4b1e4e3fe34ca1535e907c4a80.jpg,640,640,54907,2d1ce4a59784d5034aa06590b4bfd461,,False,
data/indian_saree/train/Bandhani/IMG_1093_f0e1e7c5-aa80-4e27-a5e8-b775856bf48b_jpg.rf.68af0aebfd6081a717c53945b2019a8e.jpg,,indian_patterns,train,Bandhani,IMG_1093_f0e1e7c5-aa80-4e27-a5e8-b775856bf48b_jpg.rf.68af0aebfd6081a717c53945b2019a8e.jpg,640,640,55147,a387e0c1b4f11340831cdb1c0aec0012,,False,
data/indian_saree/train/Bandhani/IMG_1093_f0e1e7c5-aa80-4e27-a5e8-b775856bf48b_jpg.rf.958c2c933d92e2a529bf81fbf366e124.jpg,,indian_patterns,train,Bandhani,IMG_1093_f0e1e7c5-aa80-4e27-a5e8-b775856bf48b_jpg.rf.958c2c933d92e2a529bf81fbf366e124.jpg,640,640,52006,c2bcdf3d5542b5db48bebf41e504ac44,,False,
data/indian_saree/train/Bandhani/IMG_20231007_145508_3f1030ad-6233-479b-96b5-d3a5edf8b95e_jpg.rf.63a609a9c37b1cb07617c972fc7742ac.jpg,,indian_patterns,train,Bandhani,IMG_20231007_145508_3f1030ad-6233-479b-96b5-d3a5edf8b95e_jpg.rf.63a609a9c37b1cb07617c972fc7742ac.jpg,640,640,50719,d9ff23752905e518fe3cb04c88c33475,,False,
data/indian_saree/train/Bandhani/IMG_20231007_145508_3f1030ad-6233-479b-96b5-d3a5edf8b95e_jpg.rf.fa511f0dd61c24bae3e4f3ca6671e09a.jpg,,indian_patterns,train,Bandhani,IMG_20231007_145508_3f1030ad-6233-479b-96b5-d3a5edf8b95e_jpg.rf.fa511f0dd61c24bae3e4f3ca6671e09a.jpg,640,640,49369,9ca294e6e3ad316c38aa053ee121445e,,False,
data/indian_saree/train/Bandhani/IMG_20231007_145508_3f1030ad-6233-479b-96b5-d3a5edf8b95e_jpg.rf.fb0d929b8882f4ed4254c4f4c11e0053.jpg,,indian_patterns,train,Bandhani,IMG_20231007_145508_3f1030ad-6233-479b-96b5-d3a5edf8b95e_jpg.rf.fb0d929b8882f4ed4254c4f4c11e0053.jpg,640,640,52263,60303587b5c7b71e1d2f996791ad132d,,False,
data/indian_saree/train/Bandhani/IMG_8051_f5f53f7e-43d2-4c40-b2ff-2f6f10024d6d_800x_jpg.rf.1ed1412d3ce1cd2414c0419f65933b5f.jpg,,indian_patterns,train,Bandhani,IMG_8051_f5f53f7e-43d2-4c40-b2ff-2f6f10024d6d_800x_jpg.rf.1ed1412d3ce1cd2414c0419f65933b5f.jpg,640,640,86119,2cff43b8ee798ad2c21c9bb482988546,,False,
data/indian_saree/train/Bandhani/IMG_8051_f5f53f7e-43d2-4c40-b2ff-2f6f10024d6d_800x_jpg.rf.557664b082ea342292ec66176589d72c.jpg,,indian_patterns,train,Bandhani,IMG_8051_f5f53f7e-43d2-4c40-b2ff-2f6f10024d6d_800x_jpg.rf.557664b082ea342292ec66176589d72c.jpg,640,640,83295,4d5b9f2f5b19c06a6293dddc019da8e5,,False,
data/indian_saree/train/Bandhani/IMG_8051_f5f53f7e-43d2-4c40-b2ff-2f6f10024d6d_800x_jpg.rf.d27121026a3906bc9fb0ed0a709641e7.jpg,,indian_patterns,train,Bandhani,IMG_8051_f5f53f7e-43d2-4c40-b2ff-2f6f10024d6d_800x_jpg.rf.d27121026a3906bc9fb0ed0a709641e7.jpg,640,640,84207,69078a181bc1c6cf6028480857e0678e,,False,
data/indian_saree/train/Bandhani/IMG_E0327_6ca7a8fe-6413-4474-a347-e14326b4d345_jpg.rf.26eaf5f0d34c6ff493a22b072862ca8d.jpg,,indian_patterns,train,Bandhani,IMG_E0327_6ca7a8fe-6413-4474-a347-e14326b4d345_jpg.rf.26eaf5f0d34c6ff493a22b072862ca8d.jpg,640,640,138264,6bf72ac4b968b05df365af7a915ecc89,,False,
data/indian_saree/train/Bandhani/IMG_E0327_6ca7a8fe-6413-4474-a347-e14326b4d345_jpg.rf.4432011a1dea10591d2f7562182551b5.jpg,,indian_patterns,train,Bandhani,IMG_E0327_6ca7a8fe-6413-4474-a347-e14326b4d345_jpg.rf.4432011a1dea10591d2f7562182551b5.jpg,640,640,137075,69ba4c1f81b2c98eff17744c501341e8,,False,
data/indian_saree/train/Bandhani/IMG_E0327_6ca7a8fe-6413-4474-a347-e14326b4d345_jpg.rf.9253b6d29baf36da42a60871e67a1490.jpg,,indian_patterns,train,Bandhani,IMG_E0327_6ca7a8fe-6413-4474-a347-e14326b4d345_jpg.rf.9253b6d29baf36da42a60871e67a1490.jpg,640,640,137147,24ff2def5693593782e0e439e1159474,,False,
data/indian_saree/train/Bandhani/indian-saree-texture-bandhani-print-600nw-1988687258_jpg.rf.1a796e9a88306f9616aafb4f41320e8a.jpg,,indian_patterns,train,Bandhani,indian-saree-texture-bandhani-print-600nw-1988687258_jpg.rf.1a796e9a88306f9616aafb4f41320e8a.jpg,640,640,117365,c5cee7579af365c89ce97886620acacd,,False,
data/indian_saree/train/Bandhani/indian-saree-texture-bandhani-print-600nw-1988687258_jpg.rf.9ab7783264a90d503662a6cecb69d72e.jpg,,indian_patterns,train,Bandhani,indian-saree-texture-bandhani-print-600nw-1988687258_jpg.rf.9ab7783264a90d503662a6cecb69d72e.jpg,640,640,119198,05f062873fc60cf8a0390ff689bb6a63,,False,
data/indian_saree/train/Bandhani/indian-saree-texture-bandhani-print-600nw-1988687258_jpg.rf.e6deff5669c1b27a5c01fb1a98c7a16c.jpg,,indian_patterns,train,Bandhani,indian-saree-texture-bandhani-print-600nw-1988687258_jpg.rf.e6deff5669c1b27a5c01fb1a98c7a16c.jpg,640,640,118986,e8430f23d08a0e169bc1373e0f354199,,False,
data/indian_saree/train/Bandhani/kutch-bandhani-dress-materialbandhej-dress-810x456_large_jpg.rf.4e589cbe3cd8488f73a2cf984b5cad78.jpg,,indian_patterns,train,Bandhani,kutch-bandhani-dress-materialbandhej-dress-810x456_large_jpg.rf.4e589cbe3cd8488f73a2cf984b5cad78.jpg,640,640,89536,8d0ad55498e7a8aa837e9489495a2ccf,,False,
data/indian_saree/train/Bandhani/kutch-bandhani-dress-materialbandhej-dress-810x456_large_jpg.rf.dfb199e032f3e857ea27ffe72e0ebb08.jpg,,indian_patterns,train,Bandhani,kutch-bandhani-dress-materialbandhej-dress-810x456_large_jpg.rf.dfb199e032f3e857ea27ffe72e0ebb08.jpg,640,640,89349,26d24752260fc5ad34bdd46fbdfbfeab,,False,
data/indian_saree/train/Bandhani/kutch-bandhani-dress-materialbandhej-dress-810x456_large_jpg.rf.f60e66d7ac6a613f97e9f9247444a737.jpg,,indian_patterns,train,Bandhani,kutch-bandhani-dress-materialbandhej-dress-810x456_large_jpg.rf.f60e66d7ac6a613f97e9f9247444a737.jpg,640,640,91589,5054e0dc8666a1413e8dad1384f0c651,,False,
data/indian_saree/train/Bandhani/maroon-bandhani-pure-gajji-silk-fabric-1-mtr-311869_jpg.rf.4fa50d95b5dac39ac6c0af11294e2c25.jpg,,indian_patterns,train,Bandhani,maroon-bandhani-pure-gajji-silk-fabric-1-mtr-311869_jpg.rf.4fa50d95b5dac39ac6c0af11294e2c25.jpg,640,640,49614,2fb5fb852353e261862bfa3bd6bbc0b6,maroon,False,
data/indian_saree/train/Bandhani/maroon-bandhani-pure-gajji-silk-fabric-1-mtr-311869_jpg.rf.9c294db5205064d9521b6778b550e160.jpg,,indian_patterns,train,Bandhani,maroon-bandhani-pure-gajji-silk-fabric-1-mtr-311869_jpg.rf.9c294db5205064d9521b6778b550e160.jpg,640,640,51149,c2ccf8b284c46651317af4587bccd64c,maroon,False,
data/indian_saree/train/Bandhani/maroon-bandhani-pure-gajji-silk-fabric-1-mtr-311869_jpg.rf.e241a9bc6926e1d63c10e3d507e71392.jpg,,indian_patterns,train,Bandhani,maroon-bandhani-pure-gajji-silk-fabric-1-mtr-311869_jpg.rf.e241a9bc6926e1d63c10e3d507e71392.jpg,640,640,52499,7f373a603f2fb9e2f63d7b4ef9db02c8,maroon,False,
data/indian_saree/train/Bandhani/red-bandhani-cotton-silk-fabric-1-mtr-261793_jpg.rf.6b542f539695e3af2c55ffe398cfbceb.jpg,,indian_patterns,train,Bandhani,red-bandhani-cotton-silk-fabric-1-mtr-261793_jpg.rf.6b542f539695e3af2c55ffe398cfbceb.jpg,640,640,56849,83490f9bea362571fc145cf79b98d072,red,False,
data/indian_saree/train/Bandhani/red-bandhani-cotton-silk-fabric-1-mtr-261793_jpg.rf.9bcdb4b75f38b7261b30cba1f1cc3382.jpg,,indian_patterns,train,Bandhani,red-bandhani-cotton-silk-fabric-1-mtr-261793_jpg.rf.9bcdb4b75f38b7261b30cba1f1cc3382.jpg,640,640,59844,c8b6a9b8d42fd42ed4313279fc1d4764,red,False,
data/indian_saree/train/Bandhani/red-bandhani-cotton-silk-fabric-1-mtr-261793_jpg.rf.c74593f14510155e7a46625b1627e256.jpg,,indian_patterns,train,Bandhani,red-bandhani-cotton-silk-fabric-1-mtr-261793_jpg.rf.c74593f14510155e7a46625b1627e256.jpg,640,640,60752,55f77e915aa464334628cace58921d69,red,False,
data/indian_saree/train/Bandhani/RFTCOM116_jpg.rf.075c9768f09bcdc86efa8eefbacd1aab.jpg,,indian_patterns,train,Bandhani,RFTCOM116_jpg.rf.075c9768f09bcdc86efa8eefbacd1aab.jpg,640,640,71642,4e9b240663e8b00a7ac874fcc356df36,,False,
data/indian_saree/train/Bandhani/RFTCOM116_jpg.rf.1c4bbdef98cb31f1296bcf30395ebf22.jpg,,indian_patterns,train,Bandhani,RFTCOM116_jpg.rf.1c4bbdef98cb31f1296bcf30395ebf22.jpg,640,640,69156,1ea7fe2ffce322ca8205c311336bee27,,False,
data/indian_saree/train/Bandhani/RFTCOM116_jpg.rf.eaef0f50170ddc27364503950af75b46.jpg,,indian_patterns,train,Bandhani,RFTCOM116_jpg.rf.eaef0f50170ddc27364503950af75b46.jpg,640,640,70528,e83dd549debaec291273f46e82c15e9e,,False,
data/indian_saree/train/Bandhani/sf30171a_jpg.rf.6717d426005cb6f190be1c8b5566d7e5.jpg,,indian_patterns,train,Bandhani,sf30171a_jpg.rf.6717d426005cb6f190be1c8b5566d7e5.jpg,640,640,64459,c0b6fbed22ccafd0d8e275beaa8d8502,,False,
data/indian_saree/train/Bandhani/sf30171a_jpg.rf.6885b25d87c7dd9dc5e9016014719be8.jpg,,indian_patterns,train,Bandhani,sf30171a_jpg.rf.6885b25d87c7dd9dc5e9016014719be8.jpg,640,640,63999,88f4ad170b2b29382ab41b4a14e2f920,,False,
data/indian_saree/train/Bandhani/sf30171a_jpg.rf.f0da5bceacff71831805602bb2857b5e.jpg,,indian_patterns,train,Bandhani,sf30171a_jpg.rf.f0da5bceacff71831805602bb2857b5e.jpg,640,640,64094,cbaf947a51cd3c1c28eac99a1814c3fe,,False,
data/indian_saree/train/Bandhani/sf30174a_jpg.rf.1a09ad365c306abeb7e33443113bfb15.jpg,,indian_patterns,train,Bandhani,sf30174a_jpg.rf.1a09ad365c306abeb7e33443113bfb15.jpg,640,640,49919,27ccb2771fce8b161c728b349fef9bd7,,False,
data/indian_saree/train/Bandhani/sf30174a_jpg.rf.46f4203b604614f69aab046000231f5d.jpg,,indian_patterns,train,Bandhani,sf30174a_jpg.rf.46f4203b604614f69aab046000231f5d.jpg,640,640,52198,d0bfe3b607980b26c5bf6c2887194ac1,,False,
data/indian_saree/train/Bandhani/sf30174a_jpg.rf.a39f7750ac1bbb19baafd98b5fb825eb.jpg,,indian_patterns,train,Bandhani,sf30174a_jpg.rf.a39f7750ac1bbb19baafd98b5fb825eb.jpg,640,640,51006,2cfbaa37fbf766435b1a5b822a2c0b59,,False,
data/indian_saree/train/Bandhani/sf30177a_jpg.rf.3a7a9930a4201676854fb12e0d869495.jpg,,indian_patterns,train,Bandhani,sf30177a_jpg.rf.3a7a9930a4201676854fb12e0d869495.jpg,640,640,53372,252615714ce7c288eafc92f184f4b778,,False,
data/indian_saree/train/Bandhani/sf30177a_jpg.rf.72d69d23fa0493791113dca803f26dc0.jpg,,indian_patterns,train,Bandhani,sf30177a_jpg.rf.72d69d23fa0493791113dca803f26dc0.jpg,640,640,50282,6540d254503dfd6891cfa3417993710f,,False,
data/indian_saree/train/Bandhani/sf30177a_jpg.rf.b1ab11f62246d654edc93fc1f7e9638a.jpg,,indian_patterns,train,Bandhani,sf30177a_jpg.rf.b1ab11f62246d654edc93fc1f7e9638a.jpg,640,640,51360,1356cd9e45c79510c6eeb8ff17bf9829,,False,
data/indian_saree/train/Bandhani/sf30179a_jpg.rf.15604b6709664266e5b09fdfc5a505c0.jpg,,indian_patterns,train,Bandhani,sf30179a_jpg.rf.15604b6709664266e5b09fdfc5a505c0.jpg,640,640,49756,4f2bfda0f486b7a46f6048381464a23e,,False,
data/indian_saree/train/Bandhani/sf30179a_jpg.rf.a3b351f53fe00e6af4d29531952edb7a.jpg,,indian_patterns,train,Bandhani,sf30179a_jpg.rf.a3b351f53fe00e6af4d29531952edb7a.jpg,640,640,49273,554fb23b0195fffb222c4ff036a3b4d1,,False,
data/indian_saree/train/Bandhani/sf30179a_jpg.rf.d2974c9537492b18b765339bac89a335.jpg,,indian_patterns,train,Bandhani,sf30179a_jpg.rf.d2974c9537492b18b765339bac89a335.jpg,640,640,47749,63caf4800331ebe986ef3a28d61a33f6,,False,
data/indian_saree/train/Bandhani/sf30180a_jpg.rf.0498701682284939f54e2f83232b8149.jpg,,indian_patterns,train,Bandhani,sf30180a_jpg.rf.0498701682284939f54e2f83232b8149.jpg,640,640,55564,925c913f48385a31d7c3c052838c85cd,,False,
data/indian_saree/train/Bandhani/sf30180a_jpg.rf.2a2b890dd8ec50826803949b4ea585d2.jpg,,indian_patterns,train,Bandhani,sf30180a_jpg.rf.2a2b890dd8ec50826803949b4ea585d2.jpg,640,640,55508,ca792d638ea8bcab40247b433f13a160,,False,
data/indian_saree/train/Bandhani/sf30180a_jpg.rf.7267185111eec90e7f71765228936413.jpg,,indian_patterns,train,Bandhani,sf30180a_jpg.rf.7267185111eec90e7f71765228936413.jpg,640,640,59325,dea3ee76b732dbdcf369c5f0c2c52dc4,,False,
data/indian_saree/train/Bandhani/sf32169-saroj-fabrics-silk-bandhani-fabric_jpg.rf.0cf6bf3490b7faab3be983e79bbf3b40.jpg,,indian_patterns,train,Bandhani,sf32169-saroj-fabrics-silk-bandhani-fabric_jpg.rf.0cf6bf3490b7faab3be983e79bbf3b40.jpg,640,640,41981,b29a5a8ef81fc14b4f6822622a790191,,False,
data/indian_saree/train/Bandhani/sf32169-saroj-fabrics-silk-bandhani-fabric_jpg.rf.614c654b55535dad9b6b62d0b5593f35.jpg,,indian_patterns,train,Bandhani,sf32169-saroj-fabrics-silk-bandhani-fabric_jpg.rf.614c654b55535dad9b6b62d0b5593f35.jpg,640,640,44255,1498eff72fab4172781df13c19951b84,,False,
data/indian_saree/train/Bandhani/sf32169-saroj-fabrics-silk-bandhani-fabric_jpg.rf.71a4c224635fe56008122e4a9b8d4c24.jpg,,indian_patterns,train,Bandhani,sf32169-saroj-fabrics-silk-bandhani-fabric_jpg.rf.71a4c224635fe56008122e4a9b8d4c24.jpg,640,640,41701,2d56e5e746a5c5de2f7e25757e015938,,False,
data/indian_saree/train/Bandhani/sfd06_jpg.rf.5f8958415c5e0ebcbd325502c9578f7d.jpg,,indian_patterns,train,Bandhani,sfd06_jpg.rf.5f8958415c5e0ebcbd325502c9578f7d.jpg,640,640,104854,1573873cf141a25a93ee1448f2183a7e,,False,
data/indian_saree/train/Bandhani/sfd06_jpg.rf.b1d9aae2881c4122c0c0c332af5d8b4f.jpg,,indian_patterns,train,Bandhani,sfd06_jpg.rf.b1d9aae2881c4122c0c0c332af5d8b4f.jpg,640,640,102327,aa381b26d7a3cd1e73297810d32c4ab8,,False,
data/indian_saree/train/Bandhani/sfd06_jpg.rf.cb701480793904d61c223fa3511b639f.jpg,,indian_patterns,train,Bandhani,sfd06_jpg.rf.cb701480793904d61c223fa3511b639f.jpg,640,640,105405,c22afc7bff33c9fcbf98c4f50d16c6f1,,False,
data/indian_saree/train/Bandhani/sfi11-brownie_jpg.rf.397da19a56b9430397c1ef624b7fd8dd.jpg,,indian_patterns,train,Bandhani,sfi11-brownie_jpg.rf.397da19a56b9430397c1ef624b7fd8dd.jpg,640,640,65598,5445c4c9451c59d504def647eb9bbebc,,False,
data/indian_saree/train/Bandhani/sfi11-brownie_jpg.rf.58b8b56c5e236c15a23cafa6ef9bab94.jpg,,indian_patterns,train,Bandhani,sfi11-brownie_jpg.rf.58b8b56c5e236c15a23cafa6ef9bab94.jpg,640,640,62685,c8ceb94ad2e507a597e6b9e4a8606023,,False,
data/indian_saree/train/Bandhani/sfi11-brownie_jpg.rf.7607f4f7a6e7e5e0d894e8b4ed771ba8.jpg,,indian_patterns,train,Bandhani,sfi11-brownie_jpg.rf.7607f4f7a6e7e5e0d894e8b4ed771ba8.jpg,640,640,63483,cbd60510e870158887e344edeb3c6c14,,False,
data/indian_saree/train/Bandhani/voilet-bandhani-handwoven-banarasi-silk-fabric-307829_800x_jpg.rf.8ed128ae966c412db9d50cc5382ccfae.jpg,,indian_patterns,train,Bandhani,voilet-bandhani-handwoven-banarasi-silk-fabric-307829_800x_jpg.rf.8ed128ae966c412db9d50cc5382ccfae.jpg,640,640,61667,fa23a9f38968834e60f564e0f7dd5c2e,,False,
data/indian_saree/train/Bandhani/voilet-bandhani-handwoven-banarasi-silk-fabric-307829_800x_jpg.rf.bc2c121ddc3550f23b8da37083be870c.jpg,,indian_patterns,train,Bandhani,voilet-bandhani-handwoven-banarasi-silk-fabric-307829_800x_jpg.rf.bc2c121ddc3550f23b8da37083be870c.jpg,640,640,58352,f9ac957656a84b07cd5496e9cd2379b5,,False,
data/indian_saree/train/Bandhani/voilet-bandhani-handwoven-banarasi-silk-fabric-307829_800x_jpg.rf.c1a1088c44a5daa0c21c7820f340e4e7.jpg,,indian_patterns,train,Bandhani,voilet-bandhani-handwoven-banarasi-silk-fabric-307829_800x_jpg.rf.c1a1088c44a5daa0c21c7820f340e4e7.jpg,640,640,60331,eae3d7a47b4b22c4e0b4a88210170edc,,False,
data/indian_saree/train/Bandhani/white-and-yellow-bandhani-print-on-red-kota-doria-fabric-894909_jpg.rf.8eee27745f81edcc30eca10ddc838759.jpg,,indian_patterns,train,Bandhani,white-and-yellow-bandhani-print-on-red-kota-doria-fabric-894909_jpg.rf.8eee27745f81edcc30eca10ddc838759.jpg,640,640,110076,d02476fbf7d733555e23907f30224a69,"red,white,yellow",False,
data/indian_saree/train/Bandhani/white-and-yellow-bandhani-print-on-red-kota-doria-fabric-894909_jpg.rf.ac5987c710bbfb9d126800b07f45150d.jpg,,indian_patterns,train,Bandhani,white-and-yellow-bandhani-print-on-red-kota-doria-fabric-894909_jpg.rf.ac5987c710bbfb9d126800b07f45150d.jpg,640,640,107362,443091d081e0e0010a82b1cf41424468,"red,white,yellow",False,
data/indian_saree/train/Bandhani/white-and-yellow-bandhani-print-on-red-kota-doria-fabric-894909_jpg.rf.ceed152596379924d1f67dff172657b8.jpg,,indian_patterns,train,Bandhani,white-and-yellow-bandhani-print-on-red-kota-doria-fabric-894909_jpg.rf.ceed152596379924d1f67dff172657b8.jpg,640,640,107554,d8beb046ba404b1492d002b8deabe639,"red,white,yellow",False,
data/indian_saree/train/Ikat/-473Wx593H-469483204-multi-MODEL_jpg.rf.0028587ae2384a6a4bd0fa8cf6477125.jpg,,indian_patterns,train,Ikat,-473Wx593H-469483204-multi-MODEL_jpg.rf.0028587ae2384a6a4bd0fa8cf6477125.jpg,640,640,74647,c468b02587cdc8822db2f83efb9ef556,,False,
data/indian_saree/train/Ikat/-473Wx593H-469483204-multi-MODEL_jpg.rf.b7c4dcbe7be6af5bc3f4c767b0b9d03b.jpg,,indian_patterns,train,Ikat,-473Wx593H-469483204-multi-MODEL_jpg.rf.b7c4dcbe7be6af5bc3f4c767b0b9d03b.jpg,640,640,76005,97cda7ec071fef81764f98f795778725,,False,
data/indian_saree/train/Ikat/-473Wx593H-469483204-multi-MODEL_jpg.rf.fd58c9bca1c0f2a633c22cac2330a54c.jpg,,indian_patterns,train,Ikat,-473Wx593H-469483204-multi-MODEL_jpg.rf.fd58c9bca1c0f2a633c22cac2330a54c.jpg,640,640,77866,4d21c3610371ccd3ba4dd570be453037,,False,
data/indian_saree/train/Ikat/-473Wx593H-469483210-multi-MODEL_jpg.rf.6a34a4af1aaf551cbbd4018d7c5b436a.jpg,,indian_patterns,train,Ikat,-473Wx593H-469483210-multi-MODEL_jpg.rf.6a34a4af1aaf551cbbd4018d7c5b436a.jpg,640,640,83591,d52f1b07274536d2063709b548abab8b,,False,
data/indian_saree/train/Ikat/-473Wx593H-469483210-multi-MODEL_jpg.rf.efb264b3a3cf06911b64a06ff34921d3.jpg,,indian_patterns,train,Ikat,-473Wx593H-469483210-multi-MODEL_jpg.rf.efb264b3a3cf06911b64a06ff34921d3.jpg,640,640,85830,88da9355b6c790968b99f88b9022f76a,,False,
data/indian_saree/train/Ikat/-473Wx593H-469483210-multi-MODEL_jpg.rf.fb060b01725f1b7366c047bff7a76e2e.jpg,,indian_patterns,train,Ikat,-473Wx593H-469483210-multi-MODEL_jpg.rf.fb060b01725f1b7366c047bff7a76e2e.jpg,640,640,83118,7b1ba05690885d59c6423468877e0e56,,False,
data/indian_saree/train/Ikat/1-5-5_jpg.rf.22a80ae5ba30499032f8af935ccb61e0.jpg,,indian_patterns,train,Ikat,1-5-5_jpg.rf.22a80ae5ba30499032f8af935ccb61e0.jpg,640,640,57886,ad3a665c6caa5b75f282b800daec869a,,False,
data/indian_saree/train/Ikat/1-5-5_jpg.rf.4730845f18bef2aa9223fd3ba04f1d84.jpg,,indian_patterns,train,Ikat,1-5-5_jpg.rf.4730845f18bef2aa9223fd3ba04f1d84.jpg,640,640,58700,57ec80c83949204d2566238260087fad,,False,
data/indian_saree/train/Ikat/1-5-5_jpg.rf.97c249bb7e4f7811c2c0b686492ce5ac.jpg,,indian_patterns,train,Ikat,1-5-5_jpg.rf.97c249bb7e4f7811c2c0b686492ce5ac.jpg,640,640,60547,f1efdc2a3b03d16039d8f82bf5b95f51,,False,
data/indian_saree/train/Ikat/1-58_jpg.rf.2d95c2d30568dcd654592cdebbefe3da.jpg,,indian_patterns,train,Ikat,1-58_jpg.rf.2d95c2d30568dcd654592cdebbefe3da.jpg,640,640,50135,9f22c842434d08feb895f45acdb92f2c,,False,
data/indian_saree/train/Ikat/1-58_jpg.rf.3456de6761ec88d64f56368453a74c52.jpg,,indian_patterns,train,Ikat,1-58_jpg.rf.3456de6761ec88d64f56368453a74c52.jpg,640,640,50422,78be29ec9b12512a02e019f49fd476eb,,False,
data/indian_saree/train/Ikat/1-58_jpg.rf.f8ae880c07ab38024a4094843cfdb230.jpg,,indian_patterns,train,Ikat,1-58_jpg.rf.f8ae880c07ab38024a4094843cfdb230.jpg,640,640,48366,5dc7c37992e4b11f6a996529e97260e5,,False,
data/indian_saree/train/Ikat/1_VSNAPBM10058135_profile_jpg.rf.55dadff9865ad606ec20a52d1f20ce75.jpg,,indian_patterns,train,Ikat,1_VSNAPBM10058135_profile_jpg.rf.55dadff9865ad606ec20a52d1f20ce75.jpg,640,640,55190,f689693f53bd6c6ee19c073339b6f0eb,,False,
data/indian_saree/train/Ikat/1_VSNAPBM10058135_profile_jpg.rf.5729a125562d7c9a964e1bc0a3494046.jpg,,indian_patterns,train,Ikat,1_VSNAPBM10058135_profile_jpg.rf.5729a125562d7c9a964e1bc0a3494046.jpg,640,640,54867,b0af62afe5f2522e5266928123d81679,,False,
data/indian_saree/train/Ikat/1_VSNAPBM10058135_profile_jpg.rf.598899478ce034c577f95356c5650207.jpg,,indian_patterns,train,Ikat,1_VSNAPBM10058135_profile_jpg.rf.598899478ce034c577f95356c5650207.jpg,640,640,55483,78503451214049d520e4b28fa79e4b97,,False,
data/indian_saree/train/Ikat/1TTXGENAP06528_1_jpg.rf.1c35e5671c5e7c7c2e93ab7a2fbb0c6c.jpg,,indian_patterns,train,Ikat,1TTXGENAP06528_1_jpg.rf.1c35e5671c5e7c7c2e93ab7a2fbb0c6c.jpg,640,640,28947,a2d91890b5dd5ef33a8d37c5afe27b62,,False,
data/indian_saree/train/Ikat/1TTXGENAP06528_1_jpg.rf.448c0f773c25a527e810e672f25960ce.jpg,,indian_patterns,train,Ikat,1TTXGENAP06528_1_jpg.rf.448c0f773c25a527e810e672f25960ce.jpg,640,640,33302,0c46daec2920e5ae84b83a326340b781,,False,
data/indian_saree/train/Ikat/1TTXGENAP06528_1_jpg.rf.84067cb0f854e447e17b5db3b569d87f.jpg,,indian_patterns,train,Ikat,1TTXGENAP06528_1_jpg.rf.84067cb0f854e447e17b5db3b569d87f.jpg,640,640,30763,eda060b9cce8338e46c3cc332114059b,,False,
data/indian_saree/train/Ikat/1TTXGENAP06537_1_jpg.rf.2b353682200ba3ec06b5e1fae1623639.jpg,,indian_patterns,train,Ikat,1TTXGENAP06537_1_jpg.rf.2b353682200ba3ec06b5e1fae1623639.jpg,640,640,35882,b4ffe06231fcd138e3a2f1f109418376,,False,
data/indian_saree/train/Ikat/1TTXGENAP06537_1_jpg.rf.531a2657ae0e44b33a9add989e09d5f4.jpg,,indian_patterns,train,Ikat,1TTXGENAP06537_1_jpg.rf.531a2657ae0e44b33a9add989e09d5f4.jpg,640,640,38435,85ee2528f55522cd2013ba628f4f62eb,,False,
data/indian_saree/train/Ikat/1TTXGENAP06537_1_jpg.rf.97e438c801b692c8828ce99818fd6854.jpg,,indian_patterns,train,Ikat,1TTXGENAP06537_1_jpg.rf.97e438c801b692c8828ce99818fd6854.jpg,640,640,36587,27c901a8ea716896f9dc4496e17258d9,,False,
data/indian_saree/train/Ikat/20220116-163925-jpg-500x500_jpg.rf.57cbb014712ecb11412f55eecaaee5dc.jpg,,indian_patterns,train,Ikat,20220116-163925-jpg-500x500_jpg.rf.57cbb014712ecb11412f55eecaaee5dc.jpg,640,640,85380,b6ba570d4290503342989f9c71d303d0,,False,
data/indian_saree/train/Ikat/20220116-163925-jpg-500x500_jpg.rf.bfd8cd87a1443a5dc92d4a348f6cf845.jpg,,indian_patterns,train,Ikat,20220116-163925-jpg-500x500_jpg.rf.bfd8cd87a1443a5dc92d4a348f6cf845.jpg,640,640,82251,0eba32121dde2f50cbc5603902de9fe7,,False,
data/indian_saree/train/Ikat/20220116-163925-jpg-500x500_jpg.rf.ef1587d890df5ef3b25f76d6b7e1c575.jpg,,indian_patterns,train,Ikat,20220116-163925-jpg-500x500_jpg.rf.ef1587d890df5ef3b25f76d6b7e1c575.jpg,640,640,83906,3ca49a98e67b13acf60cfeb683766e74,,False,
data/indian_saree/train/Ikat/274AF444-2B22-491F-BE62-B74D032FBD49_1_201_a_1024x10242x_jpg.rf.221bcdb0709a25590c594b76bda51eff.jpg,,indian_patterns,train,Ikat,274AF444-2B22-491F-BE62-B74D032FBD49_1_201_a_1024x10242x_jpg.rf.221bcdb0709a25590c594b76bda51eff.jpg,640,640,96551,f7df48ea4eb1a38147d97f24535eae70,,False,
data/indian_saree/train/Ikat/274AF444-2B22-491F-BE62-B74D032FBD49_1_201_a_1024x10242x_jpg.rf.30ef37dc89a48374b8fd2a10aeab1665.jpg,,indian_patterns,train,Ikat,274AF444-2B22-491F-BE62-B74D032FBD49_1_201_a_1024x10242x_jpg.rf.30ef37dc89a48374b8fd2a10aeab1665.jpg,640,640,95071,dcbe95b99e8a14a332cc6093970e3b5a,,False,
data/indian_saree/train/Ikat/274AF444-2B22-491F-BE62-B74D032FBD49_1_201_a_1024x10242x_jpg.rf.c08d8e8d76fad32c36211727f1499144.jpg,,indian_patterns,train,Ikat,274AF444-2B22-491F-BE62-B74D032FBD49_1_201_a_1024x10242x_jpg.rf.c08d8e8d76fad32c36211727f1499144.jpg,640,640,94477,a5cfdef2284059b972416757cde369c7,,False,
data/indian_saree/train/Ikat/3E9A9863_c343de3b-c5eb-4c55-a9ac-660be72eb393_jpg.rf.389211e9a0d582adeb57430bcb4e8fbf.jpg,,indian_patterns,train,Ikat,3E9A9863_c343de3b-c5eb-4c55-a9ac-660be72eb393_jpg.rf.389211e9a0d582adeb57430bcb4e8fbf.jpg,640,640,39089,8c320dabb64e84d946fa80bc551f22aa,,False,
data/indian_saree/train/Ikat/3E9A9863_c343de3b-c5eb-4c55-a9ac-660be72eb393_jpg.rf.6683e3087b4961212b0139e7f5a824aa.jpg,,indian_patterns,train,Ikat,3E9A9863_c343de3b-c5eb-4c55-a9ac-660be72eb393_jpg.rf.6683e3087b4961212b0139e7f5a824aa.jpg,640,640,37005,0d2547f54011a5b7600d3cc62d21fa54,,False,
data/indian_saree/train/Ikat/3E9A9863_c343de3b-c5eb-4c55-a9ac-660be72eb393_jpg.rf.d714e6a9643863f61f5b6a245aeed2dc.jpg,,indian_patterns,train,Ikat,3E9A9863_c343de3b-c5eb-4c55-a9ac-660be72eb393_jpg.rf.d714e6a9643863f61f5b6a245aeed2dc.jpg,640,640,35592,8b0b56f27c15f5fe1cda6eb18bdfcdca,,False,
data/indian_saree/train/Ikat/4_207ea6dd-f069-48e9-b64a-7e89691819a3_jpg.rf.3ac44b3de0baebbdd1a487da773950e7.jpg,,indian_patterns,train,Ikat,4_207ea6dd-f069-48e9-b64a-7e89691819a3_jpg.rf.3ac44b3de0baebbdd1a487da773950e7.jpg,640,640,90126,ff470dbd7067faaa6229d7c8421d9de9,,False,
data/indian_saree/train/Ikat/4_207ea6dd-f069-48e9-b64a-7e89691819a3_jpg.rf.5ad8727e9941477c5a41aac9dddbb859.jpg,,indian_patterns,train,Ikat,4_207ea6dd-f069-48e9-b64a-7e89691819a3_jpg.rf.5ad8727e9941477c5a41aac9dddbb859.jpg,640,640,88675,6b7aa96cdc62954e3883edda33bcabf0,,False,
data/indian_saree/train/Ikat/4_207ea6dd-f069-48e9-b64a-7e89691819a3_jpg.rf.dc60138458dc1fb2f22b9dd1ae070de1.jpg,,indian_patterns,train,Ikat,4_207ea6dd-f069-48e9-b64a-7e89691819a3_jpg.rf.dc60138458dc1fb2f22b9dd1ae070de1.jpg,640,640,90196,7b1d2ea3a8f547fbd62b604dd934669c,,False,
data/indian_saree/train/Ikat/51033030-e5ae-4c6d-8aa8-9625fde8ce96_jpg.rf.340898ed5b6fccc4f460307f0dd692a1.jpg,,indian_patterns,train,Ikat,51033030-e5ae-4c6d-8aa8-9625fde8ce96_jpg.rf.340898ed5b6fccc4f460307f0dd692a1.jpg,640,640,80808,9f99fb253e1e26200473f3c01f07b694,,False,
data/indian_saree/train/Ikat/51033030-e5ae-4c6d-8aa8-9625fde8ce96_jpg.rf.6006164e442efbdd5604daa34e2c6b23.jpg,,indian_patterns,train,Ikat,51033030-e5ae-4c6d-8aa8-9625fde8ce96_jpg.rf.6006164e442efbdd5604daa34e2c6b23.jpg,640,640,80787,5fc2247eaf3f0a5ed995f89b655d3ea2,,False,
data/indian_saree/train/Ikat/51033030-e5ae-4c6d-8aa8-9625fde8ce96_jpg.rf.f969e7048d8c8110282c76cb5bdedf24.jpg,,indian_patterns,train,Ikat,51033030-e5ae-4c6d-8aa8-9625fde8ce96_jpg.rf.f969e7048d8c8110282c76cb5bdedf24.jpg,640,640,82554,c8132c7edd7311b402776694ff3cab6e,,False,
data/indian_saree/train/Ikat/55f7c953-8e93-443f-a636-9f8bd6df313f_jpg.rf.5aeb41c5c7015451205536b2123d1c81.jpg,,indian_patterns,train,Ikat,55f7c953-8e93-443f-a636-9f8bd6df313f_jpg.rf.5aeb41c5c7015451205536b2123d1c81.jpg,640,640,85345,f5b9cd4d4466c8b6ef8a1a99eeb3e516,,False,
data/indian_saree/train/Ikat/55f7c953-8e93-443f-a636-9f8bd6df313f_jpg.rf.9ef4b60847e74ca43aa030e50b117b70.jpg,,indian_patterns,train,Ikat,55f7c953-8e93-443f-a636-9f8bd6df313f_jpg.rf.9ef4b60847e74ca43aa030e50b117b70.jpg,640,640,81647,4343496f17d2e49d60a18b732e5e96e9,,False,
data/indian_saree/train/Ikat/55f7c953-8e93-443f-a636-9f8bd6df313f_jpg.rf.d813e05e5654e87c7b4447fe42a5c2e6.jpg,,indian_patterns,train,Ikat,55f7c953-8e93-443f-a636-9f8bd6df313f_jpg.rf.d813e05e5654e87c7b4447fe42a5c2e6.jpg,640,640,84117,a9ce5d4dd8c131f548e6aec44e0d5a24,,False,
data/indian_saree/train/Ikat/643cfca3-0895-4cfd-a35f-721fddce69c3_jpg.rf.4371139546d1c84865a0bfb6ffecd260.jpg,,indian_patterns,train,Ikat,643cfca3-0895-4cfd-a35f-721fddce69c3_jpg.rf.4371139546d1c84865a0bfb6ffecd260.jpg,640,640,92348,e9bc8d39b288ea707682ea1278b3fd3c,,False,
data/indian_saree/train/Ikat/643cfca3-0895-4cfd-a35f-721fddce69c3_jpg.rf.9fa05b2759523a21cc9f62e0b8231dad.jpg,,indian_patterns,train,Ikat,643cfca3-0895-4cfd-a35f-721fddce69c3_jpg.rf.9fa05b2759523a21cc9f62e0b8231dad.jpg,640,640,92688,53090343b10cf35f88685d10b9caba7e,,False,
data/indian_saree/train/Ikat/643cfca3-0895-4cfd-a35f-721fddce69c3_jpg.rf.b04306d1a459e953bccaed77167e9e6d.jpg,,indian_patterns,train,Ikat,643cfca3-0895-4cfd-a35f-721fddce69c3_jpg.rf.b04306d1a459e953bccaed77167e9e6d.jpg,640,640,92745,6ad2f7499e210b21dd7504c6c1585f99,,False,
data/indian_saree/train/Ikat/76_jpg.rf.17ef3b304693f49a0d31fea641a6dcde.jpg,,indian_patterns,train,Ikat,76_jpg.rf.17ef3b304693f49a0d31fea641a6dcde.jpg,640,640,45294,629ad63f18dde6f9a1b8b92559bb6f67,,False,
data/indian_saree/train/Ikat/76_jpg.rf.7b0a6e0d44e4010918cb742e677d12cd.jpg,,indian_patterns,train,Ikat,76_jpg.rf.7b0a6e0d44e4010918cb742e677d12cd.jpg,640,640,41593,266339f89418941bdebf940dbc20d0a1,,False,
data/indian_saree/train/Ikat/76_jpg.rf.d4c12f5b11dc21f8f0e5e413fe558863.jpg,,indian_patterns,train,Ikat,76_jpg.rf.d4c12f5b11dc21f8f0e5e413fe558863.jpg,640,640,44618,ad9c05c7abdeb392cee15a37657a5eb3,,False,
data/indian_saree/train/Ikat/79_jpg.rf.0c5cf818839ed567b2d2cb6b1802c135.jpg,,indian_patterns,train,Ikat,79_jpg.rf.0c5cf818839ed567b2d2cb6b1802c135.jpg,640,640,54048,7fc2b54f431da05add487fc66a5e98f5,,False,
data/indian_saree/train/Ikat/79_jpg.rf.2b6c03a243fa81115c03ad87cf445dc8.jpg,,indian_patterns,train,Ikat,79_jpg.rf.2b6c03a243fa81115c03ad87cf445dc8.jpg,640,640,50585,c49b3d26df0763cc378ae3f0c95c783b,,False,
data/indian_saree/train/Ikat/79_jpg.rf.f0aacf2a39e9dad0aa720828f35f9f70.jpg,,indian_patterns,train,Ikat,79_jpg.rf.f0aacf2a39e9dad0aa720828f35f9f70.jpg,640,640,50355,d027eb1c2439ff60e065205e8d18d556,,False,
data/indian_saree/train/Ikat/81wSwI-oXkL-_AC_UY1100__jpg.rf.51e523ebec226897137f68adaa6cf9a3.jpg,,indian_patterns,train,Ikat,81wSwI-oXkL-_AC_UY1100__jpg.rf.51e523ebec226897137f68adaa6cf9a3.jpg,640,640,67705,e2f1ec395652b40843bf2de9131bab7a,,False,
data/indian_saree/train/Ikat/81wSwI-oXkL-_AC_UY1100__jpg.rf.5ead837748d0b3b1ff6b4c3e4e98551e.jpg,,indian_patterns,train,Ikat,81wSwI-oXkL-_AC_UY1100__jpg.rf.5ead837748d0b3b1ff6b4c3e4e98551e.jpg,640,640,66224,032a8f32480aaf83a184b212e493739e,,False,
data/indian_saree/train/Ikat/81wSwI-oXkL-_AC_UY1100__jpg.rf.89c8550f44f616224ea1cfc32805af11.jpg,,indian_patterns,train,Ikat,81wSwI-oXkL-_AC_UY1100__jpg.rf.89c8550f44f616224ea1cfc32805af11.jpg,640,640,68770,c29cbdab0160c62c99e528bff878f66f,,False,
data/indian_saree/train/Ikat/82045761-397D-4E96-95F8-C0C9C0D99272_jpg.rf.5e745ecee026ec3f9307b5896271a485.jpg,,indian_patterns,train,Ikat,82045761-397D-4E96-95F8-C0C9C0D99272_jpg.rf.5e745ecee026ec3f9307b5896271a485.jpg,640,640,112180,fa003a37b1993204af48428ff33f75e3,,False,
data/indian_saree/train/Ikat/82045761-397D-4E96-95F8-C0C9C0D99272_jpg.rf.9976177899a8507eb9f8844ac4bc90d1.jpg,,indian_patterns,train,Ikat,82045761-397D-4E96-95F8-C0C9C0D99272_jpg.rf.9976177899a8507eb9f8844ac4bc90d1.jpg,640,640,113093,a1261fddd9d7716014189325d37f0b7c,,False,
data/indian_saree/train/Ikat/82045761-397D-4E96-95F8-C0C9C0D99272_jpg.rf.d0963f44775a25d554919fb1b1708a47.jpg,,indian_patterns,train,Ikat,82045761-397D-4E96-95F8-C0C9C0D99272_jpg.rf.d0963f44775a25d554919fb1b1708a47.jpg,640,640,113034,6b6b3905b8f94d299c86535daca8489a,,False,
data/indian_saree/train/Ikat/91Id57ZGPQL-_AC_UY1100__jpg.rf.785b699990fc3fee2336509e1cdc59a1.jpg,,indian_patterns,train,Ikat,91Id57ZGPQL-_AC_UY1100__jpg.rf.785b699990fc3fee2336509e1cdc59a1.jpg,640,640,44666,c876c92e6d541a5c178c2976293b3ed9,,False,
data/indian_saree/train/Ikat/91Id57ZGPQL-_AC_UY1100__jpg.rf.b9404d0229caaf622b71d8e5513ba4f4.jpg,,indian_patterns,train,Ikat,91Id57ZGPQL-_AC_UY1100__jpg.rf.b9404d0229caaf622b71d8e5513ba4f4.jpg,640,640,46941,9520218a87742ac724086c91a2c3517b,,False,
data/indian_saree/train/Ikat/91Id57ZGPQL-_AC_UY1100__jpg.rf.c3932c2a3b48be2beb5ef5695b451a7a.jpg,,indian_patterns,train,Ikat,91Id57ZGPQL-_AC_UY1100__jpg.rf.c3932c2a3b48be2beb5ef5695b451a7a.jpg,640,640,43816,2b4ea37aaa9ca68281585c06609e2b99,,False,
data/indian_saree/train/Ikat/ABB80897-FE29-4D7E-9FB3-438565872A39_1_201_a_1024x10242x_jpg.rf.9512359a7cf451f58414a7be845bf4c7.jpg,,indian_patterns,train,Ikat,ABB80897-FE29-4D7E-9FB3-438565872A39_1_201_a_1024x10242x_jpg.rf.9512359a7cf451f58414a7be845bf4c7.jpg,640,640,84081,7f5cfad219f5da80582d5e99e19be2e7,,False,
data/indian_saree/train/Ikat/ABB80897-FE29-4D7E-9FB3-438565872A39_1_201_a_1024x10242x_jpg.rf.ad8e91f22859631badc920e7799f9a20.jpg,,indian_patterns,train,Ikat,ABB80897-FE29-4D7E-9FB3-438565872A39_1_201_a_1024x10242x_jpg.rf.ad8e91f22859631badc920e7799f9a20.jpg,640,640,86028,4448975340f044f3f5c12a69d7f80913,,False,
data/indian_saree/train/Ikat/ABB80897-FE29-4D7E-9FB3-438565872A39_1_201_a_1024x10242x_jpg.rf.cfbc8933efd57065309a23474c23ab59.jpg,,indian_patterns,train,Ikat,ABB80897-FE29-4D7E-9FB3-438565872A39_1_201_a_1024x10242x_jpg.rf.cfbc8933efd57065309a23474c23ab59.jpg,640,640,85642,7f25cb4e67ef0015a04dd671e4aa1146,,False,
data/indian_saree/train/Ikat/dsc00106_jpg.rf.453aea36d414f6a360be36842617077a.jpg,,indian_patterns,train,Ikat,dsc00106_jpg.rf.453aea36d414f6a360be36842617077a.jpg,640,640,99357,694fe45b7b3e3dfe710d7fb352b99051,,False,
data/indian_saree/train/Ikat/dsc00106_jpg.rf.801cc5fe00801f72d49ff244e3c32546.jpg,,indian_patterns,train,Ikat,dsc00106_jpg.rf.801cc5fe00801f72d49ff244e3c32546.jpg,640,640,97608,a822e6ade9d30c73dc59cb6d9709be1a,,False,
data/indian_saree/train/Ikat/dsc00106_jpg.rf.e3a4a4f1c7351b517c53a2e5e326c47f.jpg,,indian_patterns,train,Ikat,dsc00106_jpg.rf.e3a4a4f1c7351b517c53a2e5e326c47f.jpg,640,640,97864,5b5973efdc7e581ad82672432a4be4d0,,False,
data/indian_saree/train/Ikat/dsc00117_jpg.rf.6dc2628320a25d2b75f2040ff4f60e11.jpg,,indian_patterns,train,Ikat,dsc00117_jpg.rf.6dc2628320a25d2b75f2040ff4f60e11.jpg,640,640,76808,21e9232c9c857584f40f31eacf108e17,,False,
data/indian_saree/train/Ikat/dsc00117_jpg.rf.b855495c8dff4c8e9f4fcc2e01085569.jpg,,indian_patterns,train,Ikat,dsc00117_jpg.rf.b855495c8dff4c8e9f4fcc2e01085569.jpg,640,640,77371,d84b44c6c8f29204d6f3a0d1a99feade,,False,
data/indian_saree/train/Ikat/dsc00117_jpg.rf.f811e3261a269ac8d2bf7cbad6d9e6b0.jpg,,indian_patterns,train,Ikat,dsc00117_jpg.rf.f811e3261a269ac8d2bf7cbad6d9e6b0.jpg,640,640,74615,98fd89cb1bd3bfe298fe61e6abeeea7f,,False,
data/indian_saree/train/Ikat/dsc09950_jpg.rf.7d10ed5230a5b4900b222a6e7323aa66.jpg,,indian_patterns,train,Ikat,dsc09950_jpg.rf.7d10ed5230a5b4900b222a6e7323aa66.jpg,640,640,74715,1960e714e86c4b2258aa5527e11cceb8,,False,
data/indian_saree/train/Ikat/dsc09950_jpg.rf.eaa84762a58f371c2746021c33e2ed57.jpg,,indian_patterns,train,Ikat,dsc09950_jpg.rf.eaa84762a58f371c2746021c33e2ed57.jpg,640,640,75979,4291e8141b23f0ba641fd704314cb1cb,,False,
data/indian_saree/train/Ikat/dsc09950_jpg.rf.f4b908d5af7ff2f4c07f2b18b99100f1.jpg,,indian_patterns,train,Ikat,dsc09950_jpg.rf.f4b908d5af7ff2f4c07f2b18b99100f1.jpg,640,640,76515,bd8f74ab4a49a145863664acec96f7a6,,False,
data/indian_saree/train/Ikat/dsc09952_1800x1800_jpg.rf.09a523f8647e4fb7d0cec6e44691b131.jpg,,indian_patterns,train,Ikat,dsc09952_1800x1800_jpg.rf.09a523f8647e4fb7d0cec6e44691b131.jpg,640,640,74490,2900a61b9622d2ddae298b28700eb448,,False,
data/indian_saree/train/Ikat/dsc09952_1800x1800_jpg.rf.93364d04a99da89fdf4531b613ef0f2a.jpg,,indian_patterns,train,Ikat,dsc09952_1800x1800_jpg.rf.93364d04a99da89fdf4531b613ef0f2a.jpg,640,640,75629,9176e7877725fe93a54256ad7bb132c5,,False,
data/indian_saree/train/Ikat/dsc09952_1800x1800_jpg.rf.fd803d668e6737a7928c6382c2fadd4a.jpg,,indian_patterns,train,Ikat,dsc09952_1800x1800_jpg.rf.fd803d668e6737a7928c6382c2fadd4a.jpg,640,640,75249,4dd3b7367c919264167515da709d4167,,False,
data/indian_saree/train/Ikat/e42f5dd20f355044d6cda9e30444b36c_jpg.rf.2a4df28b65657caf609b5cc9b8e58d5a.jpg,,indian_patterns,train,Ikat,e42f5dd20f355044d6cda9e30444b36c_jpg.rf.2a4df28b65657caf609b5cc9b8e58d5a.jpg,640,640,85202,25cb1179c95c4cb684728deee7568400,,False,
data/indian_saree/train/Ikat/e42f5dd20f355044d6cda9e30444b36c_jpg.rf.3a94c2c2bef697aadf4ff6eab0048227.jpg,,indian_patterns,train,Ikat,e42f5dd20f355044d6cda9e30444b36c_jpg.rf.3a94c2c2bef697aadf4ff6eab0048227.jpg,640,640,85974,945721d4b0144ae21a074a2c46454130,,False,
data/indian_saree/train/Ikat/e42f5dd20f355044d6cda9e30444b36c_jpg.rf.c02dce228db6b6e3581c182a3261df02.jpg,,indian_patterns,train,Ikat,e42f5dd20f355044d6cda9e30444b36c_jpg.rf.c02dce228db6b6e3581c182a3261df02.jpg,640,640,88267,3594c5193d47d45c139c0d47778aabe2,,False,
data/indian_saree/train/Ikat/F-IKCT0707-A_jpg.rf.482685ca00acf755d9f2e6303e0d589c.jpg,,indian_patterns,train,Ikat,F-IKCT0707-A_jpg.rf.482685ca00acf755d9f2e6303e0d589c.jpg,640,640,70358,50cb78840be38518ecb0d636b604441a,,False,
data/indian_saree/train/Ikat/F-IKCT0707-A_jpg.rf.534d0c695e6a1a85a4c4b37c8d516481.jpg,,indian_patterns,train,Ikat,F-IKCT0707-A_jpg.rf.534d0c695e6a1a85a4c4b37c8d516481.jpg,640,640,67081,e6b862bfbb875e470019599c72c8d02f,,False,
data/indian_saree/train/Ikat/F-IKCT0707-A_jpg.rf.d9c437c3145c59f8058d96b5fe0dfab2.jpg,,indian_patterns,train,Ikat,F-IKCT0707-A_jpg.rf.d9c437c3145c59f8058d96b5fe0dfab2.jpg,640,640,71180,670bead2de3f6e60c502ce85f30f640f,,False,
data/indian_saree/train/Ikat/F-IKCT0720-A_jpg.rf.3345e34371e23ef4b181d7109a99a1cc.jpg,,indian_patterns,train,Ikat,F-IKCT0720-A_jpg.rf.3345e34371e23ef4b181d7109a99a1cc.jpg,640,640,71511,4e3bd479453865fa8429301a50129299,,False,
data/indian_saree/train/Ikat/F-IKCT0720-A_jpg.rf.65281d6a6405f6711de6723d13a26b1d.jpg,,indian_patterns,train,Ikat,F-IKCT0720-A_jpg.rf.65281d6a6405f6711de6723d13a26b1d.jpg,640,640,71614,b9e3ac31a29c3268c9f4449f98e3eb2a,,False,
data/indian_saree/train/Ikat/F-IKCT0720-A_jpg.rf.8c0741eb95601bdbffb2af1b14565cec.jpg,,indian_patterns,train,Ikat,F-IKCT0720-A_jpg.rf.8c0741eb95601bdbffb2af1b14565cec.jpg,640,640,68932,e8799580c1c98aee0d33e67e9be18e62,,False,
data/indian_saree/train/Ikat/F-IKCT0752-A_jpg.rf.29b8b2cc82376be64f6a5b70d40d2cab.jpg,,indian_patterns,train,Ikat,F-IKCT0752-A_jpg.rf.29b8b2cc82376be64f6a5b70d40d2cab.jpg,640,640,88730,e7ac68e13700324d379d32816239f7e9,,False,
data/indian_saree/train/Ikat/F-IKCT0752-A_jpg.rf.442a387b21871dc4ac8645e4a946a64c.jpg,,indian_patterns,train,Ikat,F-IKCT0752-A_jpg.rf.442a387b21871dc4ac8645e4a946a64c.jpg,640,640,89068,f7e6e41315f05d74e3fb8d2ed918c7f2,,False,
data/indian_saree/train/Ikat/F-IKCT0752-A_jpg.rf.5425b7901d1bb71241425125f91b2635.jpg,,indian_patterns,train,Ikat,F-IKCT0752-A_jpg.rf.5425b7901d1bb71241425125f91b2635.jpg,640,640,90048,2ebba8fd2cb32939bf0950d81ea3d400,,False,
data/indian_saree/train/Ikat/F-IKCT0790-A_jpg.rf.3090ac5f23dd84a0c66a2ac83fd4e416.jpg,,indian_patterns,train,Ikat,F-IKCT0790-A_jpg.rf.3090ac5f23dd84a0c66a2ac83fd4e416.jpg,640,640,116839,651a3b89220c75d4ea488f9b81128fed,,False,
data/indian_saree/train/Ikat/F-IKCT0790-A_jpg.rf.9641a7c979ac8cac72b62b12bc1cb71b.jpg,,indian_patterns,train,Ikat,F-IKCT0790-A_jpg.rf.9641a7c979ac8cac72b62b12bc1cb71b.jpg,640,640,118923,dbf282e907eee3f5a1f8f79ad3fc32d6,,False,
data/indian_saree/train/Ikat/F-IKCT0790-A_jpg.rf.cbc339628936ae04b5126d4afe5a8c09.jpg,,indian_patterns,train,Ikat,F-IKCT0790-A_jpg.rf.cbc339628936ae04b5126d4afe5a8c09.jpg,640,640,116956,383b692af7ca6883fac4194892c525b1,,False,
data/indian_saree/train/Ikat/f07b7a09-67bf-43b5-b6a6-4897f0b7130c_jpg.rf.6bac06eedd40000cede17b9892f5f37b.jpg,,indian_patterns,train,Ikat,f07b7a09-67bf-43b5-b6a6-4897f0b7130c_jpg.rf.6bac06eedd40000cede17b9892f5f37b.jpg,640,640,68125,139882394c17389a3ee73831f22395fe,,False,
data/indian_saree/train/Ikat/f07b7a09-67bf-43b5-b6a6-4897f0b7130c_jpg.rf.a5d902def0733417d89929121a2559d8.jpg,,indian_patterns,train,Ikat,f07b7a09-67bf-43b5-b6a6-4897f0b7130c_jpg.rf.a5d902def0733417d89929121a2559d8.jpg,640,640,70984,14ebf4d58ceeb737f2bc218e1fcfb485,,False,
data/indian_saree/train/Ikat/f07b7a09-67bf-43b5-b6a6-4897f0b7130c_jpg.rf.e16e3855eeb70671f8e8dad758e85c4f.jpg,,indian_patterns,train,Ikat,f07b7a09-67bf-43b5-b6a6-4897f0b7130c_jpg.rf.e16e3855eeb70671f8e8dad758e85c4f.jpg,640,640,67104,3d479cb3088012df199dd6e717787f50,,False,
data/indian_saree/train/Ikat/f23-2_cbcc9ff5-b9bf-4389-9b86-23112a581598_1024x_jpg.rf.bab721e58eba884cd4674dd3a1fadcfd.jpg,,indian_patterns,train,Ikat,f23-2_cbcc9ff5-b9bf-4389-9b86-23112a581598_1024x_jpg.rf.bab721e58eba884cd4674dd3a1fadcfd.jpg,640,640,127865,0b4162bb32fd2e5fcfaec0de3ad356ff,,False,
data/indian_saree/train/Ikat/f23-2_cbcc9ff5-b9bf-4389-9b86-23112a581598_1024x_jpg.rf.c1287af845ca38274808b401470ca256.jpg,,indian_patterns,train,Ikat,f23-2_cbcc9ff5-b9bf-4389-9b86-23112a581598_1024x_jpg.rf.c1287af845ca38274808b401470ca256.jpg,640,640,127012,ade8488942021f68673ff3e8ff64e338,,False,
data/indian_saree/train/Ikat/f23-2_cbcc9ff5-b9bf-4389-9b86-23112a581598_1024x_jpg.rf.ff9ef73af7a33057d570258bd1d926f0.jpg,,indian_patterns,train,Ikat,f23-2_cbcc9ff5-b9bf-4389-9b86-23112a581598_1024x_jpg.rf.ff9ef73af7a33057d570258bd1d926f0.jpg,640,640,127183,f792057f31c3d37795ee1c2d99bdac75,,False,
data/indian_saree/train/Ikat/f23-3_28011e9d-4d11-40a8-8ead-d1570fd16907_1200x_jpg.rf.31af75e0f1f0c84aec1abcb68c0a0fe8.jpg,,indian_patterns,train,Ikat,f23-3_28011e9d-4d11-40a8-8ead-d1570fd16907_1200x_jpg.rf.31af75e0f1f0c84aec1abcb68c0a0fe8.jpg,640,640,72106,131cbf276c9b9962420b95ae776a6bce,,True,dup_0002
data/indian_saree/train/Ikat/f23-3_28011e9d-4d11-40a8-8ead-d1570fd16907_1200x_jpg.rf.6050478d7b0904ac25be3ba6ed3166f7.jpg,,indian_patterns,train,Ikat,f23-3_28011e9d-4d11-40a8-8ead-d1570fd16907_1200x_jpg.rf.6050478d7b0904ac25be3ba6ed3166f7.jpg,640,640,72106,131cbf276c9b9962420b95ae776a6bce,,True,dup_0002
data/indian_saree/train/Ikat/f23-3_28011e9d-4d11-40a8-8ead-d1570fd16907_1200x_jpg.rf.b9c7118ff5b0199e0e0953d663a2abf5.jpg,,indian_patterns,train,Ikat,f23-3_28011e9d-4d11-40a8-8ead-d1570fd16907_1200x_jpg.rf.b9c7118ff5b0199e0e0953d663a2abf5.jpg,640,640,72701,833c78732784c95d2a4effee8070b342,,False,
data/indian_saree/train/Ikat/f39-3_90da3663-47f5-44f4-80c1-4b687fbe2973_1024x_jpg.rf.5391ccfaa6496e5e281d35f31f79c3e7.jpg,,indian_patterns,train,Ikat,f39-3_90da3663-47f5-44f4-80c1-4b687fbe2973_1024x_jpg.rf.5391ccfaa6496e5e281d35f31f79c3e7.jpg,640,640,83742,e65fa22be8fc92ac5e3315038abfec9c,,False,
data/indian_saree/train/Ikat/f39-3_90da3663-47f5-44f4-80c1-4b687fbe2973_1024x_jpg.rf.98adfaa423bb9e94257dd42c7db8a768.jpg,,indian_patterns,train,Ikat,f39-3_90da3663-47f5-44f4-80c1-4b687fbe2973_1024x_jpg.rf.98adfaa423bb9e94257dd42c7db8a768.jpg,640,640,84933,9635d43498f05c41fd3ccad9e22a2c3c,,False,
data/indian_saree/train/Ikat/f39-3_90da3663-47f5-44f4-80c1-4b687fbe2973_1024x_jpg.rf.f4a873e2f033fd3118ea67ccf41a343a.jpg,,indian_patterns,train,Ikat,f39-3_90da3663-47f5-44f4-80c1-4b687fbe2973_1024x_jpg.rf.f4a873e2f033fd3118ea67ccf41a343a.jpg,640,640,86622,384da348e9577d8e8ebe029e7347f7f8,,False,
data/indian_saree/train/Ikat/f40-1_69237dc8-6fea-4fad-95fe-fcd678be28d0_1024x_jpg.rf.157f6e5d2e67c34fb8f4c0b82a7c7b27.jpg,,indian_patterns,train,Ikat,f40-1_69237dc8-6fea-4fad-95fe-fcd678be28d0_1024x_jpg.rf.157f6e5d2e67c34fb8f4c0b82a7c7b27.jpg,640,640,62164,0e3fb148c5a394e7b4c632376288d00c,,False,
data/indian_saree/train/Ikat/f40-1_69237dc8-6fea-4fad-95fe-fcd678be28d0_1024x_jpg.rf.2705c86f5223b2a8cfbd1795acf82b1a.jpg,,indian_patterns,train,Ikat,f40-1_69237dc8-6fea-4fad-95fe-fcd678be28d0_1024x_jpg.rf.2705c86f5223b2a8cfbd1795acf82b1a.jpg,640,640,63433,7359c83685917af0ff839461c89d3b31,,False,
data/indian_saree/train/Ikat/f40-1_69237dc8-6fea-4fad-95fe-fcd678be28d0_1024x_jpg.rf.d5b84b5de08e2c4fca5576d47797fb66.jpg,,indian_patterns,train,Ikat,f40-1_69237dc8-6fea-4fad-95fe-fcd678be28d0_1024x_jpg.rf.d5b84b5de08e2c4fca5576d47797fb66.jpg,640,640,63146,7daa2c7429462561c50ffacf93a50bf9,,False,
data/indian_saree/train/Ikat/f46-1_21128d53-1a33-419c-9643-58618f1013c8_jpg.rf.03af1bfb0c264aeceaca5080b9ea5fc8.jpg,,indian_patterns,train,Ikat,f46-1_21128d53-1a33-419c-9643-58618f1013c8_jpg.rf.03af1bfb0c264aeceaca5080b9ea5fc8.jpg,640,640,135879,df7df12ff0912a768e56a8ff00a77ee7,,False,
data/indian_saree/train/Ikat/f46-1_21128d53-1a33-419c-9643-58618f1013c8_jpg.rf.2c05db532f2f88f89cb77f20451ad5cc.jpg,,indian_patterns,train,Ikat,f46-1_21128d53-1a33-419c-9643-58618f1013c8_jpg.rf.2c05db532f2f88f89cb77f20451ad5cc.jpg,640,640,135815,eef41629a4e68e4456652dcb7d74820f,,False,
data/indian_saree/train/Ikat/f46-1_21128d53-1a33-419c-9643-58618f1013c8_jpg.rf.e1ac80b99a36584c5364b0d622fece1b.jpg,,indian_patterns,train,Ikat,f46-1_21128d53-1a33-419c-9643-58618f1013c8_jpg.rf.e1ac80b99a36584c5364b0d622fece1b.jpg,640,640,136303,2758b399113fdbdf3c0eccef99f447f7,,False,
data/indian_saree/train/Ikat/F88AC223-FA52-42A5-8A04-20DE2571C66C_1_201_a_300x300_jpg.rf.14ff64d24083c215299a9249fb091421.jpg,,indian_patterns,train,Ikat,F88AC223-FA52-42A5-8A04-20DE2571C66C_1_201_a_300x300_jpg.rf.14ff64d24083c215299a9249fb091421.jpg,640,640,72459,110e09d3a8ec22166093bda7b24f092d,,False,
data/indian_saree/train/Ikat/F88AC223-FA52-42A5-8A04-20DE2571C66C_1_201_a_300x300_jpg.rf.a56fcbfcfefe22052bacf647ce36bd38.jpg,,indian_patterns,train,Ikat,F88AC223-FA52-42A5-8A04-20DE2571C66C_1_201_a_300x300_jpg.rf.a56fcbfcfefe22052bacf647ce36bd38.jpg,640,640,73304,4f0437e67e96488e0e3beaa4e54f79db,,False,
data/indian_saree/train/Ikat/F88AC223-FA52-42A5-8A04-20DE2571C66C_1_201_a_300x300_jpg.rf.f53cfdaeaede6b1c6173b0dc6d44025c.jpg,,indian_patterns,train,Ikat,F88AC223-FA52-42A5-8A04-20DE2571C66C_1_201_a_300x300_jpg.rf.f53cfdaeaede6b1c6173b0dc6d44025c.jpg,640,640,73303,8436f1cb94c500100a48d09ac1223149,,False,
data/indian_saree/train/Ikat/free-size-skin-friendly-multi-color-handloom-pochampally-ikkat-cotton-printed-dress-fabric-628_jpg.rf.1ef81c2fad98783201ff84f76800cf06.jpg,,indian_patterns,train,Ikat,free-size-skin-friendly-multi-color-handloom-pochampally-ikkat-cotton-printed-dress-fabric-628_jpg.rf.1ef81c2fad98783201ff84f76800cf06.jpg,640,640,82210,63f19880ea0bd0e2fca0282b5ada2c5f,,False,
data/indian_saree/train/Ikat/free-size-skin-friendly-multi-color-handloom-pochampally-ikkat-cotton-printed-dress-fabric-628_jpg.rf.27d23b57ca3ef02625fb56fc2ddbd89a.jpg,,indian_patterns,train,Ikat,free-size-skin-friendly-multi-color-handloom-pochampally-ikkat-cotton-printed-dress-fabric-628_jpg.rf.27d23b57ca3ef02625fb56fc2ddbd89a.jpg,640,640,83003,a8172d30731e5e4248078d03a1cd7b90,,False,
data/indian_saree/train/Ikat/free-size-skin-friendly-multi-color-handloom-pochampally-ikkat-cotton-printed-dress-fabric-628_jpg.rf.73d9a1fd71d8235c68b4a1a1bd3d5f09.jpg,,indian_patterns,train,Ikat,free-size-skin-friendly-multi-color-handloom-pochampally-ikkat-cotton-printed-dress-fabric-628_jpg.rf.73d9a1fd71d8235c68b4a1a1bd3d5f09.jpg,640,640,82238,4550beb3c7eec384f56c25995d443939,,False,
data/indian_saree/train/Ikat/fsi2450401d_grande_jpg.rf.33c5905b0f969764088eaade8db16b9c.jpg,,indian_patterns,train,Ikat,fsi2450401d_grande_jpg.rf.33c5905b0f969764088eaade8db16b9c.jpg,640,640,71625,fd09830db35c11df53e3745ea9be2927,,False,
data/indian_saree/train/Ikat/fsi2450401d_grande_jpg.rf.611173ba787e1274bdf1cac9550656c3.jpg,,indian_patterns,train,Ikat,fsi2450401d_grande_jpg.rf.611173ba787e1274bdf1cac9550656c3.jpg,640,640,70368,c6e2e8b971354ec7cd14ea88a64f072e,,False,
data/indian_saree/train/Ikat/fsi2450401d_grande_jpg.rf.ec6886d35845dfe528b128c6c2ee8c1e.jpg,,indian_patterns,train,Ikat,fsi2450401d_grande_jpg.rf.ec6886d35845dfe528b128c6c2ee8c1e.jpg,640,640,70911,b9d8b3fb3417b62f349437ee623e837a,,False,
data/indian_saree/train/Ikat/fsi2450501k1_400x_crop_center_jpg.rf.48291be444e8f61797b220569dda22a3.jpg,,indian_patterns,train,Ikat,fsi2450501k1_400x_crop_center_jpg.rf.48291be444e8f61797b220569dda22a3.jpg,640,640,94678,f58d8bf05c0282be7d2d3523c5bea3bc,,False,
data/indian_saree/train/Ikat/fsi2450501k1_400x_crop_center_jpg.rf.78ce735af91fca1234d16129980a8ed0.jpg,,indian_patterns,train,Ikat,fsi2450501k1_400x_crop_center_jpg.rf.78ce735af91fca1234d16129980a8ed0.jpg,640,640,94915,bc1202d976149ceadeecebb7385c0823,,False,
data/indian_saree/train/Ikat/fsi2450501k1_400x_crop_center_jpg.rf.791dc6764b3a6ddf4e950af4adc1edd3.jpg,,indian_patterns,train,Ikat,fsi2450501k1_400x_crop_center_jpg.rf.791dc6764b3a6ddf4e950af4adc1edd3.jpg,640,640,95339,39d4dfbc65c6ebd4ff096ef2a432f6bd,,False,
data/indian_saree/train/Ikat/gcgbhcofba0183__5_jpg.rf.100984433846c04b416ca97a93b70ec8.jpg,,indian_patterns,train,Ikat,gcgbhcofba0183__5_jpg.rf.100984433846c04b416ca97a93b70ec8.jpg,640,640,51153,42d8bb0b2a74b58b95bd94c1d245843c,,False,
data/indian_saree/train/Ikat/gcgbhcofba0183__5_jpg.rf.d857b653700305c1a09b185673b748e4.jpg,,indian_patterns,train,Ikat,gcgbhcofba0183__5_jpg.rf.d857b653700305c1a09b185673b748e4.jpg,640,640,50036,e411a4cff9191200635697be330c38dc,,False,
data/indian_saree/train/Ikat/gcgbhcofba0183__5_jpg.rf.f6e7157d970fff6f6690f276bc263719.jpg,,indian_patterns,train,Ikat,gcgbhcofba0183__5_jpg.rf.f6e7157d970fff6f6690f276bc263719.jpg,640,640,53422,9b25e40c8e0d07f9933ef23063a11beb,,False,
data/indian_saree/train/Ikat/GCTVTCOFBA0188_1_jpg.rf.01bca2174794a925b866782020a3c459.jpg,,indian_patterns,train,Ikat,GCTVTCOFBA0188_1_jpg.rf.01bca2174794a925b866782020a3c459.jpg,640,640,91141,e9a359fa2e8bb8cfd449313073b18278,,False,
data/indian_saree/train/Ikat/GCTVTCOFBA0188_1_jpg.rf.218d60e2aa656f25659f62b514154bbb.jpg,,indian_patterns,train,Ikat,GCTVTCOFBA0188_1_jpg.rf.218d60e2aa656f25659f62b514154bbb.jpg,640,640,93223,abf1a84ab869f91ca20bdf5e9c9b1fc7,,False,
data/indian_saree/train/Ikat/GCTVTCOFBA0188_1_jpg.rf.472d6ae35ab9c502d56d8d4a44432723.jpg,,indian_patterns,train,Ikat,GCTVTCOFBA0188_1_jpg.rf.472d6ae35ab9c502d56d8d4a44432723.jpg,640,640,90478,87bf9ee7d9e453c6677e3b8222baa5da,,False,
data/indian_saree/train/Ikat/GCTVTCOFBA0188_3_1800x1800_jpg.rf.2dd4588219bd13ba09cba04aa62e6f3b.jpg,,indian_patterns,train,Ikat,GCTVTCOFBA0188_3_1800x1800_jpg.rf.2dd4588219bd13ba09cba04aa62e6f3b.jpg,640,640,85885,054efeb833304e4463fd90d6fab60348,,False,
data/indian_saree/train/Ikat/GCTVTCOFBA0188_3_1800x1800_jpg.rf.c43c4861741e8395c3e39ccb0845ff84.jpg,,indian_patterns,train,Ikat,GCTVTCOFBA0188_3_1800x1800_jpg.rf.c43c4861741e8395c3e39ccb0845ff84.jpg,640,640,83801,084001aafc6612e6b543cf2e2af4fe29,,False,
data/indian_saree/train/Ikat/GCTVTCOFBA0188_3_1800x1800_jpg.rf.d98c98a8ffbe2f8a1cb7a904907787bc.jpg,,indian_patterns,train,Ikat,GCTVTCOFBA0188_3_1800x1800_jpg.rf.d98c98a8ffbe2f8a1cb7a904907787bc.jpg,640,640,85468,2e73a3a7dc681fda29124327d1d869b4,,False,
data/indian_saree/train/Ikat/gsosaincofb252-_284_29_1800x1800_jpg.rf.5177220b743ee2cd9492eb3c7dfcf5fb.jpg,,indian_patterns,train,Ikat,gsosaincofb252-_284_29_1800x1800_jpg.rf.5177220b743ee2cd9492eb3c7dfcf5fb.jpg,640,640,78468,340a7194109f9c8be2470f10576910a4,,False,
data/indian_saree/train/Ikat/gsosaincofb252-_284_29_1800x1800_jpg.rf.9cd9cb2a2fdcc57b051c66a9cd2c6acf.jpg,,indian_patterns,train,Ikat,gsosaincofb252-_284_29_1800x1800_jpg.rf.9cd9cb2a2fdcc57b051c66a9cd2c6acf.jpg,640,640,78964,c0044157467bdfe2dcc5015872514e4b,,False,
data/indian_saree/train/Ikat/gsosaincofb252-_284_29_1800x1800_jpg.rf.b79c69e776896b72f848f382884a8f94.jpg,,indian_patterns,train,Ikat,gsosaincofb252-_284_29_1800x1800_jpg.rf.b79c69e776896b72f848f382884a8f94.jpg,640,640,82146,958876a9d6a4ae153c6cf18f665d92be,,False,
data/indian_saree/train/Ikat/gsosaincofb260-_285_29_jpg.rf.6888223c5d637c1045e9bfdbb84b805e.jpg,,indian_patterns,train,Ikat,gsosaincofb260-_285_29_jpg.rf.6888223c5d637c1045e9bfdbb84b805e.jpg,640,640,112089,3cc1e60027881dcf68d5d2042f2b6f29,,False,
data/indian_saree/train/Ikat/gsosaincofb260-_285_29_jpg.rf.9611bfd242743c2d9ee4078524eb4a4d.jpg,,indian_patterns,train,Ikat,gsosaincofb260-_285_29_jpg.rf.9611bfd242743c2d9ee4078524eb4a4d.jpg,640,640,111798,1558951a3b6643a1ad393302b61778cd,,False,
data/indian_saree/train/Ikat/gsosaincofb260-_285_29_jpg.rf.a2c82785a082c2fcdd035c7a0dad0331.jpg,,indian_patterns,train,Ikat,gsosaincofb260-_285_29_jpg.rf.a2c82785a082c2fcdd035c7a0dad0331.jpg,640,640,112283,30f7a37b2328326aa2a608498ca2e16b,,False,
data/indian_saree/train/Ikat/Handwoven20Cotton20Pochampally20Dark20Pink20Ikat20Fabric-1000x1000_jpeg.rf.41967ffb34218a08e9638e1c34386111.jpg,,indian_patterns,train,Ikat,Handwoven20Cotton20Pochampally20Dark20Pink20Ikat20Fabric-1000x1000_jpeg.rf.41967ffb34218a08e9638e1c34386111.jpg,640,640,57821,2ac18cf7b92c2c7fe9f8c80dea95c216,pink,False,
data/indian_saree/train/Ikat/Handwoven20Cotton20Pochampally20Dark20Pink20Ikat20Fabric-1000x1000_jpeg.rf.6dc872b05292a0ec2835dc4795e865e5.jpg,,indian_patterns,train,Ikat,Handwoven20Cotton20Pochampally20Dark20Pink20Ikat20Fabric-1000x1000_jpeg.rf.6dc872b05292a0ec2835dc4795e865e5.jpg,640,640,62157,9ea5dfb26e290b0e055e43e78eae47d6,pink,False,
data/indian_saree/train/Ikat/Handwoven20Cotton20Pochampally20Dark20Pink20Ikat20Fabric-1000x1000_jpeg.rf.cac07c5992ea6cdd37dea7e49ca8e013.jpg,,indian_patterns,train,Ikat,Handwoven20Cotton20Pochampally20Dark20Pink20Ikat20Fabric-1000x1000_jpeg.rf.cac07c5992ea6cdd37dea7e49ca8e013.jpg,640,640,61793,c814df43093586818235d2725c095f84,pink,False,
data/indian_saree/train/Ikat/IKA-F-52_3_0e3ac7e1-f6a2-4555-81e9-ef2b15c6396a_jpg.rf.7a649fdedb1a316c26dfeb4d2c09961e.jpg,,indian_patterns,train,Ikat,IKA-F-52_3_0e3ac7e1-f6a2-4555-81e9-ef2b15c6396a_jpg.rf.7a649fdedb1a316c26dfeb4d2c09961e.jpg,640,640,141979,c99c452fe91f453188f3b4fd8f338b8a,,False,
data/indian_saree/train/Ikat/IKA-F-52_3_0e3ac7e1-f6a2-4555-81e9-ef2b15c6396a_jpg.rf.8afc175d30f6628f4d2178d9768e20fb.jpg,,indian_patterns,train,Ikat,IKA-F-52_3_0e3ac7e1-f6a2-4555-81e9-ef2b15c6396a_jpg.rf.8afc175d30f6628f4d2178d9768e20fb.jpg,640,640,141931,f8743a10dc58a0bc59680341f5d12663,,False,
data/indian_saree/train/Ikat/IKA-F-52_3_0e3ac7e1-f6a2-4555-81e9-ef2b15c6396a_jpg.rf.f189c00de86b889ced4abe563fd5e6a3.jpg,,indian_patterns,train,Ikat,IKA-F-52_3_0e3ac7e1-f6a2-4555-81e9-ef2b15c6396a_jpg.rf.f189c00de86b889ced4abe563fd5e6a3.jpg,640,640,140948,65d9f3813f31080ba717a8e784a563df,,False,
data/indian_saree/train/Ikat/IKKA356-F-1002485_3_492e372d-c9b3-4e51-9816-205f0d64ce22_jpg.rf.a08ebd5eb5ba6e35fd355180fd8b150b.jpg,,indian_patterns,train,Ikat,IKKA356-F-1002485_3_492e372d-c9b3-4e51-9816-205f0d64ce22_jpg.rf.a08ebd5eb5ba6e35fd355180fd8b150b.jpg,640,640,145840,7379652c70742fcdc61426e967c9ff3d,,False,
data/indian_saree/train/Ikat/IKKA356-F-1002485_3_492e372d-c9b3-4e51-9816-205f0d64ce22_jpg.rf.d6b0972bf28418c823cde9ebc4e05309.jpg,,indian_patterns,train,Ikat,IKKA356-F-1002485_3_492e372d-c9b3-4e51-9816-205f0d64ce22_jpg.rf.d6b0972bf28418c823cde9ebc4e05309.jpg,640,640,146733,ddb4d74c04e898ee85210c9d185904df,,False,
data/indian_saree/train/Ikat/IKKA356-F-1002485_3_492e372d-c9b3-4e51-9816-205f0d64ce22_jpg.rf.fa0b0aa0845c2b417f953880068268c3.jpg,,indian_patterns,train,Ikat,IKKA356-F-1002485_3_492e372d-c9b3-4e51-9816-205f0d64ce22_jpg.rf.fa0b0aa0845c2b417f953880068268c3.jpg,640,640,147295,cb954d90a2aaaa67c7b1e944508e6468,,False,
data/indian_saree/train/Ikat/IKKA370-F-1002848_1_fcea21f3-78f1-4c50-96f4-75308e5d4d93_jpg.rf.c2e51ffe8cfea8bd9802181cc02c659e.jpg,,indian_patterns,train,Ikat,IKKA370-F-1002848_1_fcea21f3-78f1-4c50-96f4-75308e5d4d93_jpg.rf.c2e51ffe8cfea8bd9802181cc02c659e.jpg,640,640,78155,328494701446bd606e3d2465a891bfcb,,False,
data/indian_saree/train/Ikat/IKKA370-F-1002848_1_fcea21f3-78f1-4c50-96f4-75308e5d4d93_jpg.rf.e86fb2b4c15b58239091d41f88f0a9f7.jpg,,indian_patterns,train,Ikat,IKKA370-F-1002848_1_fcea21f3-78f1-4c50-96f4-75308e5d4d93_jpg.rf.e86fb2b4c15b58239091d41f88f0a9f7.jpg,640,640,79226,b1cc93beb254706e1e0a2f76d0e1dabe,,False,
data/indian_saree/train/Ikat/IKKA370-F-1002848_1_fcea21f3-78f1-4c50-96f4-75308e5d4d93_jpg.rf.fa0d99938af9e0895f8a78d6eb96ea37.jpg,,indian_patterns,train,Ikat,IKKA370-F-1002848_1_fcea21f3-78f1-4c50-96f4-75308e5d4d93_jpg.rf.fa0d99938af9e0895f8a78d6eb96ea37.jpg,640,640,79039,e571d4afe6a0ba5df91db6f455d9155f,,False,
data/indian_saree/train/Ikat/ikkat-silk-fabric-light-pink-color-pochampallysarees-com_jpg.rf.8bd9dcd7bd122e8970eb9e6f1e249970.jpg,,indian_patterns,train,Ikat,ikkat-silk-fabric-light-pink-color-pochampallysarees-com_jpg.rf.8bd9dcd7bd122e8970eb9e6f1e249970.jpg,640,640,46299,61d70e9c3a42f1557c3c939d41915a27,pink,False,
data/indian_saree/train/Ikat/ikkat-silk-fabric-light-pink-color-pochampallysarees-com_jpg.rf.bce6050e8a84b06d8e1fe9bcc43e1d2f.jpg,,indian_patterns,train,Ikat,ikkat-silk-fabric-light-pink-color-pochampallysarees-com_jpg.rf.bce6050e8a84b06d8e1fe9bcc43e1d2f.jpg,640,640,49676,a7864275544b459c13a4f6251f4f565c,pink,False,
data/indian_saree/train/Ikat/ikkat-silk-fabric-light-pink-color-pochampallysarees-com_jpg.rf.ff569a721a097ecd694d1abc93af60c9.jpg,,indian_patterns,train,Ikat,ikkat-silk-fabric-light-pink-color-pochampallysarees-com_jpg.rf.ff569a721a097ecd694d1abc93af60c9.jpg,640,640,46536,2c79bd68c25053830e425b1ca812ebf6,pink,False,
data/indian_saree/train/Ikat/Ikkat_Cotton_Fabric_material-ICFM0014_jpg.rf.60071762030859aa9d9e56cc9907c391.jpg,,indian_patterns,train,Ikat,Ikkat_Cotton_Fabric_material-ICFM0014_jpg.rf.60071762030859aa9d9e56cc9907c391.jpg,640,640,86750,acf2606078762f1beb0738855b54c5d2,,False,
data/indian_saree/train/Ikat/Ikkat_Cotton_Fabric_material-ICFM0014_jpg.rf.79bcc38b9b105e743dbf7833f24b786c.jpg,,indian_patterns,train,Ikat,Ikkat_Cotton_Fabric_material-ICFM0014_jpg.rf.79bcc38b9b105e743dbf7833f24b786c.jpg,640,640,86434,105731684a4530cd0d417546ff5155a0,,False,
data/indian_saree/train/Ikat/Ikkat_Cotton_Fabric_material-ICFM0014_jpg.rf.d59932069cf652523c13e889d1dfd7d7.jpg,,indian_patterns,train,Ikat,Ikkat_Cotton_Fabric_material-ICFM0014_jpg.rf.d59932069cf652523c13e889d1dfd7d7.jpg,640,640,86310,2daa67c8a5513ed0bf4c1d2e73b33ad3,,False,
data/indian_saree/train/Ikat/Ikkat_Cotton_Fabric_material-ICFM001_jpg.rf.8e502f5980c2eba6ebb93ef28cba05d1.jpg,,indian_patterns,train,Ikat,Ikkat_Cotton_Fabric_material-ICFM001_jpg.rf.8e502f5980c2eba6ebb93ef28cba05d1.jpg,640,640,37660,95e2f12a84af3535008cff66a87a43cf,,False,
data/indian_saree/train/Ikat/Ikkat_Cotton_Fabric_material-ICFM001_jpg.rf.c0ff72507001a8d5516bd65fedf46b18.jpg,,indian_patterns,train,Ikat,Ikkat_Cotton_Fabric_material-ICFM001_jpg.rf.c0ff72507001a8d5516bd65fedf46b18.jpg,640,640,34743,3f79e9710936e2afdbb8c97ebbc0641f,,False,
data/indian_saree/train/Ikat/Ikkat_Cotton_Fabric_material-ICFM001_jpg.rf.d34bae2859c53e56b0fa78725dc4f44e.jpg,,indian_patterns,train,Ikat,Ikkat_Cotton_Fabric_material-ICFM001_jpg.rf.d34bae2859c53e56b0fa78725dc4f44e.jpg,640,640,36049,c05afbbe92fb70047c9f83669aac5c6f,,False,
data/indian_saree/train/Ikat/image10_jpeg.rf.10daa721fa9cb18a8afc083ed37cc788.jpg,,indian_patterns,train,Ikat,image10_jpeg.rf.10daa721fa9cb18a8afc083ed37cc788.jpg,640,640,60018,2fbe17307d7f341e005114876b215706,,False,
data/indian_saree/train/Ikat/image10_jpeg.rf.5793c81a4158d91b7461b7b64a77d7d4.jpg,,indian_patterns,train,Ikat,image10_jpeg.rf.5793c81a4158d91b7461b7b64a77d7d4.jpg,640,640,60391,760a95792ef18b91324142b262c98eb1,,False,
data/indian_saree/train/Ikat/image10_jpeg.rf.a469adfa36b7a9cb3e4d0b99557e61ca.jpg,,indian_patterns,train,Ikat,image10_jpeg.rf.a469adfa36b7a9cb3e4d0b99557e61ca.jpg,640,640,57715,a0005516a385fe4ab745dd2c479204d3,,False,
data/indian_saree/train/Ikat/image13_jpeg.rf.e1dd1317e78afe610a397ee1baa27a5f.jpg,,indian_patterns,train,Ikat,image13_jpeg.rf.e1dd1317e78afe610a397ee1baa27a5f.jpg,640,640,58279,33d661976bb06dbc81f0e636cf52550e,,False,
data/indian_saree/train/Ikat/image13_jpeg.rf.ee43f66850467f108d3bc701e2ee7e49.jpg,,indian_patterns,train,Ikat,image13_jpeg.rf.ee43f66850467f108d3bc701e2ee7e49.jpg,640,640,61111,4884ec3eca2338ff26d06ce9ca17d13f,,False,
data/indian_saree/train/Ikat/image13_jpeg.rf.efbff6f8c3dfe8f42ed1ff2c46234b42.jpg,,indian_patterns,train,Ikat,image13_jpeg.rf.efbff6f8c3dfe8f42ed1ff2c46234b42.jpg,640,640,62132,8c4fa069eff9d67217084c18d85ba525,,False,
data/indian_saree/train/Ikat/image14_jpeg.rf.2aea62d6fceaeed64ea1bc1b766c842e.jpg,,indian_patterns,train,Ikat,image14_jpeg.rf.2aea62d6fceaeed64ea1bc1b766c842e.jpg,640,640,46275,f190daa9f09d719de6f655abecfa766e,,False,
data/indian_saree/train/Ikat/image14_jpeg.rf.7007a131504b0d9c2b1b86357c63691d.jpg,,indian_patterns,train,Ikat,image14_jpeg.rf.7007a131504b0d9c2b1b86357c63691d.jpg,640,640,49852,a511eac4c6f85e93d7fa4b3c4f6b5f2f,,False,
data/indian_saree/train/Ikat/image14_jpeg.rf.784f5d173449e30df523a0273a3d7709.jpg,,indian_patterns,train,Ikat,image14_jpeg.rf.784f5d173449e30df523a0273a3d7709.jpg,640,640,45049,b34150f073b15526fceb61fecc0b38a1,,False,
data/indian_saree/train/Ikat/image19_jpeg.rf.0edf67e6afe4c4528d1dc1cc522f1179.jpg,,indian_patterns,train,Ikat,image19_jpeg.rf.0edf67e6afe4c4528d1dc1cc522f1179.jpg,640,640,75457,72e4bc3c682f5b2f67c079948e45d058,,False,
data/indian_saree/train/Ikat/image19_jpeg.rf.19cfbf1beb48c7f864d21c6d985a092f.jpg,,indian_patterns,train,Ikat,image19_jpeg.rf.19cfbf1beb48c7f864d21c6d985a092f.jpg,640,640,76338,94387480e675f1c221a3cd8bd23ba3ac,,False,
data/indian_saree/train/Ikat/image19_jpeg.rf.8e9d0918b01b4f9fa82b995be07a56a6.jpg,,indian_patterns,train,Ikat,image19_jpeg.rf.8e9d0918b01b4f9fa82b995be07a56a6.jpg,640,640,76948,96f64e0dc2601894acaaeab4b31aa294,,False,
data/indian_saree/train/Ikat/image21_jpeg.rf.130f16dec39fe4660aec19a5098acdbc.jpg,,indian_patterns,train,Ikat,image21_jpeg.rf.130f16dec39fe4660aec19a5098acdbc.jpg,640,640,56949,67e8e7400c93f04ec733b5b2624cbc36,,False,
data/indian_saree/train/Ikat/image21_jpeg.rf.4adf57976f4b5712641dcb050910f500.jpg,,indian_patterns,train,Ikat,image21_jpeg.rf.4adf57976f4b5712641dcb050910f500.jpg,640,640,55796,8214df57ac3bb96f9dd90e2f2162df12,,False,
data/indian_saree/train/Ikat/image21_jpeg.rf.787768ef8b962fa3606858085b51bbdb.jpg,,indian_patterns,train,Ikat,image21_jpeg.rf.787768ef8b962fa3606858085b51bbdb.jpg,640,640,53379,e380847d294d75e0b2964b1e84d55fa9,,False,
data/indian_saree/train/Ikat/image22_jpeg.rf.7a427915e935b32d506bce174890a59a.jpg,,indian_patterns,train,Ikat,image22_jpeg.rf.7a427915e935b32d506bce174890a59a.jpg,640,640,73126,c9a11361f4e001826a89f2e425a27af9,,False,
data/indian_saree/train/Ikat/image22_jpeg.rf.87a481d51d111d053fb88fab96bbe004.jpg,,indian_patterns,train,Ikat,image22_jpeg.rf.87a481d51d111d053fb88fab96bbe004.jpg,640,640,72767,7f65ca36acdf6d552a79030ae4a6ebe5,,False,
data/indian_saree/train/Ikat/image22_jpeg.rf.8a0d6201d822ab1b22eaeabc2eceb0f6.jpg,,indian_patterns,train,Ikat,image22_jpeg.rf.8a0d6201d822ab1b22eaeabc2eceb0f6.jpg,640,640,69371,b2d8b75edef3ca8ca74f5133cd0e8e27,,False,
data/indian_saree/train/Ikat/image24_jpeg.rf.665b995ac70f60f6034475989f6e4770.jpg,,indian_patterns,train,Ikat,image24_jpeg.rf.665b995ac70f60f6034475989f6e4770.jpg,640,640,73419,5b6b90118ff425003d34f4e42c7deb4f,,False,
data/indian_saree/train/Ikat/image24_jpeg.rf.b815d8f4bd72fcb0bc6e9c874deaf933.jpg,,indian_patterns,train,Ikat,image24_jpeg.rf.b815d8f4bd72fcb0bc6e9c874deaf933.jpg,640,640,70429,384246563cd93f4a3028f7d07035f2fd,,False,
data/indian_saree/train/Ikat/image24_jpeg.rf.c7cc1724dcf6a677412281dcddc0eb01.jpg,,indian_patterns,train,Ikat,image24_jpeg.rf.c7cc1724dcf6a677412281dcddc0eb01.jpg,640,640,72237,e16abf172d898a3e911c59d11623f8f1,,False,
data/indian_saree/train/Ikat/image26_jpeg.rf.6ff23f0528cd12ff81d444188dae5cf0.jpg,,indian_patterns,train,Ikat,image26_jpeg.rf.6ff23f0528cd12ff81d444188dae5cf0.jpg,640,640,66007,425e1840008886b92f474d14a7025246,,False,
data/indian_saree/train/Ikat/image26_jpeg.rf.bd39f9f0c96dcd5608b6b2cbb38570ff.jpg,,indian_patterns,train,Ikat,image26_jpeg.rf.bd39f9f0c96dcd5608b6b2cbb38570ff.jpg,640,640,68128,1b23f2d5f92149f2f5160dc59ae642bc,,False,
data/indian_saree/train/Ikat/image26_jpeg.rf.e21beeb5ca4453dcba93d71658ada112.jpg,,indian_patterns,train,Ikat,image26_jpeg.rf.e21beeb5ca4453dcba93d71658ada112.jpg,640,640,63630,4f4d536d509e3db2a6bd574e9c67ba1d,,False,
data/indian_saree/train/Ikat/image28_jpeg.rf.b1f7a67cadfdb39243001a406364c84a.jpg,,indian_patterns,train,Ikat,image28_jpeg.rf.b1f7a67cadfdb39243001a406364c84a.jpg,640,640,83607,692ac30931da4934cc3a09c8c2b6ddde,,False,
data/indian_saree/train/Ikat/image28_jpeg.rf.cbb1c7f676e65a7e20f2181841e8a688.jpg,,indian_patterns,train,Ikat,image28_jpeg.rf.cbb1c7f676e65a7e20f2181841e8a688.jpg,640,640,81892,ddc12a3d31486efd6bf7cc61fb64ff98,,False,
data/indian_saree/train/Ikat/image28_jpeg.rf.d3f5ac19b0183f7980595cd37e1baffe.jpg,,indian_patterns,train,Ikat,image28_jpeg.rf.d3f5ac19b0183f7980595cd37e1baffe.jpg,640,640,83316,4fcdd6f76061d5ec5e8bdc9dc654b5c6,,False,
data/indian_saree/train/Ikat/image29_jpeg.rf.13d912b97beddf7f665c57a881cbcf42.jpg,,indian_patterns,train,Ikat,image29_jpeg.rf.13d912b97beddf7f665c57a881cbcf42.jpg,640,640,83328,d8e105b9d5e89c9adaf49424adb5f095,,False,
data/indian_saree/train/Ikat/image29_jpeg.rf.6350f3385b27f31d7c0f177f2453ea22.jpg,,indian_patterns,train,Ikat,image29_jpeg.rf.6350f3385b27f31d7c0f177f2453ea22.jpg,640,640,86652,e4f42b8df1e0bceffa1f8a51530a4310,,False,
data/indian_saree/train/Ikat/image29_jpeg.rf.b51b5d68a5d6601946801f1e136b6814.jpg,,indian_patterns,train,Ikat,image29_jpeg.rf.b51b5d68a5d6601946801f1e136b6814.jpg,640,640,84659,02b3e34832bae9b5e4df9c352ccff39d,,False,
data/indian_saree/train/Ikat/image4_jpeg.rf.4995d394bc66eceb28de37ed0f891947.jpg,,indian_patterns,train,Ikat,image4_jpeg.rf.4995d394bc66eceb28de37ed0f891947.jpg,640,640,78447,b6fd00e5e43b90a7ac49553e7dc71465,,False,
data/indian_saree/train/Ikat/image4_jpeg.rf.59a45c75f377ec9d3123e90a7198fb97.jpg,,indian_patterns,train,Ikat,image4_jpeg.rf.59a45c75f377ec9d3123e90a7198fb97.jpg,640,640,78104,b3f70f6109a1629f011d3c4a66ac7aa0,,False,
data/indian_saree/train/Ikat/image4_jpeg.rf.af57289dcd046a43c6b5adfd5c7a54ab.jpg,,indian_patterns,train,Ikat,image4_jpeg.rf.af57289dcd046a43c6b5adfd5c7a54ab.jpg,640,640,78906,46b3a0befc1a6d968143481cf488804a,,False,
data/indian_saree/train/Ikat/image5_jpeg.rf.1ba402ce5feaea8a4d9f928c1cf7159a.jpg,,indian_patterns,train,Ikat,image5_jpeg.rf.1ba402ce5feaea8a4d9f928c1cf7159a.jpg,640,640,79095,3ed7a8bffc00bbf628847cdeddd760e2,,False,
data/indian_saree/train/Ikat/image5_jpeg.rf.800709814a32cbeeb2008ba302c3ce37.jpg,,indian_patterns,train,Ikat,image5_jpeg.rf.800709814a32cbeeb2008ba302c3ce37.jpg,640,640,77042,3ced4f0b7c937027059154cebec04518,,False,
data/indian_saree/train/Ikat/image5_jpeg.rf.85089ced59b7624cf639bdb3659e8cac.jpg,,indian_patterns,train,Ikat,image5_jpeg.rf.85089ced59b7624cf639bdb3659e8cac.jpg,640,640,79947,2972b4ed8c3484417fd8cbba0d2332e3,,False,
data/indian_saree/train/Ikat/image_jpeg.rf.0317e2cea8fc10a73320f888f6d5ad37.jpg,,indian_patterns,train,Ikat,image_jpeg.rf.0317e2cea8fc10a73320f888f6d5ad37.jpg,640,640,31067,09d40ad1a24576f96a1779d6070369c6,,False,
data/indian_saree/train/Ikat/image_jpeg.rf.847aebb175cdae51449de01b820eef5b.jpg,,indian_patterns,train,Ikat,image_jpeg.rf.847aebb175cdae51449de01b820eef5b.jpg,640,640,33857,d01c196db5e32471101e4dd18fef86ce,,False,
data/indian_saree/train/Ikat/image_jpeg.rf.fd06abde9c260fd7240e714370efac8c.jpg,,indian_patterns,train,Ikat,image_jpeg.rf.fd06abde9c260fd7240e714370efac8c.jpg,640,640,34793,82837b77ae80c455cb4d4a49dc620b2a,,False,
data/indian_saree/train/Ikat/images10_jpg.rf.6fbb74e1bb548d695e4a32392b66a574.jpg,,indian_patterns,train,Ikat,images10_jpg.rf.6fbb74e1bb548d695e4a32392b66a574.jpg,640,640,34430,b8e8db45c0902f3ca97a4485dad3c4c9,,False,
data/indian_saree/train/Ikat/images10_jpg.rf.c2a067dcd58527e8375094f7379dc378.jpg,,indian_patterns,train,Ikat,images10_jpg.rf.c2a067dcd58527e8375094f7379dc378.jpg,640,640,35051,b975163b26b935d7ae3c6570c20a1398,,False,
data/indian_saree/train/Ikat/images10_jpg.rf.ed384fcccb1655a59915d50fad682b73.jpg,,indian_patterns,train,Ikat,images10_jpg.rf.ed384fcccb1655a59915d50fad682b73.jpg,640,640,32057,b9f1366342392ae79855e09d8f0bacdd,,False,
data/indian_saree/train/Ikat/images11_jpg.rf.1f9b5d85ea56eb875a6b06e01fb4e840.jpg,,indian_patterns,train,Ikat,images11_jpg.rf.1f9b5d85ea56eb875a6b06e01fb4e840.jpg,640,640,41230,be6cc6fd7fe9f097072a35c213a767ab,,False,
data/indian_saree/train/Ikat/images11_jpg.rf.4eac8bd45a16e1198334b28445e8f937.jpg,,indian_patterns,train,Ikat,images11_jpg.rf.4eac8bd45a16e1198334b28445e8f937.jpg,640,640,41313,c00954924aec8120d4afa3922d98f3d7,,False,
data/indian_saree/train/Ikat/images11_jpg.rf.db1cdbede227869c43c25663f0220cd3.jpg,,indian_patterns,train,Ikat,images11_jpg.rf.db1cdbede227869c43c25663f0220cd3.jpg,640,640,44008,ee589e6409473266094a30fde3784c35,,False,
data/indian_saree/train/Ikat/images13_jpg.rf.088d47e718f23aca85b4e59170be7eed.jpg,,indian_patterns,train,Ikat,images13_jpg.rf.088d47e718f23aca85b4e59170be7eed.jpg,640,640,82767,f012f40b12b160a2c97ac7c61d55673c,,False,
data/indian_saree/train/Ikat/images13_jpg.rf.723fcd6ebffb0a3b9967bf28ba694063.jpg,,indian_patterns,train,Ikat,images13_jpg.rf.723fcd6ebffb0a3b9967bf28ba694063.jpg,640,640,81055,24af6e026f5eb3619170b3f81d33fb6b,,False,
data/indian_saree/train/Ikat/images13_jpg.rf.b7548d89e1719e9fa7a0c4128277e2f3.jpg,,indian_patterns,train,Ikat,images13_jpg.rf.b7548d89e1719e9fa7a0c4128277e2f3.jpg,640,640,79370,79f4b9729b49a1ed0a5f4a248e732c46,,False,
data/indian_saree/train/Ikat/images14_jpg.rf.18b6522cfb0ec8d954718a334e4012ff.jpg,,indian_patterns,train,Ikat,images14_jpg.rf.18b6522cfb0ec8d954718a334e4012ff.jpg,640,640,53295,6fdc88674036778b99a7b04f4ede9bfc,,False,
data/indian_saree/train/Ikat/images14_jpg.rf.3e14ca35a801f93ed8a55e794522f80c.jpg,,indian_patterns,train,Ikat,images14_jpg.rf.3e14ca35a801f93ed8a55e794522f80c.jpg,640,640,51140,c9d38fd2ebbcc1252614ee8775bc9a00,,False,
data/indian_saree/train/Ikat/images14_jpg.rf.6008dd261d8450cbf17bc68a220ff60e.jpg,,indian_patterns,train,Ikat,images14_jpg.rf.6008dd261d8450cbf17bc68a220ff60e.jpg,640,640,50652,89551db175b56bdf10a8d6965b27382c,,False,
data/indian_saree/train/Ikat/images18_jpg.rf.7d06286b6293a2eb41451effed90187b.jpg,,indian_patterns,train,Ikat,images18_jpg.rf.7d06286b6293a2eb41451effed90187b.jpg,640,640,69549,7b8d15b9c39ce59385453f40b092eb08,,False,
data/indian_saree/train/Ikat/images18_jpg.rf.b9b8a0485b864ee5d8b878c6e534af4d.jpg,,indian_patterns,train,Ikat,images18_jpg.rf.b9b8a0485b864ee5d8b878c6e534af4d.jpg,640,640,69914,5adbc2fe37bc578c1d03b65b925af719,,False,
data/indian_saree/train/Ikat/images18_jpg.rf.ea82e148e4d6e66b44aacc41936f4c61.jpg,,indian_patterns,train,Ikat,images18_jpg.rf.ea82e148e4d6e66b44aacc41936f4c61.jpg,640,640,72111,71db35d289dfc428685889a580a85066,,False,
data/indian_saree/train/Ikat/images19_jpg.rf.2ad80b1a1de93328d8e6d77ae245f61f.jpg,,indian_patterns,train,Ikat,images19_jpg.rf.2ad80b1a1de93328d8e6d77ae245f61f.jpg,640,640,48190,efd3f15213c1798f841e7c755a1294ff,,False,
data/indian_saree/train/Ikat/images19_jpg.rf.aa94e161e38e23f265a51dca87837132.jpg,,indian_patterns,train,Ikat,images19_jpg.rf.aa94e161e38e23f265a51dca87837132.jpg,640,640,50400,c570e45d68fef482f1e0cf9c4cf57527,,False,
data/indian_saree/train/Ikat/images19_jpg.rf.fe8af21dfdd287053712180ac66c80c3.jpg,,indian_patterns,train,Ikat,images19_jpg.rf.fe8af21dfdd287053712180ac66c80c3.jpg,640,640,47733,de8b6c546d062dbd598cc055055b7299,,False,
data/indian_saree/train/Ikat/images20_jpg.rf.8ce35957d77b0d52f9417b6bebf5460e.jpg,,indian_patterns,train,Ikat,images20_jpg.rf.8ce35957d77b0d52f9417b6bebf5460e.jpg,640,640,67738,56ba007e4a51305c10e7e4074719a8c7,,False,
data/indian_saree/train/Ikat/images20_jpg.rf.affe7e8b1fc9caf04a7e70cba5d202bd.jpg,,indian_patterns,train,Ikat,images20_jpg.rf.affe7e8b1fc9caf04a7e70cba5d202bd.jpg,640,640,67298,f722635f031d6761af462abaf10c6d98,,False,
data/indian_saree/train/Ikat/images20_jpg.rf.d796f837b8bc732855beb91139676f3a.jpg,,indian_patterns,train,Ikat,images20_jpg.rf.d796f837b8bc732855beb91139676f3a.jpg,640,640,67701,e3c7e5155581aeb9cedd72f4fd03382c,,False,
data/indian_saree/train/Ikat/images23_jpg.rf.278d49bca3f5964edfbf799eb590752d.jpg,,indian_patterns,train,Ikat,images23_jpg.rf.278d49bca3f5964edfbf799eb590752d.jpg,640,640,63975,e06f929c24d468fc33acfba56ebf37a0,,False,
data/indian_saree/train/Ikat/images23_jpg.rf.5890bd5790b07569569be2365aa7d9ab.jpg,,indian_patterns,train,Ikat,images23_jpg.rf.5890bd5790b07569569be2365aa7d9ab.jpg,640,640,65588,42e5edc6e221c48a27a33730be6b08c5,,False,
data/indian_saree/train/Ikat/images23_jpg.rf.a60a37d45a60a075a99105dc5495ea70.jpg,,indian_patterns,train,Ikat,images23_jpg.rf.a60a37d45a60a075a99105dc5495ea70.jpg,640,640,62195,9d73f8537ea8aafcc63fd587d505bd00,,False,
data/indian_saree/train/Ikat/images24_jpg.rf.2120e8ea76be09665bbf5d571c8c9766.jpg,,indian_patterns,train,Ikat,images24_jpg.rf.2120e8ea76be09665bbf5d571c8c9766.jpg,640,640,76800,b252ae8b31e3c9799e4f55e9ab414bf4,,False,
data/indian_saree/train/Ikat/images24_jpg.rf.a1523e758f065537bb947d65244e1e4d.jpg,,indian_patterns,train,Ikat,images24_jpg.rf.a1523e758f065537bb947d65244e1e4d.jpg,640,640,73385,5c0acf19da63e8c56acdb734940dd357,,False,
data/indian_saree/train/Ikat/images24_jpg.rf.b921c4b97800f700cf53564297ef9a32.jpg,,indian_patterns,train,Ikat,images24_jpg.rf.b921c4b97800f700cf53564297ef9a32.jpg,640,640,76075,7023dfa3dd3d97205daac5ad7fa05580,,False,
data/indian_saree/train/Ikat/images28_jpg.rf.20affec16d89e38ecfbf4d74dc2ffbde.jpg,,indian_patterns,train,Ikat,images28_jpg.rf.20affec16d89e38ecfbf4d74dc2ffbde.jpg,640,640,52320,b5b7a91d5aecaea45aa97e0391b66e20,,False,
data/indian_saree/train/Ikat/images28_jpg.rf.9790497267822a0b02660e79aa8988de.jpg,,indian_patterns,train,Ikat,images28_jpg.rf.9790497267822a0b02660e79aa8988de.jpg,640,640,48073,a57abc575d4ae859a4a8b1faca6d78af,,False,
data/indian_saree/train/Ikat/images28_jpg.rf.dd46d56bd59d55c742a58bcf29fcf2a8.jpg,,indian_patterns,train,Ikat,images28_jpg.rf.dd46d56bd59d55c742a58bcf29fcf2a8.jpg,640,640,49518,2d65b4fce61e68142f64dc29c1c0e46c,,False,
data/indian_saree/train/Ikat/images29_jpg.rf.3ac4dc05d043967868452a4a477273d2.jpg,,indian_patterns,train,Ikat,images29_jpg.rf.3ac4dc05d043967868452a4a477273d2.jpg,640,640,65963,ad2546c7eecde6c667db2dd917df4c4a,,False,
data/indian_saree/train/Ikat/images29_jpg.rf.6f7ade91d22b078b97faa00af597a4c0.jpg,,indian_patterns,train,Ikat,images29_jpg.rf.6f7ade91d22b078b97faa00af597a4c0.jpg,640,640,66899,b9c02c6ec641138e55203e05aafe3778,,False,
data/indian_saree/train/Ikat/images29_jpg.rf.a185c7591152a70de334deaea48d4b14.jpg,,indian_patterns,train,Ikat,images29_jpg.rf.a185c7591152a70de334deaea48d4b14.jpg,640,640,68520,fddc0234d530bb30c33bf314c4089d47,,False,
data/indian_saree/train/Ikat/images2_jpg.rf.89b8996a4628e7572d526a719af44bbd.jpg,,indian_patterns,train,Ikat,images2_jpg.rf.89b8996a4628e7572d526a719af44bbd.jpg,640,640,47152,ae8bd81c19ffa1adc04ee0399073ffca,,False,
data/indian_saree/train/Ikat/images2_jpg.rf.e4d56b06d1cf988a7ab857d511f73daf.jpg,,indian_patterns,train,Ikat,images2_jpg.rf.e4d56b06d1cf988a7ab857d511f73daf.jpg,640,640,47196,fb94f64e6564a60b4736980da7fdb035,,False,
data/indian_saree/train/Ikat/images2_jpg.rf.fd60270f45078c435e80da7687b248af.jpg,,indian_patterns,train,Ikat,images2_jpg.rf.fd60270f45078c435e80da7687b248af.jpg,640,640,49158,265771526906c0e05aaa4f104917b2b7,,False,
data/indian_saree/train/Ikat/images32_jpg.rf.483ec412e4b5d32934cc9dcf5118c1e8.jpg,,indian_patterns,train,Ikat,images32_jpg.rf.483ec412e4b5d32934cc9dcf5118c1e8.jpg,640,640,76968,0bca2ceac48906f63e7e8e2b6fc16f6e,,False,
data/indian_saree/train/Ikat/images32_jpg.rf.be76374358d8a6feda50af235d11ca08.jpg,,indian_patterns,train,Ikat,images32_jpg.rf.be76374358d8a6feda50af235d11ca08.jpg,640,640,75363,c8a5cad75d3df5f2e1d094ea187267b4,,False,
data/indian_saree/train/Ikat/images32_jpg.rf.c438f0a372f93ab2f37277d8037b6ff3.jpg,,indian_patterns,train,Ikat,images32_jpg.rf.c438f0a372f93ab2f37277d8037b6ff3.jpg,640,640,77904,add43ac1c1a4c14b5c44100954afd4a9,,False,
data/indian_saree/train/Ikat/images3_jpg.rf.78a7bab6c3120dc5ee52ae64d2ae8db1.jpg,,indian_patterns,train,Ikat,images3_jpg.rf.78a7bab6c3120dc5ee52ae64d2ae8db1.jpg,640,640,76684,2b8243113806e9777c0bb083723db617,,False,
data/indian_saree/train/Ikat/images3_jpg.rf.9b47dc88c393866a6f2851dd59a827d5.jpg,,indian_patterns,train,Ikat,images3_jpg.rf.9b47dc88c393866a6f2851dd59a827d5.jpg,640,640,77578,2bbe0b2583b1f9690036bfc759c43ffc,,False,
data/indian_saree/train/Ikat/images3_jpg.rf.b311ed3c60884a0982637af9ee6540d7.jpg,,indian_patterns,train,Ikat,images3_jpg.rf.b311ed3c60884a0982637af9ee6540d7.jpg,640,640,74457,76b6af1617c100bdb426a6f282cd54be,,False,
data/indian_saree/train/Ikat/images4_jpg.rf.10781dfa6ea6e33b3763e30aab32d4ca.jpg,,indian_patterns,train,Ikat,images4_jpg.rf.10781dfa6ea6e33b3763e30aab32d4ca.jpg,640,640,77285,9c8ac677c8671cd4d531bd461fe4710a,,False,
data/indian_saree/train/Ikat/images4_jpg.rf.8e8207de362d8853a415a34315c04ec1.jpg,,indian_patterns,train,Ikat,images4_jpg.rf.8e8207de362d8853a415a34315c04ec1.jpg,640,640,75620,4e22d39a0697401385e6284a02261de0,,False,
data/indian_saree/train/Ikat/images4_jpg.rf.a946d664d0acc0eeba73bbb244189004.jpg,,indian_patterns,train,Ikat,images4_jpg.rf.a946d664d0acc0eeba73bbb244189004.jpg,640,640,74956,ef615258948d8929e708e2af6ec4a6e9,,False,
data/indian_saree/train/Ikat/images5_jpg.rf.0c7fc5d5fb24ada40b9d93705277d207.jpg,,indian_patterns,train,Ikat,images5_jpg.rf.0c7fc5d5fb24ada40b9d93705277d207.jpg,640,640,58016,3dc1a600e551cb2f5fc0246caad8ccef,,False,
data/indian_saree/train/Ikat/images5_jpg.rf.578ed141df128a541003f0de0f1b7a01.jpg,,indian_patterns,train,Ikat,images5_jpg.rf.578ed141df128a541003f0de0f1b7a01.jpg,640,640,62055,a1391c5eb0c58ff920174f246494f673,,False,
data/indian_saree/train/Ikat/images5_jpg.rf.ffecf5a0276ca6efad9c0dd1f362f253.jpg,,indian_patterns,train,Ikat,images5_jpg.rf.ffecf5a0276ca6efad9c0dd1f362f253.jpg,640,640,61350,42d11842b4120e58fc5de67ff2986481,,False,
data/indian_saree/train/Ikat/images6_jpg.rf.7acfc7ff646e87e7a08023c33fde6d47.jpg,,indian_patterns,train,Ikat,images6_jpg.rf.7acfc7ff646e87e7a08023c33fde6d47.jpg,640,640,44818,edb345ed9199665be47197ddcfdb7f58,,False,
data/indian_saree/train/Ikat/images6_jpg.rf.9616163010a3b35377028bb40bdbb6de.jpg,,indian_patterns,train,Ikat,images6_jpg.rf.9616163010a3b35377028bb40bdbb6de.jpg,640,640,46627,692c26e1f8bb10076eed9483b62078de,,False,
data/indian_saree/train/Ikat/images6_jpg.rf.dfdb26954379a6505ccaa8cda39f56ff.jpg,,indian_patterns,train,Ikat,images6_jpg.rf.dfdb26954379a6505ccaa8cda39f56ff.jpg,640,640,43414,8b949f7a3feedda2112c1facc47d8721,,False,
data/indian_saree/train/Ikat/images8_jpg.rf.0d7c2db2efe00df30e7928ef4f560a64.jpg,,indian_patterns,train,Ikat,images8_jpg.rf.0d7c2db2efe00df30e7928ef4f560a64.jpg,640,640,66945,440fb01dfc4e67a8e0374252de290f61,,False,
data/indian_saree/train/Ikat/images8_jpg.rf.ac17bc715b70f32297a2e778162cc767.jpg,,indian_patterns,train,Ikat,images8_jpg.rf.ac17bc715b70f32297a2e778162cc767.jpg,640,640,68432,5c450e0003bfbf6be685c46d4284a4c2,,False,
data/indian_saree/train/Ikat/images8_jpg.rf.c29009a6a92347f68bd2918e430ddcb0.jpg,,indian_patterns,train,Ikat,images8_jpg.rf.c29009a6a92347f68bd2918e430ddcb0.jpg,640,640,67942,ae1ad1615049013d2859e193cbf62905,,False,
data/indian_saree/train/Ikat/images_jpg.rf.6984147bd97ae08da2c3e176a93853bf.jpg,,indian_patterns,train,Ikat,images_jpg.rf.6984147bd97ae08da2c3e176a93853bf.jpg,640,640,60916,e855c3608e21df09290c27189e47eb62,,False,
data/indian_saree/train/Ikat/images_jpg.rf.87e43ed4a1572b5c1799c5e087101794.jpg,,indian_patterns,train,Ikat,images_jpg.rf.87e43ed4a1572b5c1799c5e087101794.jpg,640,640,63609,e6ec594934a843f9d82d380b071327da,,False,
data/indian_saree/train/Ikat/images_jpg.rf.ad94a903d661bad336205ff6e2b582cd.jpg,,indian_patterns,train,Ikat,images_jpg.rf.ad94a903d661bad336205ff6e2b582cd.jpg,640,640,62636,044367e87ed81c86cb42768395c307e3,,False,
data/indian_saree/train/Ikat/img-20190422-wa0023_jpg.rf.25d88af624ecbc3c7d2add1cec3e187a.jpg,,indian_patterns,train,Ikat,img-20190422-wa0023_jpg.rf.25d88af624ecbc3c7d2add1cec3e187a.jpg,640,640,61087,1a990f4b2897703db8877978a37c27c9,,False,
data/indian_saree/train/Ikat/img-20190422-wa0023_jpg.rf.4b0ec026a071d0685a09ed98c388bbe1.jpg,,indian_patterns,train,Ikat,img-20190422-wa0023_jpg.rf.4b0ec026a071d0685a09ed98c388bbe1.jpg,640,640,63152,4d60d80e50b5c6b5dbea6aa7caf7ec0f,,False,
data/indian_saree/train/Ikat/img-20190422-wa0023_jpg.rf.c68b91dd5289980398aec56ef9ef79e4.jpg,,indian_patterns,train,Ikat,img-20190422-wa0023_jpg.rf.c68b91dd5289980398aec56ef9ef79e4.jpg,640,640,61168,8ed28204439981bff4d4f24a6b4004e5,,False,
data/indian_saree/train/Ikat/img_5849_3_1280x_jpg.rf.1499d550b853f18bf598fbadd30e5c4c.jpg,,indian_patterns,train,Ikat,img_5849_3_1280x_jpg.rf.1499d550b853f18bf598fbadd30e5c4c.jpg,640,640,53296,67258c77e6c2d97c41f6f0f90cbdbec6,,False,
data/indian_saree/train/Ikat/img_5849_3_1280x_jpg.rf.4ee1a2ed53f593c7240e4b6d81c23b0a.jpg,,indian_patterns,train,Ikat,img_5849_3_1280x_jpg.rf.4ee1a2ed53f593c7240e4b6d81c23b0a.jpg,640,640,50701,7586aee3f9093a172c8aff06e43488ae,,False,
data/indian_saree/train/Ikat/img_5849_3_1280x_jpg.rf.b11c49608a19087d04d7fb682f2ff0fb.jpg,,indian_patterns,train,Ikat,img_5849_3_1280x_jpg.rf.b11c49608a19087d04d7fb682f2ff0fb.jpg,640,640,52605,35c25121722301d1ac0552a4e7414156,,False,
data/indian_saree/train/Ikat/IMG_8301_43e00f26-a678-4be3-8834-d74f2a3cbef9_jpg.rf.04cfee23e631e644b493139d8d41fee2.jpg,,indian_patterns,train,Ikat,IMG_8301_43e00f26-a678-4be3-8834-d74f2a3cbef9_jpg.rf.04cfee23e631e644b493139d8d41fee2.jpg,640,640,55527,0d18121ebfe08725e18fcb2d70c43886,,False,
data/indian_saree/train/Ikat/IMG_8301_43e00f26-a678-4be3-8834-d74f2a3cbef9_jpg.rf.7df51e5aac32311c24a36ec41dcba636.jpg,,indian_patterns,train,Ikat,IMG_8301_43e00f26-a678-4be3-8834-d74f2a3cbef9_jpg.rf.7df51e5aac32311c24a36ec41dcba636.jpg,640,640,56553,97b7162b6dd41e00fb232ffd6db56028,,False,
data/indian_saree/train/Ikat/IMG_8301_43e00f26-a678-4be3-8834-d74f2a3cbef9_jpg.rf.8be798c973173196b18908c957544280.jpg,,indian_patterns,train,Ikat,IMG_8301_43e00f26-a678-4be3-8834-d74f2a3cbef9_jpg.rf.8be798c973173196b18908c957544280.jpg,640,640,57222,b85ab78dec0e769b8283d76ff2e12acc,,False,
data/indian_saree/train/Ikat/MG_5075_a4aacb6c-5896-4ca2-a23a-e86ccce1206e_jpg.rf.0380fc3f19d2ed54f96e2447c08858d6.jpg,,indian_patterns,train,Ikat,MG_5075_a4aacb6c-5896-4ca2-a23a-e86ccce1206e_jpg.rf.0380fc3f19d2ed54f96e2447c08858d6.jpg,640,640,45229,1c15260e273721222833ec711b51e1e3,,False,
data/indian_saree/train/Ikat/MG_5075_a4aacb6c-5896-4ca2-a23a-e86ccce1206e_jpg.rf.82d4a34fe3df27f860d19e19d2c04760.jpg,,indian_patterns,train,Ikat,MG_5075_a4aacb6c-5896-4ca2-a23a-e86ccce1206e_jpg.rf.82d4a34fe3df27f860d19e19d2c04760.jpg,640,640,46030,6c855b7f9b7308d7a05f76344978c531,,False,
data/indian_saree/train/Ikat/MG_5075_a4aacb6c-5896-4ca2-a23a-e86ccce1206e_jpg.rf.c5b9805cb211bca245b0532b86f333fc.jpg,,indian_patterns,train,Ikat,MG_5075_a4aacb6c-5896-4ca2-a23a-e86ccce1206e_jpg.rf.c5b9805cb211bca245b0532b86f333fc.jpg,640,640,45769,c9d8bdd7bd64aded4e6086acda1010f4,,False,
data/indian_saree/train/Ikat/pink-pochampally-ikkat-fabric-2-500x500_jpg.rf.0cda032bffdef5936122533dc01580d1.jpg,,indian_patterns,train,Ikat,pink-pochampally-ikkat-fabric-2-500x500_jpg.rf.0cda032bffdef5936122533dc01580d1.jpg,640,640,83802,7bb8540fc31072a2378e5a6c5aafdb81,pink,False,
data/indian_saree/train/Ikat/pink-pochampally-ikkat-fabric-2-500x500_jpg.rf.2afcc071bbbd584f3e75d21f243c776d.jpg,,indian_patterns,train,Ikat,pink-pochampally-ikkat-fabric-2-500x500_jpg.rf.2afcc071bbbd584f3e75d21f243c776d.jpg,640,640,81594,3d189cbb8ba38e6e6da3e5addf834519,pink,False,
data/indian_saree/train/Ikat/pink-pochampally-ikkat-fabric-2-500x500_jpg.rf.9bebaf628b42df606527dc39f5230b56.jpg,,indian_patterns,train,Ikat,pink-pochampally-ikkat-fabric-2-500x500_jpg.rf.9bebaf628b42df606527dc39f5230b56.jpg,640,640,85207,3acb3bba9a339ec79d2197c9110e8a8b,pink,False,
data/indian_saree/train/Ikat/pochampally-cotton-clothes-meterial_jpg.rf.013d1a7abcc3349cbcc24067bc5ddfb2.jpg,,indian_patterns,train,Ikat,pochampally-cotton-clothes-meterial_jpg.rf.013d1a7abcc3349cbcc24067bc5ddfb2.jpg,640,640,82488,a7390be66939ffc30f8a247fa586a809,,False,
data/indian_saree/train/Ikat/pochampally-cotton-clothes-meterial_jpg.rf.57f35d33d6f20fefb261ce85eeff596b.jpg,,indian_patterns,train,Ikat,pochampally-cotton-clothes-meterial_jpg.rf.57f35d33d6f20fefb261ce85eeff596b.jpg,640,640,80938,ebff9e9e44d7d045e8496111453ab5b6,,False,
data/indian_saree/train/Ikat/pochampally-cotton-clothes-meterial_jpg.rf.72dc611410d47332db936db5c78dc41d.jpg,,indian_patterns,train,Ikat,pochampally-cotton-clothes-meterial_jpg.rf.72dc611410d47332db936db5c78dc41d.jpg,640,640,82751,11629a7690e2bedb85e171fa31913421,,False,
data/indian_saree/train/Ikat/pochampally-ikat-cotton-fabric-500x500_jpg.rf.27b2644f57ff0b41f0b2c3355ef41d95.jpg,,indian_patterns,train,Ikat,pochampally-ikat-cotton-fabric-500x500_jpg.rf.27b2644f57ff0b41f0b2c3355ef41d95.jpg,640,640,54356,7febc48ab2a611151918af7664f50cf3,,False,
data/indian_saree/train/Ikat/pochampally-ikat-cotton-fabric-500x500_jpg.rf.47012ce0a1edd70766be2fdbea0d87fc.jpg,,indian_patterns,train,Ikat,pochampally-ikat-cotton-fabric-500x500_jpg.rf.47012ce0a1edd70766be2fdbea0d87fc.jpg,640,640,54921,a4dc4c53871439e83121d797238c7c7b,,False,
data/indian_saree/train/Ikat/pochampally-ikat-cotton-fabric-500x500_jpg.rf.e1db91f433a077438bef4b05751e9bc8.jpg,,indian_patterns,train,Ikat,pochampally-ikat-cotton-fabric-500x500_jpg.rf.e1db91f433a077438bef4b05751e9bc8.jpg,640,640,57343,530bc1bd05614a552069a5db11b7bcab,,False,
data/indian_saree/train/Ikat/pochampally-ikat-cotton-red-color-fabric-pochampallysarees-com_jpg.rf.4edad0ac325b44b14a1361f52df70454.jpg,,indian_patterns,train,Ikat,pochampally-ikat-cotton-red-color-fabric-pochampallysarees-com_jpg.rf.4edad0ac325b44b14a1361f52df70454.jpg,640,640,60074,208e368e2077ef16017cc7e944557ad7,red,False,
data/indian_saree/train/Ikat/pochampally-ikat-cotton-red-color-fabric-pochampallysarees-com_jpg.rf.8fb22cf4628389baea655610b92ecf33.jpg,,indian_patterns,train,Ikat,pochampally-ikat-cotton-red-color-fabric-pochampallysarees-com_jpg.rf.8fb22cf4628389baea655610b92ecf33.jpg,640,640,56681,0f00506da9e5bd88149c44dbb7369170,red,False,
data/indian_saree/train/Ikat/pochampally-ikat-cotton-red-color-fabric-pochampallysarees-com_jpg.rf.c4ce1a0829a1c655312bf054dadb8f90.jpg,,indian_patterns,train,Ikat,pochampally-ikat-cotton-red-color-fabric-pochampallysarees-com_jpg.rf.c4ce1a0829a1c655312bf054dadb8f90.jpg,640,640,56838,9a785f27a6864d18c35c104df8c10f1b,red,False,
data/indian_saree/train/Ikat/pochampally-ikat-silk-fabric_jpg.rf.2401e7a77bfa8d37f79f208ac5e942d0.jpg,,indian_patterns,train,Ikat,pochampally-ikat-silk-fabric_jpg.rf.2401e7a77bfa8d37f79f208ac5e942d0.jpg,640,640,43804,acafdf790b0d93d93ab171cda81fa13e,,False,
data/indian_saree/train/Ikat/pochampally-ikat-silk-fabric_jpg.rf.8add82120de3fe4017df233673bd68d0.jpg,,indian_patterns,train,Ikat,pochampally-ikat-silk-fabric_jpg.rf.8add82120de3fe4017df233673bd68d0.jpg,640,640,46502,35e3dd397d3dff8a64fbfb3a328c95a3,,False,
data/indian_saree/train/Ikat/pochampally-ikat-silk-fabric_jpg.rf.b3fa3bfd4adb5c25dc46c74a997e9079.jpg,,indian_patterns,train,Ikat,pochampally-ikat-silk-fabric_jpg.rf.b3fa3bfd4adb5c25dc46c74a997e9079.jpg,640,640,47594,c1e15739342260986b2b4b973629015f,,False,
data/indian_saree/train/Ikat/pochampally-ikkat-sico-red-color-fabric-pochampallysarees-com_jpg.rf.01445aab1f532d46732bbe2171629c56.jpg,,indian_patterns,train,Ikat,pochampally-ikkat-sico-red-color-fabric-pochampallysarees-com_jpg.rf.01445aab1f532d46732bbe2171629c56.jpg,640,640,71456,7be6d037c7f12aa79bf85d488ba46d5e,red,False,
data/indian_saree/train/Ikat/pochampally-ikkat-sico-red-color-fabric-pochampallysarees-com_jpg.rf.a6b6860f3c567579c346d161562a5fc3.jpg,,indian_patterns,train,Ikat,pochampally-ikkat-sico-red-color-fabric-pochampallysarees-com_jpg.rf.a6b6860f3c567579c346d161562a5fc3.jpg,640,640,74992,a3bd3758dac3eae872aaef78014fe5eb,red,False,
data/indian_saree/train/Ikat/pochampally-ikkat-sico-red-color-fabric-pochampallysarees-com_jpg.rf.abbcf59378a1b40f09474ab1c77103c9.jpg,,indian_patterns,train,Ikat,pochampally-ikkat-sico-red-color-fabric-pochampallysarees-com_jpg.rf.abbcf59378a1b40f09474ab1c77103c9.jpg,640,640,73491,36ddbbe5d6f17bc8556e7281f622b93b,red,False,
data/indian_saree/train/Ikat/pochampally-pure-silk-cotton-blouse-piece-rkg-shopping-496696_jpg.rf.079496c1172d2b8eca623f91aec35998.jpg,,indian_patterns,train,Ikat,pochampally-pure-silk-cotton-blouse-piece-rkg-shopping-496696_jpg.rf.079496c1172d2b8eca623f91aec35998.jpg,640,640,85263,4853d9fdf8afd20d7f64eea3c06688c3,,False,
data/indian_saree/train/Ikat/pochampally-pure-silk-cotton-blouse-piece-rkg-shopping-496696_jpg.rf.1c244aaa4db13a0bb28449f9d7972526.jpg,,indian_patterns,train,Ikat,pochampally-pure-silk-cotton-blouse-piece-rkg-shopping-496696_jpg.rf.1c244aaa4db13a0bb28449f9d7972526.jpg,640,640,85453,83db5d8ba06681785e81ecafa3f813ad,,False,
data/indian_saree/train/Ikat/pochampally-pure-silk-cotton-blouse-piece-rkg-shopping-496696_jpg.rf.c82217e491d2c573aa179554fa881735.jpg,,indian_patterns,train,Ikat,pochampally-pure-silk-cotton-blouse-piece-rkg-shopping-496696_jpg.rf.c82217e491d2c573aa179554fa881735.jpg,640,640,87460,40114c4d7c78b2947751efbf1107446e,,False,
data/indian_saree/train/Ikat/Pochampolli20Cloth-JPG_jpg.rf.00f221322618f2691e9c18c6125dc664.jpg,,indian_patterns,train,Ikat,Pochampolli20Cloth-JPG_jpg.rf.00f221322618f2691e9c18c6125dc664.jpg,640,640,110614,2c2679bc392a650078a7f8fa30ef2000,,False,
data/indian_saree/train/Ikat/Pochampolli20Cloth-JPG_jpg.rf.65f9bfb4c6efcd7581769170086968a3.jpg,,indian_patterns,train,Ikat,Pochampolli20Cloth-JPG_jpg.rf.65f9bfb4c6efcd7581769170086968a3.jpg,640,640,109489,8f06c7fba7fcda5c265d45cb6c0d3d3d,,False,
data/indian_saree/train/Ikat/Pochampolli20Cloth-JPG_jpg.rf.fa4ef391e1e5e234ba1cc5856190b29c.jpg,,indian_patterns,train,Ikat,Pochampolli20Cloth-JPG_jpg.rf.fa4ef391e1e5e234ba1cc5856190b29c.jpg,640,640,109665,7194e87d5a7425de3018f95c25a93d69,,False,
data/indian_saree/train/Ikat/PSH-PPS00-18067_jpg.rf.71d48814f6584a7a2fd4bb1bc437e23e.jpg,,indian_patterns,train,Ikat,PSH-PPS00-18067_jpg.rf.71d48814f6584a7a2fd4bb1bc437e23e.jpg,640,640,30655,01e8db8b43f28e95454702c30b15dc1f,,False,
data/indian_saree/train/Ikat/PSH-PPS00-18067_jpg.rf.85811b540b2d8cfa39475599293628a1.jpg,,indian_patterns,train,Ikat,PSH-PPS00-18067_jpg.rf.85811b540b2d8cfa39475599293628a1.jpg,640,640,32943,ee785e08f3aba0a9477c86a77449e270,,False,
data/indian_saree/train/Ikat/PSH-PPS00-18067_jpg.rf.8a300edcfcba70b44bafa0b7430a0d9f.jpg,,indian_patterns,train,Ikat,PSH-PPS00-18067_jpg.rf.8a300edcfcba70b44bafa0b7430a0d9f.jpg,640,640,32064,72735f2a7a387ef77b5637b0d8c29e0f,,False,
data/indian_saree/train/Ikat/R_jpg.rf.66eb70df7358834286228fe323568598.jpg,,indian_patterns,train,Ikat,R_jpg.rf.66eb70df7358834286228fe323568598.jpg,640,640,81453,13b7c0b3dd3b3be839165b49f27253fe,,False,
data/indian_saree/train/Ikat/R_jpg.rf.ae6a423a56877a58c2f639da377ceb5e.jpg,,indian_patterns,train,Ikat,R_jpg.rf.ae6a423a56877a58c2f639da377ceb5e.jpg,640,640,79118,1edc6c79d2d22505a501af8c7e292343,,False,
data/indian_saree/train/Ikat/R_jpg.rf.ce7935913f54d07f3fe073fa0f22ff73.jpg,,indian_patterns,train,Ikat,R_jpg.rf.ce7935913f54d07f3fe073fa0f22ff73.jpg,640,640,82546,3929a6c1084dd7347ede524cea7b407f,,False,
data/indian_saree/train/Ikat/woven-pochampally-ikat-mercerised-cotton-blouse-fabric-model-469483203_grey-0-202309281431_jpg.rf.09fcf43cf23011c8e4e66ba0d637b0df.jpg,,indian_patterns,train,Ikat,woven-pochampally-ikat-mercerised-cotton-blouse-fabric-model-469483203_grey-0-202309281431_jpg.rf.09fcf43cf23011c8e4e66ba0d637b0df.jpg,640,640,110635,d0c43418b3ad143e6597a585f0c1a450,grey,False,
data/indian_saree/train/Ikat/woven-pochampally-ikat-mercerised-cotton-blouse-fabric-model-469483203_grey-0-202309281431_jpg.rf.3af512a8373bea7c747903b4d1ca290d.jpg,,indian_patterns,train,Ikat,woven-pochampally-ikat-mercerised-cotton-blouse-fabric-model-469483203_grey-0-202309281431_jpg.rf.3af512a8373bea7c747903b4d1ca290d.jpg,640,640,112121,bb863e8e4022f1e060e6bf5590f3d119,grey,False,
data/indian_saree/train/Ikat/woven-pochampally-ikat-mercerised-cotton-blouse-fabric-model-469483203_grey-0-202309281431_jpg.rf.c34c73a2c15c2b503e7c63af68dbda68.jpg,,indian_patterns,train,Ikat,woven-pochampally-ikat-mercerised-cotton-blouse-fabric-model-469483203_grey-0-202309281431_jpg.rf.c34c73a2c15c2b503e7c63af68dbda68.jpg,640,640,111210,8aeca9a3dc02a5ec949b8d6c31173d05,grey,False,
data/indian_saree/train/Ikat/X2A2714_7615b17a-f755-4277-a68c-0260829d2cae_jpg.rf.0ba0aa9341142736473c7b1acd578229.jpg,,indian_patterns,train,Ikat,X2A2714_7615b17a-f755-4277-a68c-0260829d2cae_jpg.rf.0ba0aa9341142736473c7b1acd578229.jpg,640,640,76332,942cacc34c5548c9e82f55872b21fdcb,,False,
data/indian_saree/train/Ikat/X2A2714_7615b17a-f755-4277-a68c-0260829d2cae_jpg.rf.7554fdac926352a417bcf56f693f26d8.jpg,,indian_patterns,train,Ikat,X2A2714_7615b17a-f755-4277-a68c-0260829d2cae_jpg.rf.7554fdac926352a417bcf56f693f26d8.jpg,640,640,78220,c7327e2a2122f66e5feace549db5afc6,,False,
data/indian_saree/train/Ikat/X2A2714_7615b17a-f755-4277-a68c-0260829d2cae_jpg.rf.c950fca70a4f5c80234af3d41a5ba3de.jpg,,indian_patterns,train,Ikat,X2A2714_7615b17a-f755-4277-a68c-0260829d2cae_jpg.rf.c950fca70a4f5c80234af3d41a5ba3de.jpg,640,640,76641,ee873ed25dfbc82f6cc87be67cd04913,,False,
data/indian_saree/train/Ikat/X2A2804_18df90d0-fd39-4142-b987-9cab48825db6_jpg.rf.93c5245b21e99f03c3db12c4a41c9bef.jpg,,indian_patterns,train,Ikat,X2A2804_18df90d0-fd39-4142-b987-9cab48825db6_jpg.rf.93c5245b21e99f03c3db12c4a41c9bef.jpg,640,640,46923,4965ebd3c283793b444b3f8adc3db882,,False,
data/indian_saree/train/Ikat/X2A2804_18df90d0-fd39-4142-b987-9cab48825db6_jpg.rf.b96bc5f5ada7bea18de5724ee9319270.jpg,,indian_patterns,train,Ikat,X2A2804_18df90d0-fd39-4142-b987-9cab48825db6_jpg.rf.b96bc5f5ada7bea18de5724ee9319270.jpg,640,640,44539,80717959c0138980fb5a5a72f30e2963,,False,
data/indian_saree/train/Ikat/X2A2804_18df90d0-fd39-4142-b987-9cab48825db6_jpg.rf.e5f7b259e13cd2eefc00c25beac89d8d.jpg,,indian_patterns,train,Ikat,X2A2804_18df90d0-fd39-4142-b987-9cab48825db6_jpg.rf.e5f7b259e13cd2eefc00c25beac89d8d.jpg,640,640,46044,6089b45c6b9eb80d8c0a8eeed2b649a8,,False,
data/indian_saree/train/Ikat/y-single-ikat-cotton-handloom-fabric-with-strips-design-f0064-12917500117071_jpg.rf.4a0dd062dec430ccfbe2a23ca2d0b2cd.jpg,,indian_patterns,train,Ikat,y-single-ikat-cotton-handloom-fabric-with-strips-design-f0064-12917500117071_jpg.rf.4a0dd062dec430ccfbe2a23ca2d0b2cd.jpg,640,640,130094,4e30af1f304b72f00c4b92d754db94a2,,False,
data/indian_saree/train/Ikat/y-single-ikat-cotton-handloom-fabric-with-strips-design-f0064-12917500117071_jpg.rf.92ac29839c00c8cbcb7485ffe90328be.jpg,,indian_patterns,train,Ikat,y-single-ikat-cotton-handloom-fabric-with-strips-design-f0064-12917500117071_jpg.rf.92ac29839c00c8cbcb7485ffe90328be.jpg,640,640,130071,8d241ade574f869dfb495b21216824bb,,False,
data/indian_saree/train/Ikat/y-single-ikat-cotton-handloom-fabric-with-strips-design-f0064-12917500117071_jpg.rf.c6702511b07543a6e3d0960577fe8c2d.jpg,,indian_patterns,train,Ikat,y-single-ikat-cotton-handloom-fabric-with-strips-design-f0064-12917500117071_jpg.rf.c6702511b07543a6e3d0960577fe8c2d.jpg,640,640,132599,a26e23341118dd125b3cad4a490efe0d,,False,
data/indian_saree/train/Pichwai/0fd2df9315d8aba5cf9471c838a639aa_jpg.rf.90e07f4ff6e2f2970784a2a997dabdc6.jpg,,indian_patterns,train,Pichwai,0fd2df9315d8aba5cf9471c838a639aa_jpg.rf.90e07f4ff6e2f2970784a2a997dabdc6.jpg,640,640,84622,5ea3b14fa6874b4db18a3cd9b86178ec,,False,
data/indian_saree/train/Pichwai/0fd2df9315d8aba5cf9471c838a639aa_jpg.rf.e6ff0ed6e82000e63e9c895855b5a894.jpg,,indian_patterns,train,Pichwai,0fd2df9315d8aba5cf9471c838a639aa_jpg.rf.e6ff0ed6e82000e63e9c895855b5a894.jpg,640,640,81966,f1e82cf5b0e01a2de940bc23a07617ce,,False,
data/indian_saree/train/Pichwai/0fd2df9315d8aba5cf9471c838a639aa_jpg.rf.f9f3d1c7473d490afb7a3e57cdda48b1.jpg,,indian_patterns,train,Pichwai,0fd2df9315d8aba5cf9471c838a639aa_jpg.rf.f9f3d1c7473d490afb7a3e57cdda48b1.jpg,640,640,82281,e151acf58902af1704235e1583c230b7,,False,
data/indian_saree/train/Pichwai/114_webp.rf.4ab4a62857ae06a630a2dcb9fa2a8cd5.jpg,,indian_patterns,train,Pichwai,114_webp.rf.4ab4a62857ae06a630a2dcb9fa2a8cd5.jpg,640,640,71854,af6df0b7531671a446783641990601d5,,False,
data/indian_saree/train/Pichwai/114_webp.rf.5a698eb07506fca918e5e5a6fcbbb3e2.jpg,,indian_patterns,train,Pichwai,114_webp.rf.5a698eb07506fca918e5e5a6fcbbb3e2.jpg,640,640,74804,0def814f69e10f266740cb0f2c8c253c,,False,
data/indian_saree/train/Pichwai/114_webp.rf.eb56796e1153eb859018bf9d559f2d07.jpg,,indian_patterns,train,Pichwai,114_webp.rf.eb56796e1153eb859018bf9d559f2d07.jpg,640,640,73263,a5b824546bfd4fefa6af53c14d047c36,,False,
data/indian_saree/train/Pichwai/20230304_152947_clipped_rev_1_1024x_jpg.rf.3225331836fc17e6ec5480a02525ec92.jpg,,indian_patterns,train,Pichwai,20230304_152947_clipped_rev_1_1024x_jpg.rf.3225331836fc17e6ec5480a02525ec92.jpg,640,640,67137,f12e65898def1e44889fd26c7af22b81,,False,
data/indian_saree/train/Pichwai/20230304_152947_clipped_rev_1_1024x_jpg.rf.3a42b5e7e0c90cbda2b7cb5f8a7d10e5.jpg,,indian_patterns,train,Pichwai,20230304_152947_clipped_rev_1_1024x_jpg.rf.3a42b5e7e0c90cbda2b7cb5f8a7d10e5.jpg,640,640,70195,05a1ec3a97b981aac8c0bb0cd0391eaa,,False,
data/indian_saree/train/Pichwai/20230304_152947_clipped_rev_1_1024x_jpg.rf.5ef60fa2500ad089207a238b4f00bd3b.jpg,,indian_patterns,train,Pichwai,20230304_152947_clipped_rev_1_1024x_jpg.rf.5ef60fa2500ad089207a238b4f00bd3b.jpg,640,640,70500,56c9f3a919d69ea7680386b6b4e3d68f,,False,
data/indian_saree/train/Pichwai/20240507_114001_5bf43237-dd0b-475c-aac1-00592d812869_jpg.rf.46d677839a9cc0561c7017165ff04f25.jpg,,indian_patterns,train,Pichwai,20240507_114001_5bf43237-dd0b-475c-aac1-00592d812869_jpg.rf.46d677839a9cc0561c7017165ff04f25.jpg,640,640,81263,f5c897a1174ed20185cf73875676e82d,,False,
data/indian_saree/train/Pichwai/20240507_114001_5bf43237-dd0b-475c-aac1-00592d812869_jpg.rf.80b76246c21e84dce3ea6501a2c8fd9c.jpg,,indian_patterns,train,Pichwai,20240507_114001_5bf43237-dd0b-475c-aac1-00592d812869_jpg.rf.80b76246c21e84dce3ea6501a2c8fd9c.jpg,640,640,78031,a260044033391dd4f666bf51edc437c1,,False,
data/indian_saree/train/Pichwai/20240507_114001_5bf43237-dd0b-475c-aac1-00592d812869_jpg.rf.d244246e2aab62127e61e0bb15b7f89f.jpg,,indian_patterns,train,Pichwai,20240507_114001_5bf43237-dd0b-475c-aac1-00592d812869_jpg.rf.d244246e2aab62127e61e0bb15b7f89f.jpg,640,640,77683,01fe21b40395eccc7b7c76cebeae889b,,False,
data/indian_saree/train/Pichwai/206beb9f71a2627f3001189b105e68ec_jpg.rf.60e7435db8cd7da69594df9b465c6797.jpg,,indian_patterns,train,Pichwai,206beb9f71a2627f3001189b105e68ec_jpg.rf.60e7435db8cd7da69594df9b465c6797.jpg,640,640,80009,1bd3e234e95538100f10f3db9b7cb225,,False,
data/indian_saree/train/Pichwai/206beb9f71a2627f3001189b105e68ec_jpg.rf.9c20f8366e902ee02c2604a2b086da3b.jpg,,indian_patterns,train,Pichwai,206beb9f71a2627f3001189b105e68ec_jpg.rf.9c20f8366e902ee02c2604a2b086da3b.jpg,640,640,81098,437a5ea37d2c534c7461b5b9726543c3,,False,
data/indian_saree/train/Pichwai/206beb9f71a2627f3001189b105e68ec_jpg.rf.d80edf8763020e294e2f6b6bcb504ecb.jpg,,indian_patterns,train,Pichwai,206beb9f71a2627f3001189b105e68ec_jpg.rf.d80edf8763020e294e2f6b6bcb504ecb.jpg,640,640,81760,d644ec55ea85caece8b2d48a3ddc791d,,False,
data/indian_saree/train/Pichwai/22003334-B_jpg.rf.30ea200646091ad878430948af282b40.jpg,,indian_patterns,train,Pichwai,22003334-B_jpg.rf.30ea200646091ad878430948af282b40.jpg,640,640,98358,a848a9088c962084148a4c3ac82d1550,,False,
data/indian_saree/train/Pichwai/22003334-B_jpg.rf.39145437cc813357b36c0c486bfd0569.jpg,,indian_patterns,train,Pichwai,22003334-B_jpg.rf.39145437cc813357b36c0c486bfd0569.jpg,640,640,99149,6b9ca1a241da6adf6ad3ee756a3d2b59,,False,
data/indian_saree/train/Pichwai/22003334-B_jpg.rf.fcb9cf1d642225bde449fc39dc4f254f.jpg,,indian_patterns,train,Pichwai,22003334-B_jpg.rf.fcb9cf1d642225bde449fc39dc4f254f.jpg,640,640,97434,96f02d4933e61d5cc6b34451f4eae76a,,False,
data/indian_saree/train/Pichwai/27042022040344_png.rf.02f71485299bc68dde3ce4d90c2df28e.jpg,,indian_patterns,train,Pichwai,27042022040344_png.rf.02f71485299bc68dde3ce4d90c2df28e.jpg,640,640,81883,45201c1164a7a046cccd0c6f76be3c4a,,False,
data/indian_saree/train/Pichwai/27042022040344_png.rf.54acbcb696a22889d57a6be6660380b0.jpg,,indian_patterns,train,Pichwai,27042022040344_png.rf.54acbcb696a22889d57a6be6660380b0.jpg,640,640,84389,4ec3cde38b201041eb6bd995a4c3a5b4,,False,
data/indian_saree/train/Pichwai/27042022040344_png.rf.633ad0f4850ce529b5d1984a9370a2bb.jpg,,indian_patterns,train,Pichwai,27042022040344_png.rf.633ad0f4850ce529b5d1984a9370a2bb.jpg,640,640,82866,14e13ca2727c16e9f6c4fb1e41084eb3,,False,
data/indian_saree/train/Pichwai/393068_20CR_jpg.rf.4d528d8c7726eb5d87ea6fd58b7fc0c6.jpg,,indian_patterns,train,Pichwai,393068_20CR_jpg.rf.4d528d8c7726eb5d87ea6fd58b7fc0c6.jpg,640,640,122385,789e15f229e04aaa5be3280a94bfde09,,False,
data/indian_saree/train/Pichwai/393068_20CR_jpg.rf.4d84139ff0c7f7fac6ff3b7265484216.jpg,,indian_patterns,train,Pichwai,393068_20CR_jpg.rf.4d84139ff0c7f7fac6ff3b7265484216.jpg,640,640,121935,c4af9a2ffd09338768f783a826b8b09f,,False,
data/indian_saree/train/Pichwai/393068_20CR_jpg.rf.85d9aa5d07a6106ae8ce1e7f8149cd41.jpg,,indian_patterns,train,Pichwai,393068_20CR_jpg.rf.85d9aa5d07a6106ae8ce1e7f8149cd41.jpg,640,640,120788,694d639b0471c51b59af60cd3abf991b,,False,
data/indian_saree/train/Pichwai/3a05b92d19222f1248f06d3901bf7d51_jpg.rf.82bfeaa98433896f3418108eb8d1a520.jpg,,indian_patterns,train,Pichwai,3a05b92d19222f1248f06d3901bf7d51_jpg.rf.82bfeaa98433896f3418108eb8d1a520.jpg,640,640,77237,c0eae100e17f4cb856c7fa7d90aa2219,,False,
data/indian_saree/train/Pichwai/3a05b92d19222f1248f06d3901bf7d51_jpg.rf.a285e2c2f35f2a619917169f45158e50.jpg,,indian_patterns,train,Pichwai,3a05b92d19222f1248f06d3901bf7d51_jpg.rf.a285e2c2f35f2a619917169f45158e50.jpg,640,640,75123,ddf9b223e84670a8ede7c97a2c57298e,,False,
data/indian_saree/train/Pichwai/3a05b92d19222f1248f06d3901bf7d51_jpg.rf.e42d50e4a24c6efe08ebb482b12fc4b6.jpg,,indian_patterns,train,Pichwai,3a05b92d19222f1248f06d3901bf7d51_jpg.rf.e42d50e4a24c6efe08ebb482b12fc4b6.jpg,640,640,77001,4d47d6ad71e0822d1c392ab7b66045bb,,False,
data/indian_saree/train/Pichwai/3ecbd3093e0a3c11364d2ae1efd37dbb_jpg.rf.0bd8e0a39bb6338ce7611b8a587cce69.jpg,,indian_patterns,train,Pichwai,3ecbd3093e0a3c11364d2ae1efd37dbb_jpg.rf.0bd8e0a39bb6338ce7611b8a587cce69.jpg,640,640,73511,c74f301172647d9d5f3543a3825ca3bc,,False,
data/indian_saree/train/Pichwai/3ecbd3093e0a3c11364d2ae1efd37dbb_jpg.rf.383c3d778f16ecb417d7071851408fe8.jpg,,indian_patterns,train,Pichwai,3ecbd3093e0a3c11364d2ae1efd37dbb_jpg.rf.383c3d778f16ecb417d7071851408fe8.jpg,640,640,76431,7b840f4f372be595533bbb0cd178c022,,False,
data/indian_saree/train/Pichwai/3ecbd3093e0a3c11364d2ae1efd37dbb_jpg.rf.9d84f2a709a00bcf4c8a85e10d46a59a.jpg,,indian_patterns,train,Pichwai,3ecbd3093e0a3c11364d2ae1efd37dbb_jpg.rf.9d84f2a709a00bcf4c8a85e10d46a59a.jpg,640,640,76795,835457e3b10ad3c7f200d7523eb8526e,,False,
data/indian_saree/train/Pichwai/42641-a_016bdd3c-affe-4148-9f72-7cd44b16bfac_jpg.rf.3a7aef943b98fd59e7c4566a2c1a0687.jpg,,indian_patterns,train,Pichwai,42641-a_016bdd3c-affe-4148-9f72-7cd44b16bfac_jpg.rf.3a7aef943b98fd59e7c4566a2c1a0687.jpg,640,640,88745,2af5abceeec477b2526748e8890b6a24,,False,
data/indian_saree/train/Pichwai/42641-a_016bdd3c-affe-4148-9f72-7cd44b16bfac_jpg.rf.6ee59dad89bcd7906db35ecb46a3319b.jpg,,indian_patterns,train,Pichwai,42641-a_016bdd3c-affe-4148-9f72-7cd44b16bfac_jpg.rf.6ee59dad89bcd7906db35ecb46a3319b.jpg,640,640,89915,4620d9cede575ce176f0d49064a882f6,,False,
data/indian_saree/train/Pichwai/42641-a_016bdd3c-affe-4148-9f72-7cd44b16bfac_jpg.rf.738148683e11d47e96a3f9928c85c4a4.jpg,,indian_patterns,train,Pichwai,42641-a_016bdd3c-affe-4148-9f72-7cd44b16bfac_jpg.rf.738148683e11d47e96a3f9928c85c4a4.jpg,640,640,86906,3298379a4b97ee825c47f5c66733432b,,False,
data/indian_saree/train/Pichwai/471603_1_946fad28-7a90-4e13-af35-9ebf1ac8475a_jpg.rf.4b5eed937a4b527902a0dbf1ae0d1d5e.jpg,,indian_patterns,train,Pichwai,471603_1_946fad28-7a90-4e13-af35-9ebf1ac8475a_jpg.rf.4b5eed937a4b527902a0dbf1ae0d1d5e.jpg,640,640,79339,dea2d42cc44888c5638390cc8e09a45d,,False,
data/indian_saree/train/Pichwai/471603_1_946fad28-7a90-4e13-af35-9ebf1ac8475a_jpg.rf.5e695c63a06660a619e1b68cff2f2101.jpg,,indian_patterns,train,Pichwai,471603_1_946fad28-7a90-4e13-af35-9ebf1ac8475a_jpg.rf.5e695c63a06660a619e1b68cff2f2101.jpg,640,640,82210,ffdbb61e97c1ccbe417563ba2e617e32,,False,
data/indian_saree/train/Pichwai/471603_1_946fad28-7a90-4e13-af35-9ebf1ac8475a_jpg.rf.77cd79d2a673d680c07c8de47d6b61c2.jpg,,indian_patterns,train,Pichwai,471603_1_946fad28-7a90-4e13-af35-9ebf1ac8475a_jpg.rf.77cd79d2a673d680c07c8de47d6b61c2.jpg,640,640,82432,143365f55d9c28bc08c67bc6daa9f1b5,,False,
data/indian_saree/train/Pichwai/471604_1_jpg.rf.071de08cda8d76c323962e4c76377af4.jpg,,indian_patterns,train,Pichwai,471604_1_jpg.rf.071de08cda8d76c323962e4c76377af4.jpg,640,640,80444,1c6f03db98f84142170d077de860bd93,,False,
data/indian_saree/train/Pichwai/471604_1_jpg.rf.718e594ca610b0ab6b8f0871bb1d4696.jpg,,indian_patterns,train,Pichwai,471604_1_jpg.rf.718e594ca610b0ab6b8f0871bb1d4696.jpg,640,640,81861,73989ece47296c443c0389844910a160,,False,
data/indian_saree/train/Pichwai/471604_1_jpg.rf.b4923acb95ea1b069726863390974ce0.jpg,,indian_patterns,train,Pichwai,471604_1_jpg.rf.b4923acb95ea1b069726863390974ce0.jpg,640,640,79400,9c42b42244fd63cbda896dfa82007574,,False,
data/indian_saree/train/Pichwai/48062-DSC_9739-JPG_jpg.rf.0b2b4e16132f593a9da5301c69c6adea.jpg,,indian_patterns,train,Pichwai,48062-DSC_9739-JPG_jpg.rf.0b2b4e16132f593a9da5301c69c6adea.jpg,640,640,80771,55eebf9606e8c73d566f3a1bb87e2816,,False,
data/indian_saree/train/Pichwai/48062-DSC_9739-JPG_jpg.rf.d2ee51649d92caccfcfbed62b9de8dde.jpg,,indian_patterns,train,Pichwai,48062-DSC_9739-JPG_jpg.rf.d2ee51649d92caccfcfbed62b9de8dde.jpg,640,640,79492,1c500291810deb53f4915d792952c25f,,False,
data/indian_saree/train/Pichwai/48062-DSC_9739-JPG_jpg.rf.eb0d888424cddc14cd913201117919e1.jpg,,indian_patterns,train,Pichwai,48062-DSC_9739-JPG_jpg.rf.eb0d888424cddc14cd913201117919e1.jpg,640,640,81959,2f2c993718f83fed876705f16df9b251,,False,
data/indian_saree/train/Pichwai/71VxsnD2t8L-_AC_UF8941000_QL80__jpg.rf.405dcf82b83a1d40e7bab3aa7b53d02b.jpg,,indian_patterns,train,Pichwai,71VxsnD2t8L-_AC_UF8941000_QL80__jpg.rf.405dcf82b83a1d40e7bab3aa7b53d02b.jpg,640,640,78718,96171051094250166ca98e222cc02543,,False,
data/indian_saree/train/Pichwai/71VxsnD2t8L-_AC_UF8941000_QL80__jpg.rf.7288aa77226d97e0156e8611fafacf1d.jpg,,indian_patterns,train,Pichwai,71VxsnD2t8L-_AC_UF8941000_QL80__jpg.rf.7288aa77226d97e0156e8611fafacf1d.jpg,640,640,80956,300b1ff07d4c08a071b4674009053958,,False,
data/indian_saree/train/Pichwai/71VxsnD2t8L-_AC_UF8941000_QL80__jpg.rf.8197a282809fb792f96f749be8d8e107.jpg,,indian_patterns,train,Pichwai,71VxsnD2t8L-_AC_UF8941000_QL80__jpg.rf.8197a282809fb792f96f749be8d8e107.jpg,640,640,82033,84c6ea7151c6df888a63642257a21361,,False,
data/indian_saree/train/Pichwai/833_6772_1563199443_jpg.rf.6f0c603e69dffd7599f6ed61c5c6caee.jpg,,indian_patterns,train,Pichwai,833_6772_1563199443_jpg.rf.6f0c603e69dffd7599f6ed61c5c6caee.jpg,640,640,78231,6ee7d50c2da882f050abd3207d36c2de,,False,
data/indian_saree/train/Pichwai/833_6772_1563199443_jpg.rf.bb865e7875b4dc959c28256093ecac5e.jpg,,indian_patterns,train,Pichwai,833_6772_1563199443_jpg.rf.bb865e7875b4dc959c28256093ecac5e.jpg,640,640,82440,c2fa279188adb9a794694371696ce781,,False,
data/indian_saree/train/Pichwai/833_6772_1563199443_jpg.rf.ee346141d395a0d65d85286803a1b304.jpg,,indian_patterns,train,Pichwai,833_6772_1563199443_jpg.rf.ee346141d395a0d65d85286803a1b304.jpg,640,640,78823,1cfc4d58daabbb7bfb9289e30f9ca20c,,False,
data/indian_saree/train/Pichwai/8B26166D-3439-416C-BC5D-1B3CBB6395E1_jpg.rf.388d283c53d991ed9473cd7caca3c7fb.jpg,,indian_patterns,train,Pichwai,8B26166D-3439-416C-BC5D-1B3CBB6395E1_jpg.rf.388d283c53d991ed9473cd7caca3c7fb.jpg,640,640,62602,88298d9baf724e8f71543ffdab451834,,False,
data/indian_saree/train/Pichwai/8B26166D-3439-416C-BC5D-1B3CBB6395E1_jpg.rf.3f3b9b9e26a071665dcfc39f7cd82ecf.jpg,,indian_patterns,train,Pichwai,8B26166D-3439-416C-BC5D-1B3CBB6395E1_jpg.rf.3f3b9b9e26a071665dcfc39f7cd82ecf.jpg,640,640,63051,dccecfd80a77531c891c63b817745135,,False,
data/indian_saree/train/Pichwai/8B26166D-3439-416C-BC5D-1B3CBB6395E1_jpg.rf.bafbc8b660ae555dc51515f10ca4cca4.jpg,,indian_patterns,train,Pichwai,8B26166D-3439-416C-BC5D-1B3CBB6395E1_jpg.rf.bafbc8b660ae555dc51515f10ca4cca4.jpg,640,640,61409,1de8ec40b49d9a25ecae32d826f17a9c,,False,
data/indian_saree/train/Pichwai/9027M5_1_1024x_jpg.rf.71cbf06537a0b400c6bccba2ae8e4095.jpg,,indian_patterns,train,Pichwai,9027M5_1_1024x_jpg.rf.71cbf06537a0b400c6bccba2ae8e4095.jpg,640,640,79930,da5c97f65aeefd16bbb83ef4d72871de,,False,
data/indian_saree/train/Pichwai/9027M5_1_1024x_jpg.rf.be4b2c4d685161ff1cf585059290904d.jpg,,indian_patterns,train,Pichwai,9027M5_1_1024x_jpg.rf.be4b2c4d685161ff1cf585059290904d.jpg,640,640,81232,13653d7b48deeb10b6b1306fca49acdd,,False,
data/indian_saree/train/Pichwai/9027M5_1_1024x_jpg.rf.ffa0a3e7a79b384b363f8967ceb3cdf5.jpg,,indian_patterns,train,Pichwai,9027M5_1_1024x_jpg.rf.ffa0a3e7a79b384b363f8967ceb3cdf5.jpg,640,640,81228,bc6d919a8f33141a51721d203bd0f2f5,,False,
data/indian_saree/train/Pichwai/91iBR3xJlKL_jpg.rf.075962235bd386387118522dbefbdbe8.jpg,,indian_patterns,train,Pichwai,91iBR3xJlKL_jpg.rf.075962235bd386387118522dbefbdbe8.jpg,640,640,81099,ff198bda02618db09d96ac250f31e02c,,False,
data/indian_saree/train/Pichwai/91iBR3xJlKL_jpg.rf.49ee7c942dee0eeaf4edeeb4aa97a868.jpg,,indian_patterns,train,Pichwai,91iBR3xJlKL_jpg.rf.49ee7c942dee0eeaf4edeeb4aa97a868.jpg,640,640,84772,50c0f0f59b5b2679d7f4fb12d33062c9,,False,
data/indian_saree/train/Pichwai/91iBR3xJlKL_jpg.rf.6d5719a038270a4ce1b35358c42ed344.jpg,,indian_patterns,train,Pichwai,91iBR3xJlKL_jpg.rf.6d5719a038270a4ce1b35358c42ed344.jpg,640,640,82620,a55501e1538e29d9f7f876def13cba67,,False,
data/indian_saree/train/Pichwai/94235-3-202_jpg.rf.0cdc0298a05ebf613b8fbe07261a66a9.jpg,,indian_patterns,train,Pichwai,94235-3-202_jpg.rf.0cdc0298a05ebf613b8fbe07261a66a9.jpg,640,640,125405,b745b2b1f38dbe83d128cb490df25391,,False,
data/indian_saree/train/Pichwai/94235-3-202_jpg.rf.55ce9944db5344d4a7f4f61db734587b.jpg,,indian_patterns,train,Pichwai,94235-3-202_jpg.rf.55ce9944db5344d4a7f4f61db734587b.jpg,640,640,124890,2472c3e6aadc93aa50ef9f7438618bf8,,False,
data/indian_saree/train/Pichwai/94235-3-202_jpg.rf.e5823dde43e67b91665eb7614913c7d0.jpg,,indian_patterns,train,Pichwai,94235-3-202_jpg.rf.e5823dde43e67b91665eb7614913c7d0.jpg,640,640,125013,4786fbbb8e455d958ce8fef878fb928a,,False,
data/indian_saree/train/Pichwai/9557ER2_4_grande_jpg.rf.144bb768e33944c8c246d6629121e69e.jpg,,indian_patterns,train,Pichwai,9557ER2_4_grande_jpg.rf.144bb768e33944c8c246d6629121e69e.jpg,640,640,113306,e92e58bc2b4f3000f819bfe4a57870b6,,False,
data/indian_saree/train/Pichwai/9557ER2_4_grande_jpg.rf.5186bac07ac3ca7a5c0a8a1521647400.jpg,,indian_patterns,train,Pichwai,9557ER2_4_grande_jpg.rf.5186bac07ac3ca7a5c0a8a1521647400.jpg,640,640,115126,390971c933af9660316fe7fc8c9fe144,,False,
data/indian_saree/train/Pichwai/9557ER2_4_grande_jpg.rf.dbc244d86d62d0948fac811e9d8d440c.jpg,,indian_patterns,train,Pichwai,9557ER2_4_grande_jpg.rf.dbc244d86d62d0948fac811e9d8d440c.jpg,640,640,114892,f7da0a482eaaf66ab06281c0b312b860,,False,
data/indian_saree/train/Pichwai/9557ER3_4_jpg.rf.34d0adf5409f26768007931247cc85c2.jpg,,indian_patterns,train,Pichwai,9557ER3_4_jpg.rf.34d0adf5409f26768007931247cc85c2.jpg,640,640,113268,7a87b665730e4878de9760916b0c1787,,False,
data/indian_saree/train/Pichwai/9557ER3_4_jpg.rf.5176795006d6c8d85124e71016615abb.jpg,,indian_patterns,train,Pichwai,9557ER3_4_jpg.rf.5176795006d6c8d85124e71016615abb.jpg,640,640,113209,f40056122356b2f28bbffb09fb011805,,False,
data/indian_saree/train/Pichwai/9557ER3_4_jpg.rf.af48d87d0b4e34a35b265b9f7375e7a4.jpg,,indian_patterns,train,Pichwai,9557ER3_4_jpg.rf.af48d87d0b4e34a35b265b9f7375e7a4.jpg,640,640,115132,c40c38dace143cbb7ac39b43e3b24a2d,,False,
data/indian_saree/train/Pichwai/al_Printed_Pichwai_Tussar_Silk_Fabric_5_3eba6f6a-7517-4de2-a290-f23d2659a35d_jpg.rf.10bfacf5b85e68e4d0ad7f01b457772a.jpg,,indian_patterns,train,Pichwai,al_Printed_Pichwai_Tussar_Silk_Fabric_5_3eba6f6a-7517-4de2-a290-f23d2659a35d_jpg.rf.10bfacf5b85e68e4d0ad7f01b457772a.jpg,640,640,60225,c1510754b93e6cd7defe424796c203c9,,False,
data/indian_saree/train/Pichwai/al_Printed_Pichwai_Tussar_Silk_Fabric_5_3eba6f6a-7517-4de2-a290-f23d2659a35d_jpg.rf.c68ba61062a193f7f8debbe58be10eab.jpg,,indian_patterns,train,Pichwai,al_Printed_Pichwai_Tussar_Silk_Fabric_5_3eba6f6a-7517-4de2-a290-f23d2659a35d_jpg.rf.c68ba61062a193f7f8debbe58be10eab.jpg,640,640,61585,56547ea5303b0cc2a7731859352944fe,,False,
data/indian_saree/train/Pichwai/al_Printed_Pichwai_Tussar_Silk_Fabric_5_3eba6f6a-7517-4de2-a290-f23d2659a35d_jpg.rf.ebd2af04d73ad324c5ab3d2942ae96e7.jpg,,indian_patterns,train,Pichwai,al_Printed_Pichwai_Tussar_Silk_Fabric_5_3eba6f6a-7517-4de2-a290-f23d2659a35d_jpg.rf.ebd2af04d73ad324c5ab3d2942ae96e7.jpg,640,640,61386,8ad63ee5dbd2ef88b245e2f971d5c980,,False,
data/indian_saree/train/Pichwai/DSC07221_Medium_87b37a73-5171-47f6-af65-9602d6206692_jpg.rf.3560847fff69247fc6412bba3fac73c6.jpg,,indian_patterns,train,Pichwai,DSC07221_Medium_87b37a73-5171-47f6-af65-9602d6206692_jpg.rf.3560847fff69247fc6412bba3fac73c6.jpg,640,640,78795,b0f737273f7ffa48e0c6a809306724f3,,False,
data/indian_saree/train/Pichwai/DSC07221_Medium_87b37a73-5171-47f6-af65-9602d6206692_jpg.rf.6e6f5e8dfef161b9d07cee584c7fb5c7.jpg,,indian_patterns,train,Pichwai,DSC07221_Medium_87b37a73-5171-47f6-af65-9602d6206692_jpg.rf.6e6f5e8dfef161b9d07cee584c7fb5c7.jpg,640,640,82134,c926b4754ec5accb91be8cede9ab9937,,False,
data/indian_saree/train/Pichwai/DSC07221_Medium_87b37a73-5171-47f6-af65-9602d6206692_jpg.rf.960e306b87e282bb7ab48a6b522f4a0f.jpg,,indian_patterns,train,Pichwai,DSC07221_Medium_87b37a73-5171-47f6-af65-9602d6206692_jpg.rf.960e306b87e282bb7ab48a6b522f4a0f.jpg,640,640,82594,bdd094607b47d3043f5caa95df195917,,False,
data/indian_saree/train/Pichwai/E091D122GA0501004000_A-600x667-JPG_jpg.rf.35fdeb8155799b2b46daa35ced3a838e.jpg,,indian_patterns,train,Pichwai,E091D122GA0501004000_A-600x667-JPG_jpg.rf.35fdeb8155799b2b46daa35ced3a838e.jpg,640,640,70083,9bc73f9c06e0a1b9ffc6b83c0edfcc79,,False,
data/indian_saree/train/Pichwai/E091D122GA0501004000_A-600x667-JPG_jpg.rf.42223a5856154f753de2b2d2bf5b01c9.jpg,,indian_patterns,train,Pichwai,E091D122GA0501004000_A-600x667-JPG_jpg.rf.42223a5856154f753de2b2d2bf5b01c9.jpg,640,640,67650,e631415175b24ec425d5906289229e7c,,False,
data/indian_saree/train/Pichwai/E091D122GA0501004000_A-600x667-JPG_jpg.rf.5f104774b54e8342bfe790f63259e079.jpg,,indian_patterns,train,Pichwai,E091D122GA0501004000_A-600x667-JPG_jpg.rf.5f104774b54e8342bfe790f63259e079.jpg,640,640,68961,7faad3111f787f903e6b822406c41cba,,False,
data/indian_saree/train/Pichwai/eventfabricsupplier_1654251379620_jpg.rf.4e3a3252482f1ad1aa695182ce43d388.jpg,,indian_patterns,train,Pichwai,eventfabricsupplier_1654251379620_jpg.rf.4e3a3252482f1ad1aa695182ce43d388.jpg,640,640,77691,2c3e1642d12381f6f34cfc6d133c8ab0,,False,
data/indian_saree/train/Pichwai/eventfabricsupplier_1654251379620_jpg.rf.8ddebae027803a9c2fabd6f3fb5d5e8f.jpg,,indian_patterns,train,Pichwai,eventfabricsupplier_1654251379620_jpg.rf.8ddebae027803a9c2fabd6f3fb5d5e8f.jpg,640,640,78850,4eebce69bd587e180135c4717f9c33ec,,False,
data/indian_saree/train/Pichwai/eventfabricsupplier_1654251379620_jpg.rf.c252391317eb9ebf3d633dd0afabe7ae.jpg,,indian_patterns,train,Pichwai,eventfabricsupplier_1654251379620_jpg.rf.c252391317eb9ebf3d633dd0afabe7ae.jpg,640,640,80743,a7a8f59d799ae7d426ac87431956989b,,False,
data/indian_saree/train/Pichwai/fab-14050_800x_jpg.rf.804e68a7cceccad74c6f0d61f82eb516.jpg,,indian_patterns,train,Pichwai,fab-14050_800x_jpg.rf.804e68a7cceccad74c6f0d61f82eb516.jpg,640,640,47490,f62b9bf71b003f73b7a04e93e4ad8f5b,,True,dup_0003
data/indian_saree/train/Pichwai/fab-14050_800x_jpg.rf.b7a1c91973f41ebc94a1d2f8d6a6798e.jpg,,indian_patterns,train,Pichwai,fab-14050_800x_jpg.rf.b7a1c91973f41ebc94a1d2f8d6a6798e.jpg,640,640,47490,f62b9bf71b003f73b7a04e93e4ad8f5b,,True,dup_0003
data/indian_saree/train/Pichwai/fab-14050_800x_jpg.rf.f4b2872dabcc9839f99277757440d51d.jpg,,indian_patterns,train,Pichwai,fab-14050_800x_jpg.rf.f4b2872dabcc9839f99277757440d51d.jpg,640,640,49802,91b759aab0b9b0f0fd33d9fb8b4fe25a,,False,
data/indian_saree/train/Pichwai/https3A2F2Fmedia-insider-in2Fimage2Fupload2Fc_crop2Cg_custom2Fv17105663332Flilp5egkdi1n7feyzajg_jpg.rf.4b258466a611b92b3095e36a3f5032b2.jpg,,indian_patterns,train,Pichwai,https3A2F2Fmedia-insider-in2Fimage2Fupload2Fc_crop2Cg_custom2Fv17105663332Flilp5egkdi1n7feyzajg_jpg.rf.4b258466a611b92b3095e36a3f5032b2.jpg,640,640,46905,3e31f8c33b00ddd3bfd700c82a9a559a,,False,
data/indian_saree/train/Pichwai/https3A2F2Fmedia-insider-in2Fimage2Fupload2Fc_crop2Cg_custom2Fv17105663332Flilp5egkdi1n7feyzajg_jpg.rf.6337de02714c3729188802b712f6d705.jpg,,indian_patterns,train,Pichwai,https3A2F2Fmedia-insider-in2Fimage2Fupload2Fc_crop2Cg_custom2Fv17105663332Flilp5egkdi1n7feyzajg_jpg.rf.6337de02714c3729188802b712f6d705.jpg,640,640,46681,da3f577b233fdd6b79d4d791ec1cccd1,,False,
data/indian_saree/train/Pichwai/https3A2F2Fmedia-insider-in2Fimage2Fupload2Fc_crop2Cg_custom2Fv17105663332Flilp5egkdi1n7feyzajg_jpg.rf.87b8e898954852cf70faa3d9e623f37c.jpg,,indian_patterns,train,Pichwai,https3A2F2Fmedia-insider-in2Fimage2Fupload2Fc_crop2Cg_custom2Fv17105663332Flilp5egkdi1n7feyzajg_jpg.rf.87b8e898954852cf70faa3d9e623f37c.jpg,640,640,43888,32a654a3e16c8bbe08e0d47e798673dc,,False,
data/indian_saree/train/Pichwai/il_1140xN-3336549267_bg7z_jpg.rf.b486488fc6adb4562b385335bd2d5193.jpg,,indian_patterns,train,Pichwai,il_1140xN-3336549267_bg7z_jpg.rf.b486488fc6adb4562b385335bd2d5193.jpg,640,640,95379,f426b563138f5b3a0209bb0ce30b40d9,,False,
data/indian_saree/train/Pichwai/il_1140xN-3336549267_bg7z_jpg.rf.badd9547866855dff141a663a0d0c424.jpg,,indian_patterns,train,Pichwai,il_1140xN-3336549267_bg7z_jpg.rf.badd9547866855dff141a663a0d0c424.jpg,640,640,94977,aa21b7f23e5b751e1d604b0fc76ee29c,,False,
data/indian_saree/train/Pichwai/il_1140xN-3336549267_bg7z_jpg.rf.c6d5d9b6b93d92a2b36021acb61a7f51.jpg,,indian_patterns,train,Pichwai,il_1140xN-3336549267_bg7z_jpg.rf.c6d5d9b6b93d92a2b36021acb61a7f51.jpg,640,640,93943,8e1e6052fd37151cf7451f5a81e22afc,,False,
data/indian_saree/train/Pichwai/image10_jpeg.rf.754ea6386f161496380068c62c256672.jpg,,indian_patterns,train,Pichwai,image10_jpeg.rf.754ea6386f161496380068c62c256672.jpg,640,640,59413,15586b1c1ca6bfcbdaf660efdb6ea2cd,,False,
data/indian_saree/train/Pichwai/image10_jpeg.rf.c6548a387e3732fbb4220cdf97cef69c.jpg,,indian_patterns,train,Pichwai,image10_jpeg.rf.c6548a387e3732fbb4220cdf97cef69c.jpg,640,640,63816,9d053e91afb90f30d78550f63bfdaf07,,False,
data/indian_saree/train/Pichwai/image10_jpeg.rf.f8ce12f7db64b8a03aad9eb671d93953.jpg,,indian_patterns,train,Pichwai,image10_jpeg.rf.f8ce12f7db64b8a03aad9eb671d93953.jpg,640,640,59669,a283145b3adf0302c8457018f1c092ed,,False,
data/indian_saree/train/Pichwai/image11_jpeg.rf.022d8a9c1dbe442e195ae977f7fb8410.jpg,,indian_patterns,train,Pichwai,image11_jpeg.rf.022d8a9c1dbe442e195ae977f7fb8410.jpg,640,640,90025,3bb5a8b98b36d0fc37efd2adc5dcba3a,,False,
data/indian_saree/train/Pichwai/image11_jpeg.rf.3cb65c53f1572ff311bb3d29b1df017f.jpg,,indian_patterns,train,Pichwai,image11_jpeg.rf.3cb65c53f1572ff311bb3d29b1df017f.jpg,640,640,86721,2ffbf5e436f541a2187b6717074db14d,,False,
data/indian_saree/train/Pichwai/image11_jpeg.rf.44a139fd2e1ceb57e8610d42d6d787e6.jpg,,indian_patterns,train,Pichwai,image11_jpeg.rf.44a139fd2e1ceb57e8610d42d6d787e6.jpg,640,640,88039,900c40a1553d5a865e3638ec6186d616,,False,
data/indian_saree/train/Pichwai/image13_jpeg.rf.5cf43d1f78d31db89464896a70e3e81b.jpg,,indian_patterns,train,Pichwai,image13_jpeg.rf.5cf43d1f78d31db89464896a70e3e81b.jpg,640,640,48194,bbbfcff52984b306e2851ccbf09b1590,,False,
data/indian_saree/train/Pichwai/image13_jpeg.rf.a50c70145975063a54188f2fe4b27c75.jpg,,indian_patterns,train,Pichwai,image13_jpeg.rf.a50c70145975063a54188f2fe4b27c75.jpg,640,640,49811,4438fb99c88996c30799d6a65313c7ee,,False,
data/indian_saree/train/Pichwai/image13_jpeg.rf.c7c346ee6f26655ca0763fffbf6d4397.jpg,,indian_patterns,train,Pichwai,image13_jpeg.rf.c7c346ee6f26655ca0763fffbf6d4397.jpg,640,640,47380,8d955c9282937878a231184ad673626b,,False,
data/indian_saree/train/Pichwai/image15_jpeg.rf.3ee5ec4dfa6ea8d9b8511501f53f1160.jpg,,indian_patterns,train,Pichwai,image15_jpeg.rf.3ee5ec4dfa6ea8d9b8511501f53f1160.jpg,640,640,54308,7d4b359f74934f9c9039df28c4adad73,,False,
data/indian_saree/train/Pichwai/image15_jpeg.rf.affcaef630f28a9cce4818831ffc9b32.jpg,,indian_patterns,train,Pichwai,image15_jpeg.rf.affcaef630f28a9cce4818831ffc9b32.jpg,640,640,50139,e04324d31bae093cf5cfc63de700b4dc,,False,
data/indian_saree/train/Pichwai/image15_jpeg.rf.d6bf158038f7b6f70c093600330b4569.jpg,,indian_patterns,train,Pichwai,image15_jpeg.rf.d6bf158038f7b6f70c093600330b4569.jpg,640,640,49824,68291568ea977532e76da736aaaa43f0,,False,
data/indian_saree/train/Pichwai/image17_jpeg.rf.2f8044e1df9b376a7a3119b9beee3dd4.jpg,,indian_patterns,train,Pichwai,image17_jpeg.rf.2f8044e1df9b376a7a3119b9beee3dd4.jpg,640,640,94510,b27dc6c8c81a570963fd1bb6acc533e1,,False,
data/indian_saree/train/Pichwai/image17_jpeg.rf.c2e128b09a0b81337d715a9a7e29a748.jpg,,indian_patterns,train,Pichwai,image17_jpeg.rf.c2e128b09a0b81337d715a9a7e29a748.jpg,640,640,95086,5c35177c0e1ab67fb0002f5f87f35bf1,,False,
data/indian_saree/train/Pichwai/image17_jpeg.rf.ed49801da2bc8d6b6a1e83b7fd339c7b.jpg,,indian_patterns,train,Pichwai,image17_jpeg.rf.ed49801da2bc8d6b6a1e83b7fd339c7b.jpg,640,640,95146,b45f05f920c1385ed15d200fc66c4634,,False,
data/indian_saree/train/Pichwai/image19_jpeg.rf.21b3d5929456adc177949335712ff0cd.jpg,,indian_patterns,train,Pichwai,image19_jpeg.rf.21b3d5929456adc177949335712ff0cd.jpg,640,640,45996,2c3799408450f39e80d7e98b17fe0c0d,,False,
data/indian_saree/train/Pichwai/image19_jpeg.rf.b0d39d9e0ad2dfb3bb217c1da1926142.jpg,,indian_patterns,train,Pichwai,image19_jpeg.rf.b0d39d9e0ad2dfb3bb217c1da1926142.jpg,640,640,45578,59c7e68eddfe1484f2a5539b17a08d9f,,False,
data/indian_saree/train/Pichwai/image19_jpeg.rf.d0d4ca2c58e3abc7c42ece173264e8e3.jpg,,indian_patterns,train,Pichwai,image19_jpeg.rf.d0d4ca2c58e3abc7c42ece173264e8e3.jpg,640,640,43767,27878eae170d57254d300d1485e8fb92,,False,
data/indian_saree/train/Pichwai/image22_jpeg.rf.74920b9e88ed58f820302ee48c5df4d4.jpg,,indian_patterns,train,Pichwai,image22_jpeg.rf.74920b9e88ed58f820302ee48c5df4d4.jpg,640,640,57955,506e8f054805b1d779dfa844c89eed25,,False,
data/indian_saree/train/Pichwai/image22_jpeg.rf.75231a3d90dcd118fe05a6b275bd37a1.jpg,,indian_patterns,train,Pichwai,image22_jpeg.rf.75231a3d90dcd118fe05a6b275bd37a1.jpg,640,640,54912,57872db266695649ba478cefb423bd1e,,False,
data/indian_saree/train/Pichwai/image22_jpeg.rf.b087cb0a105a433f9837f763cde3b4ba.jpg,,indian_patterns,train,Pichwai,image22_jpeg.rf.b087cb0a105a433f9837f763cde3b4ba.jpg,640,640,59798,405bac4a5ab1c9e39aa3523e95ee1891,,False,
data/indian_saree/train/Pichwai/image23_jpeg.rf.04401b99460e2cd3d593c7a430ea09f6.jpg,,indian_patterns,train,Pichwai,image23_jpeg.rf.04401b99460e2cd3d593c7a430ea09f6.jpg,640,640,63015,a72a8d93363d636fc7df26fb0056f793,,False,
data/indian_saree/train/Pichwai/image23_jpeg.rf.641baff42acbb85dce1027d21baef9d0.jpg,,indian_patterns,train,Pichwai,image23_jpeg.rf.641baff42acbb85dce1027d21baef9d0.jpg,640,640,62269,027d27075097d56c0b2b98f2375457b4,,False,
data/indian_saree/train/Pichwai/image23_jpeg.rf.d55b571301055016568c72708f4bb17c.jpg,,indian_patterns,train,Pichwai,image23_jpeg.rf.d55b571301055016568c72708f4bb17c.jpg,640,640,63567,1509c5f75c196c6f4947759c7191560c,,False,
data/indian_saree/train/Pichwai/image25_jpeg.rf.0bac7fc187eb9945d2ea73272189e364.jpg,,indian_patterns,train,Pichwai,image25_jpeg.rf.0bac7fc187eb9945d2ea73272189e364.jpg,640,640,64857,2c429141cee3f2e90cfefe6a4885e068,,False,
data/indian_saree/train/Pichwai/image25_jpeg.rf.4a5d601d89f9cab535034cd244af7307.jpg,,indian_patterns,train,Pichwai,image25_jpeg.rf.4a5d601d89f9cab535034cd244af7307.jpg,640,640,62371,e353a606bc799347b53ae7202695900c,,False,
data/indian_saree/train/Pichwai/image25_jpeg.rf.652a9c2c0012d3ad2c8db33b4c09fc0f.jpg,,indian_patterns,train,Pichwai,image25_jpeg.rf.652a9c2c0012d3ad2c8db33b4c09fc0f.jpg,640,640,65260,250cf123975bb6d6b1d3b5ddda8f3d55,,False,
data/indian_saree/train/Pichwai/image27_jpeg.rf.2c939df935dc7c14a019d29689113da4.jpg,,indian_patterns,train,Pichwai,image27_jpeg.rf.2c939df935dc7c14a019d29689113da4.jpg,640,640,87353,883f089bad6045c3887c0b1fcbc15ce4,,False,
data/indian_saree/train/Pichwai/image27_jpeg.rf.3fc26eb7b03e6957696cb591a3500fd8.jpg,,indian_patterns,train,Pichwai,image27_jpeg.rf.3fc26eb7b03e6957696cb591a3500fd8.jpg,640,640,89396,e3b21c222fa7c3cae970b33972846837,,False,
data/indian_saree/train/Pichwai/image27_jpeg.rf.d658a80c872a2100c7efedf0f92972dc.jpg,,indian_patterns,train,Pichwai,image27_jpeg.rf.d658a80c872a2100c7efedf0f92972dc.jpg,640,640,90172,23562155e5182a6e4adc394b589150be,,False,
data/indian_saree/train/Pichwai/image29_jpeg.rf.09aea972b709752a97308ccef9d6dd81.jpg,,indian_patterns,train,Pichwai,image29_jpeg.rf.09aea972b709752a97308ccef9d6dd81.jpg,640,640,56641,49486e72fed9d524f3e7a211c3eec0f1,,False,
data/indian_saree/train/Pichwai/image29_jpeg.rf.3139bafce7aec3a6bc5954ad4eb68082.jpg,,indian_patterns,train,Pichwai,image29_jpeg.rf.3139bafce7aec3a6bc5954ad4eb68082.jpg,640,640,58238,962b53b9c2daf624e7eb340547fa20b7,,False,
data/indian_saree/train/Pichwai/image29_jpeg.rf.3d62ba8531660557542e9f12c7a6f852.jpg,,indian_patterns,train,Pichwai,image29_jpeg.rf.3d62ba8531660557542e9f12c7a6f852.jpg,640,640,57023,c7e109ec2a357eb8e96e1d9f658e4690,,False,
data/indian_saree/train/Pichwai/image33_jpeg.rf.315e5c1ffdb1bdad4c7e3bba067d1792.jpg,,indian_patterns,train,Pichwai,image33_jpeg.rf.315e5c1ffdb1bdad4c7e3bba067d1792.jpg,640,640,97947,e301a75dfeaf0f0d26c56bb43251608e,,False,
data/indian_saree/train/Pichwai/image33_jpeg.rf.4e3ca97c75329c545445b7a971b533eb.jpg,,indian_patterns,train,Pichwai,image33_jpeg.rf.4e3ca97c75329c545445b7a971b533eb.jpg,640,640,99442,b0198947922069304789f67251471e8a,,False,
data/indian_saree/train/Pichwai/image33_jpeg.rf.653984cde786f002efecd670afd27906.jpg,,indian_patterns,train,Pichwai,image33_jpeg.rf.653984cde786f002efecd670afd27906.jpg,640,640,99434,8db70e7b8eb547ab7b089255117d7978,,False,
data/indian_saree/train/Pichwai/image3_jpeg.rf.1b94cc426c6dbefceb6e2fd283ae67b9.jpg,,indian_patterns,train,Pichwai,image3_jpeg.rf.1b94cc426c6dbefceb6e2fd283ae67b9.jpg,640,640,59258,5aba3d84d8c96745a354caa5bad26333,,False,
data/indian_saree/train/Pichwai/image3_jpeg.rf.c3d9f223a56316f92252bd1787ec371d.jpg,,indian_patterns,train,Pichwai,image3_jpeg.rf.c3d9f223a56316f92252bd1787ec371d.jpg,640,640,57427,da28c74eccb46d9912dc11d9d87d5f4a,,False,
data/indian_saree/train/Pichwai/image3_jpeg.rf.e1216efff52aa7d17fd7f33fe7a6d852.jpg,,indian_patterns,train,Pichwai,image3_jpeg.rf.e1216efff52aa7d17fd7f33fe7a6d852.jpg,640,640,59660,4304c1dfe0f2df1ccf9c066fdec6449d,,False,
data/indian_saree/train/Pichwai/image5_jpeg.rf.78575d6d0e1a2fc26640ecae44938bf3.jpg,,indian_patterns,train,Pichwai,image5_jpeg.rf.78575d6d0e1a2fc26640ecae44938bf3.jpg,640,640,42576,af3552f26b5dcee3e2e8c236c4f5815c,,False,
data/indian_saree/train/Pichwai/image5_jpeg.rf.79d2fbfd8f80c0720ef08208ea2674d9.jpg,,indian_patterns,train,Pichwai,image5_jpeg.rf.79d2fbfd8f80c0720ef08208ea2674d9.jpg,640,640,41079,a88c7b05240473979a26524324f05006,,False,
data/indian_saree/train/Pichwai/image5_jpeg.rf.bab31145e05eb5e0085c307fe7800bd6.jpg,,indian_patterns,train,Pichwai,image5_jpeg.rf.bab31145e05eb5e0085c307fe7800bd6.jpg,640,640,42195,10badf1229d95e4602061a73faab211d,,False,
data/indian_saree/train/Pichwai/image8_jpeg.rf.391d4f862c3db08e1bd812751863d85d.jpg,,indian_patterns,train,Pichwai,image8_jpeg.rf.391d4f862c3db08e1bd812751863d85d.jpg,640,640,62392,c2634d20346e1665d2a9217ff58e1311,,False,
data/indian_saree/train/Pichwai/image8_jpeg.rf.6d961196010146a2211142bbd5f4b8ca.jpg,,indian_patterns,train,Pichwai,image8_jpeg.rf.6d961196010146a2211142bbd5f4b8ca.jpg,640,640,60765,2041a6b9eb8d221e8356d8e415a53529,,False,
data/indian_saree/train/Pichwai/image8_jpeg.rf.79711cf6d22b29624d1790f5db612d7e.jpg,,indian_patterns,train,Pichwai,image8_jpeg.rf.79711cf6d22b29624d1790f5db612d7e.jpg,640,640,58056,a53d04ebe92508d470427a5398fe7e09,,False,
data/indian_saree/train/Pichwai/images10_jpg.rf.496a856ce1d78f72692bbf9a93cfb184.jpg,,indian_patterns,train,Pichwai,images10_jpg.rf.496a856ce1d78f72692bbf9a93cfb184.jpg,640,640,82121,3ec88a7b332aee25fe495795f8108bc9,,False,
data/indian_saree/train/Pichwai/images10_jpg.rf.819a04c59f6693af01e0075c780b97fa.jpg,,indian_patterns,train,Pichwai,images10_jpg.rf.819a04c59f6693af01e0075c780b97fa.jpg,640,640,79828,b1c3034afafb0f2642549dd3549e31c6,,False,
data/indian_saree/train/Pichwai/images10_jpg.rf.f6ea51319d1fc403faa1396d53ac8442.jpg,,indian_patterns,train,Pichwai,images10_jpg.rf.f6ea51319d1fc403faa1396d53ac8442.jpg,640,640,78076,579e0e46997313257fcdafae09b2421f,,False,
data/indian_saree/train/Pichwai/images11_jpg.rf.11410ba648680150ddbeb2200016a7e9.jpg,,indian_patterns,train,Pichwai,images11_jpg.rf.11410ba648680150ddbeb2200016a7e9.jpg,640,640,62785,90d032cae35b3e67407371fe458285ed,,False,
data/indian_saree/train/Pichwai/images11_jpg.rf.4f5dd7972e1c2587be6e42b8e019b88c.jpg,,indian_patterns,train,Pichwai,images11_jpg.rf.4f5dd7972e1c2587be6e42b8e019b88c.jpg,640,640,63045,822faa4007fcf0f476491430778b347a,,False,
data/indian_saree/train/Pichwai/images11_jpg.rf.6d637fa94327f70915bb6ae883db4910.jpg,,indian_patterns,train,Pichwai,images11_jpg.rf.6d637fa94327f70915bb6ae883db4910.jpg,640,640,61425,9fdef9f2ba5be6aeaa05be1dcb403925,,False,
data/indian_saree/train/Pichwai/images12_jpg.rf.35bbd7477776b0f6c3fe8bc090ce7fd8.jpg,,indian_patterns,train,Pichwai,images12_jpg.rf.35bbd7477776b0f6c3fe8bc090ce7fd8.jpg,640,640,73152,3e940c9a4822dfec7da03bc9623cbf3d,,False,
data/indian_saree/train/Pichwai/images12_jpg.rf.b8f01a628524cce0c1b9bacfd11aa2b7.jpg,,indian_patterns,train,Pichwai,images12_jpg.rf.b8f01a628524cce0c1b9bacfd11aa2b7.jpg,640,640,76226,f37813e8172ead5177418c6dfbc708b3,,False,
data/indian_saree/train/Pichwai/images12_jpg.rf.c1b9da29c1c8a87f28be7a425ce2a647.jpg,,indian_patterns,train,Pichwai,images12_jpg.rf.c1b9da29c1c8a87f28be7a425ce2a647.jpg,640,640,74101,95157c93f834749282abf9cfe26d7f34,,False,
data/indian_saree/train/Pichwai/images14_jpg.rf.70dc04299767541bdd18f0c59ee77e31.jpg,,indian_patterns,train,Pichwai,images14_jpg.rf.70dc04299767541bdd18f0c59ee77e31.jpg,640,640,50576,7129892ec8db9f23930b6af00fc91a84,,False,
data/indian_saree/train/Pichwai/images14_jpg.rf.bee4301ca3a70351aa6aba903e7f38d4.jpg,,indian_patterns,train,Pichwai,images14_jpg.rf.bee4301ca3a70351aa6aba903e7f38d4.jpg,640,640,52830,982a69b21d1d1237b89ae4cf228f2a09,,False,
data/indian_saree/train/Pichwai/images14_jpg.rf.d5fd34d6e6dde836004429fc18afedd3.jpg,,indian_patterns,train,Pichwai,images14_jpg.rf.d5fd34d6e6dde836004429fc18afedd3.jpg,640,640,52067,248936094682703cd58213e469f4670a,,False,
data/indian_saree/train/Pichwai/images15_jpg.rf.4515413c83b4929f9aece351eba29095.jpg,,indian_patterns,train,Pichwai,images15_jpg.rf.4515413c83b4929f9aece351eba29095.jpg,640,640,77910,4e1842db17b71986f58e35b8a379c60e,,False,
data/indian_saree/train/Pichwai/images15_jpg.rf.82bda57a1fd17647c89fa24bc42e2ed2.jpg,,indian_patterns,train,Pichwai,images15_jpg.rf.82bda57a1fd17647c89fa24bc42e2ed2.jpg,640,640,77225,c9e167eba295476e365957d9484dd438,,False,
data/indian_saree/train/Pichwai/images15_jpg.rf.85fe4ce55591117f7272ad3974679031.jpg,,indian_patterns,train,Pichwai,images15_jpg.rf.85fe4ce55591117f7272ad3974679031.jpg,640,640,76070,15720c088d6d7a1277c214cbfaa68e40,,False,
data/indian_saree/train/Pichwai/images16_jpg.rf.062b61c2a885cc8690ad5ba542f3c2a3.jpg,,indian_patterns,train,Pichwai,images16_jpg.rf.062b61c2a885cc8690ad5ba542f3c2a3.jpg,640,640,53779,114276b52b2951affa525004c8bd5862,,False,
data/indian_saree/train/Pichwai/images16_jpg.rf.e30d932a44c6c5794722f6d583af57e3.jpg,,indian_patterns,train,Pichwai,images16_jpg.rf.e30d932a44c6c5794722f6d583af57e3.jpg,640,640,48574,455f9f630414229b5447400afaf4f7d0,,False,
data/indian_saree/train/Pichwai/images16_jpg.rf.fbd1e55dd11fefae3bc34ab76a5fa745.jpg,,indian_patterns,train,Pichwai,images16_jpg.rf.fbd1e55dd11fefae3bc34ab76a5fa745.jpg,640,640,51555,141bc4e616cee0f07f500096f770addf,,False,
data/indian_saree/train/Pichwai/images17_jpg.rf.0615ecdf1b2342d90683699160439e18.jpg,,indian_patterns,train,Pichwai,images17_jpg.rf.0615ecdf1b2342d90683699160439e18.jpg,640,640,71517,35fad62ebb607ec92f720b83216db6b4,,False,
data/indian_saree/train/Pichwai/images17_jpg.rf.a13ee7fc86bc77b5d42683e3dead109c.jpg,,indian_patterns,train,Pichwai,images17_jpg.rf.a13ee7fc86bc77b5d42683e3dead109c.jpg,640,640,74235,08f1191c657fe91850a33a8c2f3d71ad,,False,
data/indian_saree/train/Pichwai/images17_jpg.rf.b10092c8af99d8029af8e397a45bdbbe.jpg,,indian_patterns,train,Pichwai,images17_jpg.rf.b10092c8af99d8029af8e397a45bdbbe.jpg,640,640,71188,14a78754f6e334d6e458dbed923a6bc2,,False,
data/indian_saree/train/Pichwai/images18_jpg.rf.1b21e8eb9fe955758d6225ca91a1c701.jpg,,indian_patterns,train,Pichwai,images18_jpg.rf.1b21e8eb9fe955758d6225ca91a1c701.jpg,640,640,64409,c8747ac39220ab4fd0a484bb258da442,,False,
data/indian_saree/train/Pichwai/images18_jpg.rf.69d58ab0d8954240b2473b6e0fd22977.jpg,,indian_patterns,train,Pichwai,images18_jpg.rf.69d58ab0d8954240b2473b6e0fd22977.jpg,640,640,64536,7c64b2e86635e6df7b88c8b9186b7d4f,,False,
data/indian_saree/train/Pichwai/images18_jpg.rf.f661fc2312596024717740faa5592249.jpg,,indian_patterns,train,Pichwai,images18_jpg.rf.f661fc2312596024717740faa5592249.jpg,640,640,63534,d3355fe7523da2c61adc942df6ec4f85,,False,
data/indian_saree/train/Pichwai/images20_jpg.rf.0bae941146b0fbf319dd41a23ae9e0c9.jpg,,indian_patterns,train,Pichwai,images20_jpg.rf.0bae941146b0fbf319dd41a23ae9e0c9.jpg,640,640,56522,19554b250f7f957e8dbf26b54c58f08e,,False,
data/indian_saree/train/Pichwai/images20_jpg.rf.82510529b957120e4f320d190581aa9e.jpg,,indian_patterns,train,Pichwai,images20_jpg.rf.82510529b957120e4f320d190581aa9e.jpg,640,640,58244,df8d4bf1493ba92ff9eb60904d4d8494,,False,
data/indian_saree/train/Pichwai/images20_jpg.rf.b40f7f57c68daf63a9da3340393b16b9.jpg,,indian_patterns,train,Pichwai,images20_jpg.rf.b40f7f57c68daf63a9da3340393b16b9.jpg,640,640,58070,ee1ecc1e18418c2b6814657e00e303f4,,False,
data/indian_saree/train/Pichwai/images21_jpg.rf.0f83d70ce4dd0643dc3d7713374adac1.jpg,,indian_patterns,train,Pichwai,images21_jpg.rf.0f83d70ce4dd0643dc3d7713374adac1.jpg,640,640,52556,be19f9eac88749619c1c4bea039bddc0,,False,
data/indian_saree/train/Pichwai/images21_jpg.rf.965e184ff48402e14e645795620ca765.jpg,,indian_patterns,train,Pichwai,images21_jpg.rf.965e184ff48402e14e645795620ca765.jpg,640,640,49719,32d260d27fe682c4062681f392ae4b7a,,False,
data/indian_saree/train/Pichwai/images21_jpg.rf.d4aa90afa117e7f7cf2833228925fdbc.jpg,,indian_patterns,train,Pichwai,images21_jpg.rf.d4aa90afa117e7f7cf2833228925fdbc.jpg,640,640,51589,bbd421d2ff926c61231b89f9881fe11d,,False,
data/indian_saree/train/Pichwai/images22_jpg.rf.a17b033b787eedb2039bb27ef379aa33.jpg,,indian_patterns,train,Pichwai,images22_jpg.rf.a17b033b787eedb2039bb27ef379aa33.jpg,640,640,69183,07d947caf8220dba1990522660cefc63,,False,
data/indian_saree/train/Pichwai/images22_jpg.rf.b71f11417e41e4a0bd78e2b55a00e334.jpg,,indian_patterns,train,Pichwai,images22_jpg.rf.b71f11417e41e4a0bd78e2b55a00e334.jpg,640,640,68832,909aa24d0cdcd8dab0e0fef434b6dcee,,False,
data/indian_saree/train/Pichwai/images22_jpg.rf.e1d6ad0a3d092a32d8bbf4955fce549f.jpg,,indian_patterns,train,Pichwai,images22_jpg.rf.e1d6ad0a3d092a32d8bbf4955fce549f.jpg,640,640,68105,2e27fff99ed6c757de7ec3a70cc0eaa1,,False,
data/indian_saree/train/Pichwai/images24_jpg.rf.0e7fa5cc70c5109bc689be4422456d9a.jpg,,indian_patterns,train,Pichwai,images24_jpg.rf.0e7fa5cc70c5109bc689be4422456d9a.jpg,640,640,79233,48c2bf1852344970efbe203fb9c292a0,,False,
data/indian_saree/train/Pichwai/images24_jpg.rf.46eaab8fc17754270aca3db638bcef85.jpg,,indian_patterns,train,Pichwai,images24_jpg.rf.46eaab8fc17754270aca3db638bcef85.jpg,640,640,78525,16a4ff8f6cc6743b28eb2b834fce72f5,,False,
data/indian_saree/train/Pichwai/images24_jpg.rf.644d82c362e9d7f10c8781cd65fd36a7.jpg,,indian_patterns,train,Pichwai,images24_jpg.rf.644d82c362e9d7f10c8781cd65fd36a7.jpg,640,640,83109,402685d412977938e3c216cf4166c441,,False,
data/indian_saree/train/Pichwai/images2_jpg.rf.22f2f4eb552e102052e518ba478a1925.jpg,,indian_patterns,train,Pichwai,images2_jpg.rf.22f2f4eb552e102052e518ba478a1925.jpg,640,640,40391,0b65d2c26b3b5ebc6143892e1380d6a3,,False,
data/indian_saree/train/Pichwai/images2_jpg.rf.a4fa9853ae63679d2f012eec63432a92.jpg,,indian_patterns,train,Pichwai,images2_jpg.rf.a4fa9853ae63679d2f012eec63432a92.jpg,640,640,44894,5c6cb83a7c49ebee012a9c1226610d5b,,False,
data/indian_saree/train/Pichwai/images2_jpg.rf.dd97e8793660e80f8491f1ee5a1ee952.jpg,,indian_patterns,train,Pichwai,images2_jpg.rf.dd97e8793660e80f8491f1ee5a1ee952.jpg,640,640,44442,896ef40bc287cc37d02f922ee32bdafa,,False,
data/indian_saree/train/Pichwai/images3_jpg.rf.341ae1b8b9ba7ba63c242cef7905a7b4.jpg,,indian_patterns,train,Pichwai,images3_jpg.rf.341ae1b8b9ba7ba63c242cef7905a7b4.jpg,640,640,54705,6680aa4d7b764278bb37acd1b1ebd435,,False,
data/indian_saree/train/Pichwai/images3_jpg.rf.6e44c5639081f6a35966efc3531e68b1.jpg,,indian_patterns,train,Pichwai,images3_jpg.rf.6e44c5639081f6a35966efc3531e68b1.jpg,640,640,52304,f8ff39b9ca058c38c8ba606110bf78ea,,False,
data/indian_saree/train/Pichwai/images3_jpg.rf.e7dac320ad95af2944a07ffafefa863d.jpg,,indian_patterns,train,Pichwai,images3_jpg.rf.e7dac320ad95af2944a07ffafefa863d.jpg,640,640,51532,b542f547d9c908ec21dbda6b4872536b,,False,
data/indian_saree/train/Pichwai/images4_jpg.rf.445ad4ebb242afb08f171a95039b1d0f.jpg,,indian_patterns,train,Pichwai,images4_jpg.rf.445ad4ebb242afb08f171a95039b1d0f.jpg,640,640,94574,a96e72ddd776806643d5a1a638a93ac1,,False,
data/indian_saree/train/Pichwai/images4_jpg.rf.94eaa42229d2bbbf0c44afbd565185d4.jpg,,indian_patterns,train,Pichwai,images4_jpg.rf.94eaa42229d2bbbf0c44afbd565185d4.jpg,640,640,93133,5139236bbccdae7950b563adc4874037,,False,
data/indian_saree/train/Pichwai/images4_jpg.rf.b078c6f6f69356661fcfe98c962a99fb.jpg,,indian_patterns,train,Pichwai,images4_jpg.rf.b078c6f6f69356661fcfe98c962a99fb.jpg,640,640,94493,095187f657bc478972adfd126c56b876,,False,
data/indian_saree/train/Pichwai/images5_jpg.rf.7c40ebc99defeb7e6e65d94f4ffd0197.jpg,,indian_patterns,train,Pichwai,images5_jpg.rf.7c40ebc99defeb7e6e65d94f4ffd0197.jpg,640,640,67857,9b4edef7953a9dc738e789afd1b3e03d,,False,
data/indian_saree/train/Pichwai/images5_jpg.rf.89e6b8e74d2afcb55d67921ee0ea6de8.jpg,,indian_patterns,train,Pichwai,images5_jpg.rf.89e6b8e74d2afcb55d67921ee0ea6de8.jpg,640,640,66199,c7401104cf8bc16dad098473f83f6aef,,False,
data/indian_saree/train/Pichwai/images5_jpg.rf.a636b6b0fb14cdea9d0e599b6bd030a5.jpg,,indian_patterns,train,Pichwai,images5_jpg.rf.a636b6b0fb14cdea9d0e599b6bd030a5.jpg,640,640,67158,6dd94fe56646c58d78ac83222f4de96c,,False,
data/indian_saree/train/Pichwai/images6_jpg.rf.636c80c7d9a281abcdd5083dfdddf708.jpg,,indian_patterns,train,Pichwai,images6_jpg.rf.636c80c7d9a281abcdd5083dfdddf708.jpg,640,640,71609,33ce5c8e2395c24ab9471083dc86b245,,False,
data/indian_saree/train/Pichwai/images6_jpg.rf.f5903efabbc5fbb19f93d780b239436e.jpg,,indian_patterns,train,Pichwai,images6_jpg.rf.f5903efabbc5fbb19f93d780b239436e.jpg,640,640,73398,7676ff464dc63a55b99485f3b414c71f,,False,
data/indian_saree/train/Pichwai/images6_jpg.rf.f649ee22e07931dbccdc89ac906b5bcd.jpg,,indian_patterns,train,Pichwai,images6_jpg.rf.f649ee22e07931dbccdc89ac906b5bcd.jpg,640,640,75599,ecce41b7ed3bfcd31c3e8a23ea1ebeec,,False,
data/indian_saree/train/Pichwai/images7_jpg.rf.41386dac0ae2aca0deeb7e4a5cb0125e.jpg,,indian_patterns,train,Pichwai,images7_jpg.rf.41386dac0ae2aca0deeb7e4a5cb0125e.jpg,640,640,39533,d730779d0fc5033f9f73e2aaae698fdd,,False,
data/indian_saree/train/Pichwai/images7_jpg.rf.5460d4e626300d6fad54bd82881422db.jpg,,indian_patterns,train,Pichwai,images7_jpg.rf.5460d4e626300d6fad54bd82881422db.jpg,640,640,40245,8c70dea763e4eccfc0abd57ca694ab15,,False,
data/indian_saree/train/Pichwai/images7_jpg.rf.acb46143a5cba3151c2d03d1c3458d5c.jpg,,indian_patterns,train,Pichwai,images7_jpg.rf.acb46143a5cba3151c2d03d1c3458d5c.jpg,640,640,40168,61e6034221b3d5a17a3467c24aff5bf0,,False,
data/indian_saree/train/Pichwai/images9_jpg.rf.75aa3ac5f545080df4517fae774a98a7.jpg,,indian_patterns,train,Pichwai,images9_jpg.rf.75aa3ac5f545080df4517fae774a98a7.jpg,640,640,35826,98144bb9917f30deaa55838789324546,,False,
data/indian_saree/train/Pichwai/images9_jpg.rf.96142bb757c253d32ef4ede070c83c83.jpg,,indian_patterns,train,Pichwai,images9_jpg.rf.96142bb757c253d32ef4ede070c83c83.jpg,640,640,37097,01fb0d2f074e1b848d259493085b366b,,False,
data/indian_saree/train/Pichwai/images9_jpg.rf.a1dc64ac7ffffb404cec481fd15f9413.jpg,,indian_patterns,train,Pichwai,images9_jpg.rf.a1dc64ac7ffffb404cec481fd15f9413.jpg,640,640,34573,29d21fdf14b2a5d7c44ee93a9c6cd88d,,False,
data/indian_saree/train/Pichwai/images_jpg.rf.064e6d14c41fee8c1ee28ddb5c1516e1.jpg,,indian_patterns,train,Pichwai,images_jpg.rf.064e6d14c41fee8c1ee28ddb5c1516e1.jpg,640,640,88694,59e818a78575c1bdc1834f8c7dc80eac,,False,
data/indian_saree/train/Pichwai/images_jpg.rf.4be543c60dfccbb869c0ae165dae4701.jpg,,indian_patterns,train,Pichwai,images_jpg.rf.4be543c60dfccbb869c0ae165dae4701.jpg,640,640,86131,6e426a72adc3ed24c8a390134f2ea857,,False,
data/indian_saree/train/Pichwai/images_jpg.rf.6711945b18c6e0a50aabc856ccadcfb2.jpg,,indian_patterns,train,Pichwai,images_jpg.rf.6711945b18c6e0a50aabc856ccadcfb2.jpg,640,640,86143,83a2f9059defc0bce8e11ecf8a40ba48,,False,
data/indian_saree/train/Pichwai/IMG-20210709-WA0017_grande_jpg.rf.b65b62a6b8caeb722bebbfb326d3b38f.jpg,,indian_patterns,train,Pichwai,IMG-20210709-WA0017_grande_jpg.rf.b65b62a6b8caeb722bebbfb326d3b38f.jpg,640,640,94307,d5490f272910bde03759b3032b346474,,False,
data/indian_saree/train/Pichwai/IMG-20210709-WA0017_grande_jpg.rf.c53f2112396748866d8c602bec72eb1d.jpg,,indian_patterns,train,Pichwai,IMG-20210709-WA0017_grande_jpg.rf.c53f2112396748866d8c602bec72eb1d.jpg,640,640,94823,e958ce10fa5dc053c2ffa7fde4f0dccc,,False,
data/indian_saree/train/Pichwai/IMG-20210709-WA0017_grande_jpg.rf.e8f2c6db14c4c8f64d52ed9351839a73.jpg,,indian_patterns,train,Pichwai,IMG-20210709-WA0017_grande_jpg.rf.e8f2c6db14c4c8f64d52ed9351839a73.jpg,640,640,91443,358b6fb5fd8fba89f646a9dfcd9d600b,,False,
data/indian_saree/train/Pichwai/Img1-1-555x832_jpg.rf.05a520f345441942e35952ad43c741f6.jpg,,indian_patterns,train,Pichwai,Img1-1-555x832_jpg.rf.05a520f345441942e35952ad43c741f6.jpg,640,640,75086,8a9c685b940b6169637789ec5bf7f15e,,False,
data/indian_saree/train/Pichwai/Img1-1-555x832_jpg.rf.3c4ef7cc488053ac30b4ebf5e39ee3e5.jpg,,indian_patterns,train,Pichwai,Img1-1-555x832_jpg.rf.3c4ef7cc488053ac30b4ebf5e39ee3e5.jpg,640,640,75621,4c9b76f4d1fe9d27a36d6a65a504cebf,,False,
data/indian_saree/train/Pichwai/Img1-1-555x832_jpg.rf.5c15f66c21607f96236a4d9c45a749ef.jpg,,indian_patterns,train,Pichwai,Img1-1-555x832_jpg.rf.5c15f66c21607f96236a4d9c45a749ef.jpg,640,640,78388,b0a2279bcfe031cb664d81c9d9320cb6,,False,
data/indian_saree/train/Pichwai/Instagrampost-251_800x_png.rf.07dba6d6ab9c7b805e4a4fa7e8586490.jpg,,indian_patterns,train,Pichwai,Instagrampost-251_800x_png.rf.07dba6d6ab9c7b805e4a4fa7e8586490.jpg,640,640,104649,a283c2ceb8fd2d0d59b4fb4511e22e99,,True,dup_0004
data/indian_saree/train/Pichwai/Instagrampost-251_800x_png.rf.9a9325ebcb2dd24bc837901c647108ab.jpg,,indian_patterns,train,Pichwai,Instagrampost-251_800x_png.rf.9a9325ebcb2dd24bc837901c647108ab.jpg,640,640,104649,a283c2ceb8fd2d0d59b4fb4511e22e99,,True,dup_0004
data/indian_saree/train/Pichwai/Instagrampost-251_800x_png.rf.d7f513765174d94ef8e785ca9fc94e17.jpg,,indian_patterns,train,Pichwai,Instagrampost-251_800x_png.rf.d7f513765174d94ef8e785ca9fc94e17.jpg,640,640,106754,26588d2c5339cb8334cfff34a14097c7,,False,
data/indian_saree/train/Pichwai/Instagrampost-256_800x_png.rf.2aa78ab16194691d13f92d7e1c9e76fe.jpg,,indian_patterns,train,Pichwai,Instagrampost-256_800x_png.rf.2aa78ab16194691d13f92d7e1c9e76fe.jpg,640,640,140194,5614f596ae55ad08a98bd5636ac657fc,,False,
data/indian_saree/train/Pichwai/Instagrampost-256_800x_png.rf.2fd70e72b8f0846ee8b664d024eab506.jpg,,indian_patterns,train,Pichwai,Instagrampost-256_800x_png.rf.2fd70e72b8f0846ee8b664d024eab506.jpg,640,640,140019,b68de0c4fe7ec7e4333705cdfd4d6e2b,,False,
data/indian_saree/train/Pichwai/Instagrampost-256_800x_png.rf.a06eace244bc7276dc47f70906cb168a.jpg,,indian_patterns,train,Pichwai,Instagrampost-256_800x_png.rf.a06eace244bc7276dc47f70906cb168a.jpg,640,640,139496,fb39d34532239296b1c64d898ef0c7e9,,False,
data/indian_saree/train/Pichwai/Instagrampost-266_800x_png.rf.2f9c2ea29cfa197f467c61efc8bb14c7.jpg,,indian_patterns,train,Pichwai,Instagrampost-266_800x_png.rf.2f9c2ea29cfa197f467c61efc8bb14c7.jpg,640,640,138557,cd65bb9eb80be72e8fe22c23d2a07321,,False,
data/indian_saree/train/Pichwai/Instagrampost-266_800x_png.rf.7a72877cd3b9e2a7707a7b7eae1adb07.jpg,,indian_patterns,train,Pichwai,Instagrampost-266_800x_png.rf.7a72877cd3b9e2a7707a7b7eae1adb07.jpg,640,640,137490,709d0076239a455500c7b3af53484418,,False,
data/indian_saree/train/Pichwai/Instagrampost-266_800x_png.rf.7d7fc696034dcfdc5a5bc388a2cb7049.jpg,,indian_patterns,train,Pichwai,Instagrampost-266_800x_png.rf.7d7fc696034dcfdc5a5bc388a2cb7049.jpg,640,640,137017,73d77876c606b2119e2a37acb04d0510,,False,
data/indian_saree/train/Pichwai/NAVY-BLUE-PLACEMENT-PICHWAI-PRINT_d4f02903-48a2-42ae-aa94-7ab26b550bf5_jpg.rf.abd6293e21406dec456dfe0b2416a312.jpg,,indian_patterns,train,Pichwai,NAVY-BLUE-PLACEMENT-PICHWAI-PRINT_d4f02903-48a2-42ae-aa94-7ab26b550bf5_jpg.rf.abd6293e21406dec456dfe0b2416a312.jpg,640,640,58183,1a23647f31afddf58c1170a0b98f9d54,blue,False,
data/indian_saree/train/Pichwai/NAVY-BLUE-PLACEMENT-PICHWAI-PRINT_d4f02903-48a2-42ae-aa94-7ab26b550bf5_jpg.rf.db525ce09f398e642874d66cb524b791.jpg,,indian_patterns,train,Pichwai,NAVY-BLUE-PLACEMENT-PICHWAI-PRINT_d4f02903-48a2-42ae-aa94-7ab26b550bf5_jpg.rf.db525ce09f398e642874d66cb524b791.jpg,640,640,58813,a8856f5d542814923f325da1eac8ff09,blue,False,
data/indian_saree/train/Pichwai/NAVY-BLUE-PLACEMENT-PICHWAI-PRINT_d4f02903-48a2-42ae-aa94-7ab26b550bf5_jpg.rf.eb639e9fe5759311e29a18a5f64aed29.jpg,,indian_patterns,train,Pichwai,NAVY-BLUE-PLACEMENT-PICHWAI-PRINT_d4f02903-48a2-42ae-aa94-7ab26b550bf5_jpg.rf.eb639e9fe5759311e29a18a5f64aed29.jpg,640,640,56255,d8abdb654a598aff16e7128644421af4,blue,False,
data/indian_saree/train/Pichwai/pastel-hand-painted-pure-moonga-silk-pichwai-blouse-fabric-1-mtr-775928_jpg.rf.331e91b674d80ec395c662cca559c142.jpg,,indian_patterns,train,Pichwai,pastel-hand-painted-pure-moonga-silk-pichwai-blouse-fabric-1-mtr-775928_jpg.rf.331e91b674d80ec395c662cca559c142.jpg,640,640,54796,8e6dfc75f6bc3a252d7c5bcab4b443e2,,False,
data/indian_saree/train/Pichwai/pastel-hand-painted-pure-moonga-silk-pichwai-blouse-fabric-1-mtr-775928_jpg.rf.3f897b4efc4aac8fc8aa5872826cd01c.jpg,,indian_patterns,train,Pichwai,pastel-hand-painted-pure-moonga-silk-pichwai-blouse-fabric-1-mtr-775928_jpg.rf.3f897b4efc4aac8fc8aa5872826cd01c.jpg,640,640,56065,312be734bf562a92677cae164dbf1ef9,,False,
data/indian_saree/train/Pichwai/pastel-hand-painted-pure-moonga-silk-pichwai-blouse-fabric-1-mtr-775928_jpg.rf.b4c3a71a49a0c11f31f766a836573840.jpg,,indian_patterns,train,Pichwai,pastel-hand-painted-pure-moonga-silk-pichwai-blouse-fabric-1-mtr-775928_jpg.rf.b4c3a71a49a0c11f31f766a836573840.jpg,640,640,57406,76cda377b25ba14e15ecc5faabd19828,,False,
data/indian_saree/train/Pichwai/pastel-hand-painted-pure-moonga-silk-pichwai-blouse-fabric-1-mtr-934107_jpg.rf.42783259513e30c3a0d52463d6453a2f.jpg,,indian_patterns,train,Pichwai,pastel-hand-painted-pure-moonga-silk-pichwai-blouse-fabric-1-mtr-934107_jpg.rf.42783259513e30c3a0d52463d6453a2f.jpg,640,640,59111,a76bcbf322d52c47d597fd8516e4940e,,False,
data/indian_saree/train/Pichwai/pastel-hand-painted-pure-moonga-silk-pichwai-blouse-fabric-1-mtr-934107_jpg.rf.6eb1ef2190b1583f09f2212c26deb3bb.jpg,,indian_patterns,train,Pichwai,pastel-hand-painted-pure-moonga-silk-pichwai-blouse-fabric-1-mtr-934107_jpg.rf.6eb1ef2190b1583f09f2212c26deb3bb.jpg,640,640,58282,180d7ba0608dc5418d12da4c9f6c4066,,False,
data/indian_saree/train/Pichwai/pastel-hand-painted-pure-moonga-silk-pichwai-blouse-fabric-1-mtr-934107_jpg.rf.98137f3ac33814bddcb4510d8398700d.jpg,,indian_patterns,train,Pichwai,pastel-hand-painted-pure-moonga-silk-pichwai-blouse-fabric-1-mtr-934107_jpg.rf.98137f3ac33814bddcb4510d8398700d.jpg,640,640,61363,8f7a474977301f49c878c8d8f39af97c,,False,
data/indian_saree/train/Pichwai/PD07A_jpg.rf.3c13e7582049f2172c22671f203403f2.jpg,,indian_patterns,train,Pichwai,PD07A_jpg.rf.3c13e7582049f2172c22671f203403f2.jpg,640,640,86841,a0d9a7c964968bb41eab8526806efe5f,,False,
data/indian_saree/train/Pichwai/PD07A_jpg.rf.6dd5719e209917b52807198f72273146.jpg,,indian_patterns,train,Pichwai,PD07A_jpg.rf.6dd5719e209917b52807198f72273146.jpg,640,640,90197,b8ece0ddea1be83ffc1c8ddf3e3c8165,,False,
data/indian_saree/train/Pichwai/PD07A_jpg.rf.f58ae1c265b7a76461c3051469008328.jpg,,indian_patterns,train,Pichwai,PD07A_jpg.rf.f58ae1c265b7a76461c3051469008328.jpg,640,640,87161,62d4c760e3bc8da93467d52aabec13c5,,False,
data/indian_saree/train/Pichwai/pea-flt1238_jpg.rf.1f73e6832c9340bd79fe4b37f86d9f8e.jpg,,indian_patterns,train,Pichwai,pea-flt1238_jpg.rf.1f73e6832c9340bd79fe4b37f86d9f8e.jpg,640,640,90646,9c9afc521552000666d858d6e33139d0,,False,
data/indian_saree/train/Pichwai/pea-flt1238_jpg.rf.7f0247d4d121ee064f3f175657acc223.jpg,,indian_patterns,train,Pichwai,pea-flt1238_jpg.rf.7f0247d4d121ee064f3f175657acc223.jpg,640,640,93584,f42e70dfd6fb0bf8ed31cd43d5a68275,,False,
data/indian_saree/train/Pichwai/pea-flt1238_jpg.rf.c0d45707fe5839bf2a2937d99484551d.jpg,,indian_patterns,train,Pichwai,pea-flt1238_jpg.rf.c0d45707fe5839bf2a2937d99484551d.jpg,640,640,91577,da0fbb4717e6a62c28e7c2523d5a9300,,False,
data/indian_saree/train/Pichwai/pea-flt1658a_jpg.rf.2840a9d6709dc2a1799f5eb2927b78ee.jpg,,indian_patterns,train,Pichwai,pea-flt1658a_jpg.rf.2840a9d6709dc2a1799f5eb2927b78ee.jpg,640,640,39801,a73615023bcb55eb7f877571a0eef8fd,,False,
data/indian_saree/train/Pichwai/pea-flt1658a_jpg.rf.55b2adce87cf81ca60e7c3d521705d68.jpg,,indian_patterns,train,Pichwai,pea-flt1658a_jpg.rf.55b2adce87cf81ca60e7c3d521705d68.jpg,640,640,38762,9ec8f10ee0c7779f30c8e8f21829f0ea,,False,
data/indian_saree/train/Pichwai/pea-flt1658a_jpg.rf.f692ee56c6679c977fa6f6ff09e61486.jpg,,indian_patterns,train,Pichwai,pea-flt1658a_jpg.rf.f692ee56c6679c977fa6f6ff09e61486.jpg,640,640,43210,26d5d9b31744cd2ec7527416a8b7d7b7,,False,
data/indian_saree/train/Pichwai/PICHWAI-100004-03_jpg.rf.60d86b6369d6c847387e3957fc0d2421.jpg,,indian_patterns,train,Pichwai,PICHWAI-100004-03_jpg.rf.60d86b6369d6c847387e3957fc0d2421.jpg,640,640,57379,72fc2bdaf9779f2434e06f665bdda15d,,False,
data/indian_saree/train/Pichwai/PICHWAI-100004-03_jpg.rf.69b72a577c43f1513ea9312bf94da084.jpg,,indian_patterns,train,Pichwai,PICHWAI-100004-03_jpg.rf.69b72a577c43f1513ea9312bf94da084.jpg,640,640,55467,586365d832cbc71e818f903aef37d728,,False,
data/indian_saree/train/Pichwai/PICHWAI-100004-03_jpg.rf.c1613a81bd6019cd058a493df4dff1de.jpg,,indian_patterns,train,Pichwai,PICHWAI-100004-03_jpg.rf.c1613a81bd6019cd058a493df4dff1de.jpg,640,640,57301,e53aa652eb6c8458ddda4682d88d853d,,False,
data/indian_saree/train/Pichwai/PICHWAI-100006-03_jpg.rf.44c819e1428df6135fe761b2d132bce4.jpg,,indian_patterns,train,Pichwai,PICHWAI-100006-03_jpg.rf.44c819e1428df6135fe761b2d132bce4.jpg,640,640,106217,4a7e40f7987db93279d3e311fa44218c,,False,
data/indian_saree/train/Pichwai/PICHWAI-100006-03_jpg.rf.6e12a114d9d4bb35af7545bfc2c8b653.jpg,,indian_patterns,train,Pichwai,PICHWAI-100006-03_jpg.rf.6e12a114d9d4bb35af7545bfc2c8b653.jpg,640,640,106997,5398c451c44de735469fbce83df9070b,,False,
data/indian_saree/train/Pichwai/PICHWAI-100006-03_jpg.rf.f7e562aefe04b3d270c7e097d2fdddfd.jpg,,indian_patterns,train,Pichwai,PICHWAI-100006-03_jpg.rf.f7e562aefe04b3d270c7e097d2fdddfd.jpg,640,640,107753,ee590d914391c6a1636cd9493d2e4442,,False,
data/indian_saree/train/Pichwai/PICHWAI-100009-03_jpg.rf.1414dec2c83cad530a1cdca9a6026c7e.jpg,,indian_patterns,train,Pichwai,PICHWAI-100009-03_jpg.rf.1414dec2c83cad530a1cdca9a6026c7e.jpg,640,640,94927,df5740a2deb7db16d68c2c410008ebbf,,False,
data/indian_saree/train/Pichwai/PICHWAI-100009-03_jpg.rf.4b6f4615d3698ee37d0c1512526cc01e.jpg,,indian_patterns,train,Pichwai,PICHWAI-100009-03_jpg.rf.4b6f4615d3698ee37d0c1512526cc01e.jpg,640,640,95301,8d258fed173eee2880caf1dfc8a86141,,False,
data/indian_saree/train/Pichwai/PICHWAI-100009-03_jpg.rf.b310e5990f4a4c91506a3fc9b9fc6f7f.jpg,,indian_patterns,train,Pichwai,PICHWAI-100009-03_jpg.rf.b310e5990f4a4c91506a3fc9b9fc6f7f.jpg,640,640,92313,e0eb0de95fac4246f3f44e5287aeadc2,,False,
data/indian_saree/train/Pichwai/PICHWAI-100011-03_jpg.rf.1dcf9ed89c1b66774be53e5d6540639d.jpg,,indian_patterns,train,Pichwai,PICHWAI-100011-03_jpg.rf.1dcf9ed89c1b66774be53e5d6540639d.jpg,640,640,86869,2c75ff1d6d9553e1cdfee2854c6e192f,,False,
data/indian_saree/train/Pichwai/PICHWAI-100011-03_jpg.rf.b6c891051ca8b750f5da4e0d38352bf4.jpg,,indian_patterns,train,Pichwai,PICHWAI-100011-03_jpg.rf.b6c891051ca8b750f5da4e0d38352bf4.jpg,640,640,85578,c1fe9aef2c9474a16e6b28978187f8b7,,False,
data/indian_saree/train/Pichwai/PICHWAI-100011-03_jpg.rf.f378c415caa0b7217367244b17883c5c.jpg,,indian_patterns,train,Pichwai,PICHWAI-100011-03_jpg.rf.f378c415caa0b7217367244b17883c5c.jpg,640,640,84992,8be44e0098bdaae0a68f37bba4bf20cf,,False,
data/indian_saree/train/Pichwai/PICHWAI-100012-03_jpg.rf.056887dc74678ebfb71e20af90f2180d.jpg,,indian_patterns,train,Pichwai,PICHWAI-100012-03_jpg.rf.056887dc74678ebfb71e20af90f2180d.jpg,640,640,89565,716a98e15b0ffb01b4d1167b9324224a,,False,
data/indian_saree/train/Pichwai/PICHWAI-100012-03_jpg.rf.104eda736db85ad8807b3cfb6a7ac8bb.jpg,,indian_patterns,train,Pichwai,PICHWAI-100012-03_jpg.rf.104eda736db85ad8807b3cfb6a7ac8bb.jpg,640,640,91889,025c67ffd833a36f021fd798fd0163a2,,False,
data/indian_saree/train/Pichwai/PICHWAI-100012-03_jpg.rf.8c0c39526e7a38cf12f7e41162d74f5b.jpg,,indian_patterns,train,Pichwai,PICHWAI-100012-03_jpg.rf.8c0c39526e7a38cf12f7e41162d74f5b.jpg,640,640,92415,4f68e6111b6bababdbd80ecfd01ff67f,,False,
data/indian_saree/train/Pichwai/pichwai-painting-500x500_jpg.rf.4b41397f51263153c8fc3707d93f1a28.jpg,,indian_patterns,train,Pichwai,pichwai-painting-500x500_jpg.rf.4b41397f51263153c8fc3707d93f1a28.jpg,640,640,79774,7f63c9668c24fa71ff32e3817e53d292,,False,
data/indian_saree/train/Pichwai/pichwai-painting-500x500_jpg.rf.8306297980deb36db082f1f929eb08b0.jpg,,indian_patterns,train,Pichwai,pichwai-painting-500x500_jpg.rf.8306297980deb36db082f1f929eb08b0.jpg,640,640,82965,45edc20eaf7e8d42b210ae8474ce59e0,,False,
data/indian_saree/train/Pichwai/pichwai-painting-500x500_jpg.rf.9e19f9d82ff78f9ad23779ed8cb4893b.jpg,,indian_patterns,train,Pichwai,pichwai-painting-500x500_jpg.rf.9e19f9d82ff78f9ad23779ed8cb4893b.jpg,640,640,81620,46809bdcfe92f13d370c0dc14d312475,,False,
data/indian_saree/train/Pichwai/pichwai-print-muslin-fabric-wholesale-500x500_jpg.rf.11ba18923f0ac7293e8763276a5eef47.jpg,,indian_patterns,train,Pichwai,pichwai-print-muslin-fabric-wholesale-500x500_jpg.rf.11ba18923f0ac7293e8763276a5eef47.jpg,640,640,44660,1613d79824423b43bc93c06961db7a38,,False,
data/indian_saree/train/Pichwai/pichwai-print-muslin-fabric-wholesale-500x500_jpg.rf.127f9a1c42aa6a177c5256abbb101c46.jpg,,indian_patterns,train,Pichwai,pichwai-print-muslin-fabric-wholesale-500x500_jpg.rf.127f9a1c42aa6a177c5256abbb101c46.jpg,640,640,40309,929e7a1c8a585d282863eac7bd679fe6,,False,
data/indian_saree/train/Pichwai/pichwai-print-muslin-fabric-wholesale-500x500_jpg.rf.f35069bf8667c50403823744b1e8a56a.jpg,,indian_patterns,train,Pichwai,pichwai-print-muslin-fabric-wholesale-500x500_jpg.rf.f35069bf8667c50403823744b1e8a56a.jpg,640,640,44071,2dac561a2a17e96e820652317135d02f,,False,
data/indian_saree/train/Pichwai/Pichwai20Patterns20_jpg.rf.7b3e4d84389194fd876d3b4ab5edeab3.jpg,,indian_patterns,train,Pichwai,Pichwai20Patterns20_jpg.rf.7b3e4d84389194fd876d3b4ab5edeab3.jpg,640,640,72199,9fa84b6a5f4e99f31b5b8e780f5c2e52,,False,
data/indian_saree/train/Pichwai/Pichwai20Patterns20_jpg.rf.eb2ca3e62cb4812077b366357855980f.jpg,,indian_patterns,train,Pichwai,Pichwai20Patterns20_jpg.rf.eb2ca3e62cb4812077b366357855980f.jpg,640,640,72629,7706abfdf60d77c9d8b61a434636b8d9,,False,
data/indian_saree/train/Pichwai/Pichwai20Patterns20_jpg.rf.ef4d01f2b458822b4c08b24cfcc61c21.jpg,,indian_patterns,train,Pichwai,Pichwai20Patterns20_jpg.rf.ef4d01f2b458822b4c08b24cfcc61c21.jpg,640,640,72306,4876e4d8b03c56b3e43e917379787c48,,False,
data/indian_saree/train/Pichwai/PichwaiSaree_174d6518-4521-401b-b8a5-1b562e5852c3_jpg.rf.32d4b21b67a54f569d3a9f78e5c24caa.jpg,,indian_patterns,train,Pichwai,PichwaiSaree_174d6518-4521-401b-b8a5-1b562e5852c3_jpg.rf.32d4b21b67a54f569d3a9f78e5c24caa.jpg,640,640,96642,cf6b9a3d5000590b5822fc0271fb4acb,,False,
data/indian_saree/train/Pichwai/PichwaiSaree_174d6518-4521-401b-b8a5-1b562e5852c3_jpg.rf.4d26d5c5bfe82e7c51fad2041835e629.jpg,,indian_patterns,train,Pichwai,PichwaiSaree_174d6518-4521-401b-b8a5-1b562e5852c3_jpg.rf.4d26d5c5bfe82e7c51fad2041835e629.jpg,640,640,93213,b09eb3e244dc43a829839063bd42d2df,,False,
data/indian_saree/train/Pichwai/PichwaiSaree_174d6518-4521-401b-b8a5-1b562e5852c3_jpg.rf.7b1d43ad056e840e3f15350aa85ecaff.jpg,,indian_patterns,train,Pichwai,PichwaiSaree_174d6518-4521-401b-b8a5-1b562e5852c3_jpg.rf.7b1d43ad056e840e3f15350aa85ecaff.jpg,640,640,93376,9b4e1d8d36f74f656abc0aca3d7b29fb,,False,
data/indian_saree/train/Pichwai/sddefault2_jpg.rf.5a790ee29cf28bf4dc506a22c55c6278.jpg,,indian_patterns,train,Pichwai,sddefault2_jpg.rf.5a790ee29cf28bf4dc506a22c55c6278.jpg,640,640,82889,380cb3a183ef813971a13865ae308484,,False,
data/indian_saree/train/Pichwai/sddefault2_jpg.rf.6eee2af369951811fc961d0933378df5.jpg,,indian_patterns,train,Pichwai,sddefault2_jpg.rf.6eee2af369951811fc961d0933378df5.jpg,640,640,80209,0455ed3139b4375d7e70efd526e2ba01,,False,
data/indian_saree/train/Pichwai/sddefault2_jpg.rf.8db798c47b154a8b9f6237db6499812f.jpg,,indian_patterns,train,Pichwai,sddefault2_jpg.rf.8db798c47b154a8b9f6237db6499812f.jpg,640,640,81664,cf5c3bfa3447ca70c0bd14efd7f8ed87,,False,
data/indian_saree/train/Pichwai/sddefault_jpg.rf.5420d76812a7bd8f3dad61a03a878efd.jpg,,indian_patterns,train,Pichwai,sddefault_jpg.rf.5420d76812a7bd8f3dad61a03a878efd.jpg,640,640,69904,1638e03d9a703b861371773eefae2fd9,,False,
data/indian_saree/train/Pichwai/sddefault_jpg.rf.852c05f8cbb93a31518c162080cd128f.jpg,,indian_patterns,train,Pichwai,sddefault_jpg.rf.852c05f8cbb93a31518c162080cd128f.jpg,640,640,71946,08d70d57b1fc38e131187e8fd7a5911d,,False,
data/indian_saree/train/Pichwai/sddefault_jpg.rf.a7beaee1aa55d1080ca73eb4cbb8202a.jpg,,indian_patterns,train,Pichwai,sddefault_jpg.rf.a7beaee1aa55d1080ca73eb4cbb8202a.jpg,640,640,68301,baf99eeac9389ed5f61499caed849cce,,False,
data/indian_saree/train/Pichwai/The-folkart-rajasthan-pichwai-product-image-1-srinathji-sundari-silks_png.rf.1535bc46c96f60628a38fb9d659dac9d.jpg,,indian_patterns,train,Pichwai,The-folkart-rajasthan-pichwai-product-image-1-srinathji-sundari-silks_png.rf.1535bc46c96f60628a38fb9d659dac9d.jpg,640,640,61145,55c57d8eb33ef68a28bc1899f96d803d,,False,
data/indian_saree/train/Pichwai/The-folkart-rajasthan-pichwai-product-image-1-srinathji-sundari-silks_png.rf.5176a9418d30165ffa441b6afbe575de.jpg,,indian_patterns,train,Pichwai,The-folkart-rajasthan-pichwai-product-image-1-srinathji-sundari-silks_png.rf.5176a9418d30165ffa441b6afbe575de.jpg,640,640,61738,2403aa4440166e2dcfe13b0fa8a043b4,,False,
data/indian_saree/train/Pichwai/The-folkart-rajasthan-pichwai-product-image-1-srinathji-sundari-silks_png.rf.fb88ae41c59ed1c2299c20f9fd3e4640.jpg,,indian_patterns,train,Pichwai,The-folkart-rajasthan-pichwai-product-image-1-srinathji-sundari-silks_png.rf.fb88ae41c59ed1c2299c20f9fd3e4640.jpg,640,640,60464,4b2d9c2902895cf8b5d13408aa57a3a0,,False,
data/indian_saree/train/Pichwai/The-folkart-rajasthan-product-image-2-pichwai-art-sundari-silks_png.rf.4749b1afc6e79a6d109f7536deee5124.jpg,,indian_patterns,train,Pichwai,The-folkart-rajasthan-product-image-2-pichwai-art-sundari-silks_png.rf.4749b1afc6e79a6d109f7536deee5124.jpg,640,640,81101,911c28688956c9d2f0c7b79c7547821b,,False,
data/indian_saree/train/Pichwai/The-folkart-rajasthan-product-image-2-pichwai-art-sundari-silks_png.rf.5cb332c4f3248b2e8ccef766ed4e920b.jpg,,indian_patterns,train,Pichwai,The-folkart-rajasthan-product-image-2-pichwai-art-sundari-silks_png.rf.5cb332c4f3248b2e8ccef766ed4e920b.jpg,640,640,81026,3bf55a9bdecc7618c9dbbd9df0ddb353,,False,
data/indian_saree/train/Pichwai/The-folkart-rajasthan-product-image-2-pichwai-art-sundari-silks_png.rf.fe44142fd5697f14991320a20255c7f9.jpg,,indian_patterns,train,Pichwai,The-folkart-rajasthan-product-image-2-pichwai-art-sundari-silks_png.rf.fe44142fd5697f14991320a20255c7f9.jpg,640,640,79691,9c2ade402f05df4597781a5ae471d6a6,,False,
data/indian_saree/train/Pichwai/whatsapp-image-2023-09-19-at-10-28-51-pm-6-500x500_jpeg.rf.25783fa59864a8ce77cbb28c3a6f12f4.jpg,,indian_patterns,train,Pichwai,whatsapp-image-2023-09-19-at-10-28-51-pm-6-500x500_jpeg.rf.25783fa59864a8ce77cbb28c3a6f12f4.jpg,640,640,83161,56d9624dfb07dedebaf4150d213b4b36,,False,
data/indian_saree/train/Pichwai/whatsapp-image-2023-09-19-at-10-28-51-pm-6-500x500_jpeg.rf.41f92a66c2a4345c9c9940a0bfd36b3e.jpg,,indian_patterns,train,Pichwai,whatsapp-image-2023-09-19-at-10-28-51-pm-6-500x500_jpeg.rf.41f92a66c2a4345c9c9940a0bfd36b3e.jpg,640,640,84030,0868ef3cb93c6142b5210db74f55f372,,False,
data/indian_saree/train/Pichwai/whatsapp-image-2023-09-19-at-10-28-51-pm-6-500x500_jpeg.rf.552fd5421b21288407f36bf79fdf17b8.jpg,,indian_patterns,train,Pichwai,whatsapp-image-2023-09-19-at-10-28-51-pm-6-500x500_jpeg.rf.552fd5421b21288407f36bf79fdf17b8.jpg,640,640,80524,a6fc3d0b57078c25be8faf5f812df180,,False,
data/indian_saree/train/Pichwai/whatsapp-image-2023-09-19-at-10-28-51-pm-7-500x500_jpeg.rf.078449ad7e732eb14644d8b7abd99505.jpg,,indian_patterns,train,Pichwai,whatsapp-image-2023-09-19-at-10-28-51-pm-7-500x500_jpeg.rf.078449ad7e732eb14644d8b7abd99505.jpg,640,640,89506,cac92089259d5b889b899241f21cac0a,,False,
data/indian_saree/train/Pichwai/whatsapp-image-2023-09-19-at-10-28-51-pm-7-500x500_jpeg.rf.d8373b8b36d0660951a4fc5b4d663f76.jpg,,indian_patterns,train,Pichwai,whatsapp-image-2023-09-19-at-10-28-51-pm-7-500x500_jpeg.rf.d8373b8b36d0660951a4fc5b4d663f76.jpg,640,640,92362,846153890196d2c2b73edd9d02dc61c1,,False,
data/indian_saree/train/Pichwai/whatsapp-image-2023-09-19-at-10-28-51-pm-7-500x500_jpeg.rf.f778c940b0bb2a260b55ab881d12a2fa.jpg,,indian_patterns,train,Pichwai,whatsapp-image-2023-09-19-at-10-28-51-pm-7-500x500_jpeg.rf.f778c940b0bb2a260b55ab881d12a2fa.jpg,640,640,92368,8e0ea7d1d31b4ff447eae7acd2934b28,,False,
data/indian_saree/train/Pichwai/WhatsAppImage2022-07-11at6-03-03PM_jpg.rf.5919541de588b7193f94efd03be39f87.jpg,,indian_patterns,train,Pichwai,WhatsAppImage2022-07-11at6-03-03PM_jpg.rf.5919541de588b7193f94efd03be39f87.jpg,640,640,90238,dc723ba5b56c8c781f7362a6c637caae,,False,
data/indian_saree/train/Pichwai/WhatsAppImage2022-07-11at6-03-03PM_jpg.rf.5e6347246e0aa2f267956db2fd732348.jpg,,indian_patterns,train,Pichwai,WhatsAppImage2022-07-11at6-03-03PM_jpg.rf.5e6347246e0aa2f267956db2fd732348.jpg,640,640,90531,086e1b55d413d1006e9a288471dbe899,,False,
data/indian_saree/train/Pichwai/WhatsAppImage2022-07-11at6-03-03PM_jpg.rf.bda70f39ebf0829458a30f68904a2731.jpg,,indian_patterns,train,Pichwai,WhatsAppImage2022-07-11at6-03-03PM_jpg.rf.bda70f39ebf0829458a30f68904a2731.jpg,640,640,86552,ffab3e7c33fa8032bf0842409f0d1bd0,,False,
data/indian_saree/train/Pichwai/WhatsAppImage2022-07-29at11-41-25AM_2_jpg.rf.0ba70bd45bbb310892de1fbfe5daee18.jpg,,indian_patterns,train,Pichwai,WhatsAppImage2022-07-29at11-41-25AM_2_jpg.rf.0ba70bd45bbb310892de1fbfe5daee18.jpg,640,640,36993,7e41c91bc57c84beec80abe454b44a49,,False,
data/indian_saree/train/Pichwai/WhatsAppImage2022-07-29at11-41-25AM_2_jpg.rf.0e1513d2900a589311285cf5a7ded73f.jpg,,indian_patterns,train,Pichwai,WhatsAppImage2022-07-29at11-41-25AM_2_jpg.rf.0e1513d2900a589311285cf5a7ded73f.jpg,640,640,40726,70141d39c3e052adb33e24fc0edadb8f,,False,
data/indian_saree/train/Pichwai/WhatsAppImage2022-07-29at11-41-25AM_2_jpg.rf.9fca7409ff4ba96a27c8f0fa5f5eaab0.jpg,,indian_patterns,train,Pichwai,WhatsAppImage2022-07-29at11-41-25AM_2_jpg.rf.9fca7409ff4ba96a27c8f0fa5f5eaab0.jpg,640,640,36855,4acf8bd5562a8f55665282e7775540d8,,False,
data/indian_saree/train/Pichwai/WhatsAppImage2024-04-12at4-09-20PM_jpg.rf.3a11aa70c63aff86a08aac59c862573d.jpg,,indian_patterns,train,Pichwai,WhatsAppImage2024-04-12at4-09-20PM_jpg.rf.3a11aa70c63aff86a08aac59c862573d.jpg,640,640,85696,a210a950faa680731e0ded29daacf224,,False,
data/indian_saree/train/Pichwai/WhatsAppImage2024-04-12at4-09-20PM_jpg.rf.568c3b7107149b5f4b0cacda34d03277.jpg,,indian_patterns,train,Pichwai,WhatsAppImage2024-04-12at4-09-20PM_jpg.rf.568c3b7107149b5f4b0cacda34d03277.jpg,640,640,86996,716500ac3a0e252d385312889d5a8796,,False,
data/indian_saree/train/Pichwai/WhatsAppImage2024-04-12at4-09-20PM_jpg.rf.5ca351c9844802e891b01cfa40787534.jpg,,indian_patterns,train,Pichwai,WhatsAppImage2024-04-12at4-09-20PM_jpg.rf.5ca351c9844802e891b01cfa40787534.jpg,640,640,88634,06557c8e32f6d0738eedf1a67e152261,,False,
data/indian_saree/valid/Banarasi/11riHqkHpGieS5q4-dyczErNPTIqoCZW_jpg.rf.e5b80a072f5cce466cdf3258296ee54e.jpg,,indian_patterns,valid,Banarasi,11riHqkHpGieS5q4-dyczErNPTIqoCZW_jpg.rf.e5b80a072f5cce466cdf3258296ee54e.jpg,640,640,43167,f4a7cf0c8f6737361d5d263918cb8631,,False,
data/indian_saree/valid/Banarasi/1jh1AIS070IZ9hQSX_hOCBRbMrxh5Rmb4_jpg.rf.56f993396da8ef47cd02c5a810e799a0.jpg,,indian_patterns,valid,Banarasi,1jh1AIS070IZ9hQSX_hOCBRbMrxh5Rmb4_jpg.rf.56f993396da8ef47cd02c5a810e799a0.jpg,640,640,52024,2599ef5efdeddef09ff8a9fafd2199de,,False,
data/indian_saree/valid/Banarasi/634d1e8e4d1ed87e5911523d-craftyart-dark-green-brocade-silk-fabric_jpg.rf.453cc5c0c2054dcfe504d1f006f31b5d.jpg,,indian_patterns,valid,Banarasi,634d1e8e4d1ed87e5911523d-craftyart-dark-green-brocade-silk-fabric_jpg.rf.453cc5c0c2054dcfe504d1f006f31b5d.jpg,640,640,163260,d69b5dcae36588d59437eec7d23c48e2,green,False,
data/indian_saree/valid/Banarasi/banarasi-silk-fabric-1_jpg.rf.cf7432d3b3e2eb38ff3bbd21b12aab9a.jpg,,indian_patterns,valid,Banarasi,banarasi-silk-fabric-1_jpg.rf.cf7432d3b3e2eb38ff3bbd21b12aab9a.jpg,640,640,66779,9ac46ea9646e5172d2c2b6371cab3714,,False,
data/indian_saree/valid/Banarasi/CTH-111_1_-NEW-Chinaya-Banaarsi-Silk-fabric_jpg.rf.fed9bf0735a20092ededc1fb15c5e406.jpg,,indian_patterns,valid,Banarasi,CTH-111_1_-NEW-Chinaya-Banaarsi-Silk-fabric_jpg.rf.fed9bf0735a20092ededc1fb15c5e406.jpg,640,640,91773,6776ca4a9289934b0e123fffc66e4e50,,False,
data/indian_saree/valid/Banarasi/IF1B1HM123050602_Pink_Banarasi_Silk_Fabric_jpg.rf.cfb3c7cd97909675586b9321f0e135d3.jpg,,indian_patterns,valid,Banarasi,IF1B1HM123050602_Pink_Banarasi_Silk_Fabric_jpg.rf.cfb3c7cd97909675586b9321f0e135d3.jpg,640,640,77906,7606eb6b0815617e86b479f6cb8b026c,pink,False,
data/indian_saree/valid/Banarasi/image12_jpeg.rf.71e06167bc0b0419fb761a21c864f195.jpg,,indian_patterns,valid,Banarasi,image12_jpeg.rf.71e06167bc0b0419fb761a21c864f195.jpg,640,640,66551,84f03f7d2e7aad34cbb8ef46afdeb6f8,,False,
data/indian_saree/valid/Banarasi/image16_jpeg.rf.889cd72042747bcc50ba15e9f2070cec.jpg,,indian_patterns,valid,Banarasi,image16_jpeg.rf.889cd72042747bcc50ba15e9f2070cec.jpg,640,640,55644,3be8e5647c4d4daa002c8a17d47d6adb,,False,
data/indian_saree/valid/Banarasi/image27_jpeg.rf.4a6a343b13322af1fe1209da18514265.jpg,,indian_patterns,valid,Banarasi,image27_jpeg.rf.4a6a343b13322af1fe1209da18514265.jpg,640,640,102404,48672343c18d4b274f37cad07c27a72b,,False,
data/indian_saree/valid/Banarasi/image3_jpeg.rf.8f97d571ccb49620cbb8aa99aff96631.jpg,,indian_patterns,valid,Banarasi,image3_jpeg.rf.8f97d571ccb49620cbb8aa99aff96631.jpg,640,640,71145,0ae2841634a06b52989c777bf9aea8aa,,False,
data/indian_saree/valid/Banarasi/image_debfd6b2-0e78-4def-9bb0-8171df052c9b_jpg.rf.4fa0cfe891f6dbfe2cd442e44223a1e4.jpg,,indian_patterns,valid,Banarasi,image_debfd6b2-0e78-4def-9bb0-8171df052c9b_jpg.rf.4fa0cfe891f6dbfe2cd442e44223a1e4.jpg,640,640,77073,c0ce3d12f78018b09e5cef8f9c77a750,,False,
data/indian_saree/valid/Banarasi/images111_jpg.rf.bfa03bfb2c97b61f105b61992813f494.jpg,,indian_patterns,valid,Banarasi,images111_jpg.rf.bfa03bfb2c97b61f105b61992813f494.jpg,640,640,98971,d996dd49b83975ea31ca781816647967,,False,
data/indian_saree/valid/Banarasi/images117_jpg.rf.7d38bea6af5f6cec8960e018f03ab184.jpg,,indian_patterns,valid,Banarasi,images117_jpg.rf.7d38bea6af5f6cec8960e018f03ab184.jpg,640,640,56987,c79a535528d55b305818969acf5cec71,,False,
data/indian_saree/valid/Banarasi/images119_jpg.rf.67c7f20618faecd322a604151a61cb29.jpg,,indian_patterns,valid,Banarasi,images119_jpg.rf.67c7f20618faecd322a604151a61cb29.jpg,640,640,86429,dfc4fff9e85b1adf7209f85fb447afa8,,False,
data/indian_saree/valid/Banarasi/images12_jpg.rf.cc5738194c977dc13aea5388b43a5b61.jpg,,indian_patterns,valid,Banarasi,images12_jpg.rf.cc5738194c977dc13aea5388b43a5b61.jpg,640,640,79272,83db39b876f61cacdba0506c471bd82c,,False,
data/indian_saree/valid/Banarasi/images138_jpg.rf.0532a3771bb1b61fa0b473388efbe1cc.jpg,,indian_patterns,valid,Banarasi,images138_jpg.rf.0532a3771bb1b61fa0b473388efbe1cc.jpg,640,640,93684,fdd035c173ad8aae377bbab7271d1070,,False,
data/indian_saree/valid/Banarasi/images141_jpg.rf.61bed5f166a9d3476dc20ac4f4f30d09.jpg,,indian_patterns,valid,Banarasi,images141_jpg.rf.61bed5f166a9d3476dc20ac4f4f30d09.jpg,640,640,48797,e4748b9c037bd32eaf7ef480bd1b05aa,,False,
data/indian_saree/valid/Banarasi/images142_jpg.rf.bbbec6ce70a0941c05f7b553dfc851f3.jpg,,indian_patterns,valid,Banarasi,images142_jpg.rf.bbbec6ce70a0941c05f7b553dfc851f3.jpg,640,640,48888,6e8d28e556a6ed812d447d0af514a904,,False,
data/indian_saree/valid/Banarasi/images149_jpg.rf.5905e4ca06f078d7bd69ba8d05d4d52c.jpg,,indian_patterns,valid,Banarasi,images149_jpg.rf.5905e4ca06f078d7bd69ba8d05d4d52c.jpg,640,640,62736,b6d39d4522f271bf08cc116e522ae4dd,,False,
data/indian_saree/valid/Banarasi/images14_jpg.rf.cd962a7324af2f2c7e0d5277e21769fa.jpg,,indian_patterns,valid,Banarasi,images14_jpg.rf.cd962a7324af2f2c7e0d5277e21769fa.jpg,640,640,91757,b883680315f6837f6181067ad98f660c,,False,
data/indian_saree/valid/Banarasi/images151_jpg.rf.393c9275148fb0b7e029cc459d834ac2.jpg,,indian_patterns,valid,Banarasi,images151_jpg.rf.393c9275148fb0b7e029cc459d834ac2.jpg,640,640,81470,2378a4b63d3075626296ab5af1eaa008,,False,
data/indian_saree/valid/Banarasi/images154_jpg.rf.b674514d7e50547d165575196b3a0bf8.jpg,,indian_patterns,valid,Banarasi,images154_jpg.rf.b674514d7e50547d165575196b3a0bf8.jpg,640,640,61693,8fbbfefefccbd71d459d88d5e856e057,,False,
data/indian_saree/valid/Banarasi/images162_jpg.rf.9d2e28a2072083e15810a99dabe7246c.jpg,,indian_patterns,valid,Banarasi,images162_jpg.rf.9d2e28a2072083e15810a99dabe7246c.jpg,640,640,83830,fbba8fcb4dcd3bab568c576bd13570d9,,False,
data/indian_saree/valid/Banarasi/images164_jpg.rf.c0eeb4152628c1ff26471b3ec654e1bf.jpg,,indian_patterns,valid,Banarasi,images164_jpg.rf.c0eeb4152628c1ff26471b3ec654e1bf.jpg,640,640,122917,109bc0bd53cb6fbf03b8ac55df661b03,,False,
data/indian_saree/valid/Banarasi/images167_jpg.rf.5ce0cd0c83a0d1344a1900b32a42dd41.jpg,,indian_patterns,valid,Banarasi,images167_jpg.rf.5ce0cd0c83a0d1344a1900b32a42dd41.jpg,640,640,76455,6d3ae21e71118a001910a55958b659bc,,False,
data/indian_saree/valid/Banarasi/images168_jpg.rf.d64adabba8f41b5f3ab9878d33be6474.jpg,,indian_patterns,valid,Banarasi,images168_jpg.rf.d64adabba8f41b5f3ab9878d33be6474.jpg,640,640,41609,292743f31c77cd1b5e708944be39fc80,,False,
data/indian_saree/valid/Banarasi/images172_jpg.rf.df69457214f062fabc3abc88494e8725.jpg,,indian_patterns,valid,Banarasi,images172_jpg.rf.df69457214f062fabc3abc88494e8725.jpg,640,640,65974,4217a7beed01414da482e981b456ff85,,False,
data/indian_saree/valid/Banarasi/images177_jpg.rf.4a5995be229a36b52d0c75382decde76.jpg,,indian_patterns,valid,Banarasi,images177_jpg.rf.4a5995be229a36b52d0c75382decde76.jpg,640,640,80844,dfaee81469da8981ac8fbb628ff3acaa,,False,
data/indian_saree/valid/Banarasi/images23_jpg.rf.bfc30ebf3000e395255d548f9653f456.jpg,,indian_patterns,valid,Banarasi,images23_jpg.rf.bfc30ebf3000e395255d548f9653f456.jpg,640,640,55011,c66bab98be240c269e750da63b4b74eb,,False,
data/indian_saree/valid/Banarasi/images24_jpg.rf.adfafcd328bbb5d8f044123023f8c14f.jpg,,indian_patterns,valid,Banarasi,images24_jpg.rf.adfafcd328bbb5d8f044123023f8c14f.jpg,640,640,35569,6cf8013f6c03065381b9b0fbbd7ea332,,False,
data/indian_saree/valid/Banarasi/images29_jpg.rf.5eddd70104f847e7469df48943649f6e.jpg,,indian_patterns,valid,Banarasi,images29_jpg.rf.5eddd70104f847e7469df48943649f6e.jpg,640,640,64508,20f4496b5e2ef9bbf4b17d0cb0b4a155,,False,
data/indian_saree/valid/Banarasi/images35_jpg.rf.f3b86625148d299717ad75482f9dfb1c.jpg,,indian_patterns,valid,Banarasi,images35_jpg.rf.f3b86625148d299717ad75482f9dfb1c.jpg,640,640,97341,6084146754f498f1f80a740ca3c4333b,,False,
data/indian_saree/valid/Banarasi/images52_jpg.rf.aab1250c2d5ec4b92dd77ffa972d7704.jpg,,indian_patterns,valid,Banarasi,images52_jpg.rf.aab1250c2d5ec4b92dd77ffa972d7704.jpg,640,640,58735,61be536de7a73e35ac62e13a2614d184,,False,
data/indian_saree/valid/Banarasi/images79_jpg.rf.c7f929ae0bb918bb862314258c21b0c9.jpg,,indian_patterns,valid,Banarasi,images79_jpg.rf.c7f929ae0bb918bb862314258c21b0c9.jpg,640,640,42087,df24ffd3e8cd47cab2f069794ff6b623,,False,
data/indian_saree/valid/Banarasi/images7_jpg.rf.548124a6f72034f6d9d68a5ee7a0ec38.jpg,,indian_patterns,valid,Banarasi,images7_jpg.rf.548124a6f72034f6d9d68a5ee7a0ec38.jpg,640,640,55690,32e51406c0752fdee41ffd61a8ec360b,,False,
data/indian_saree/valid/Banarasi/images87_jpg.rf.aa2bb6e30cfefab66a17289cf530ab89.jpg,,indian_patterns,valid,Banarasi,images87_jpg.rf.aa2bb6e30cfefab66a17289cf530ab89.jpg,640,640,41314,37db2073419ca5e17fe52ce7535aba9b,,False,
data/indian_saree/valid/Banarasi/images98_jpg.rf.6b4261ae357402814724db22351a5d6c.jpg,,indian_patterns,valid,Banarasi,images98_jpg.rf.6b4261ae357402814724db22351a5d6c.jpg,640,640,95352,7563d7aebf5bef72ba13cb1fd38d6d90,,False,
data/indian_saree/valid/Banarasi/sf40472-saroj-fabrics-banarasi-silk-fabric_jpg.rf.7af36d20bc38f3bfaf9407738e8952ae.jpg,,indian_patterns,valid,Banarasi,sf40472-saroj-fabrics-banarasi-silk-fabric_jpg.rf.7af36d20bc38f3bfaf9407738e8952ae.jpg,640,640,101155,45060ba3918763f0c524321e39f71a86,,False,
data/indian_saree/valid/Banarasi/sf40591-saroj-fabrics-purple-banarasi-fabric_jpg.rf.6b957a97b0a54040be58466620a96d47.jpg,,indian_patterns,valid,Banarasi,sf40591-saroj-fabrics-purple-banarasi-fabric_jpg.rf.6b957a97b0a54040be58466620a96d47.jpg,640,640,84222,6b481ff220e51caa44aa2087d9a504af,purple,False,
data/indian_saree/valid/Banarasi/sfj48226_jpg.rf.d88f630e918c908c1736287209d03754.jpg,,indian_patterns,valid,Banarasi,sfj48226_jpg.rf.d88f630e918c908c1736287209d03754.jpg,640,640,68823,847e5cedc074f8f26056e9bee3a7d5f4,,False,
data/indian_saree/valid/Banarasi/T285-PureSoftSatinShikargahFabricRed-3709_1200x_jpg.rf.0f1380d4b049b92aafc6c0aeb585f094.jpg,,indian_patterns,valid,Banarasi,T285-PureSoftSatinShikargahFabricRed-3709_1200x_jpg.rf.0f1380d4b049b92aafc6c0aeb585f094.jpg,640,640,130679,c1c9b9478ce9d77c7e74cbc8eb628374,red,False,
data/indian_saree/valid/Banarasi/T362-PureKatanSilkBanarasiHandloomFabricThaanYardageYellow-766_1200x_jpg.rf.8d98ce8fa0cb03ddcb6621ba69add980.jpg,,indian_patterns,valid,Banarasi,T362-PureKatanSilkBanarasiHandloomFabricThaanYardageYellow-766_1200x_jpg.rf.8d98ce8fa0cb03ddcb6621ba69add980.jpg,640,640,129013,02375ef58ccfa9b57a4db6a7998b0c9e,yellow,False,
data/indian_saree/valid/Banarasi/X2A4519_321be3c6-86a5-40a0-b208-6183f2290c91_jpg.rf.a5fe3966dcd7917a759342797b9ca3a8.jpg,,indian_patterns,valid,Banarasi,X2A4519_321be3c6-86a5-40a0-b208-6183f2290c91_jpg.rf.a5fe3966dcd7917a759342797b9ca3a8.jpg,640,640,120660,8adc5afc5f0850b954b6000d9874b53d,,False,
data/indian_saree/valid/Bandhani/17003301_jpg.rf.dc1c07731a4ece3345839e02ebcccaed.jpg,,indian_patterns,valid,Bandhani,17003301_jpg.rf.dc1c07731a4ece3345839e02ebcccaed.jpg,640,640,106439,6403a750a34a6f6d50e7bf2be47cb4fa,,False,
data/indian_saree/valid/Bandhani/20211105_153147-640x640_jpg.rf.0bc30ced4bf81c9a288823eb700f7c88.jpg,,indian_patterns,valid,Bandhani,20211105_153147-640x640_jpg.rf.0bc30ced4bf81c9a288823eb700f7c88.jpg,640,640,76005,c1d615b76fc685478f815671871b0614,,False,
data/indian_saree/valid/Bandhani/31001385-A_jpg.rf.1f4ce34273ee0d9dddf8afbb7f0f3ae1.jpg,,indian_patterns,valid,Bandhani,31001385-A_jpg.rf.1f4ce34273ee0d9dddf8afbb7f0f3ae1.jpg,640,640,74280,9b62a1c251a001889c98b70e9b20a3c9,,False,
data/indian_saree/valid/Bandhani/31006948-A_641a9e6a-9bdd-4394-8bd7-5a1b221f87e4_jpg.rf.7eeb7f2bc46c83c1c093cbb061b755cf.jpg,,indian_patterns,valid,Bandhani,31006948-A_641a9e6a-9bdd-4394-8bd7-5a1b221f87e4_jpg.rf.7eeb7f2bc46c83c1c093cbb061b755cf.jpg,640,640,48878,109639191e9870075926ea1ad03116ea,,False,
data/indian_saree/valid/Bandhani/3369331327_jpg.rf.2cfc4e986a41ef45113d9c059674ce75.jpg,,indian_patterns,valid,Bandhani,3369331327_jpg.rf.2cfc4e986a41ef45113d9c059674ce75.jpg,640,640,116046,d04b40c557b2fa2ca10844b759108cac,,False,
data/indian_saree/valid/Bandhani/all-you-need-to-know-about-bandhani-peachmode_jpg.rf.1b09fe382fe7dea0003032eb14d55165.jpg,,indian_patterns,valid,Bandhani,all-you-need-to-know-about-bandhani-peachmode_jpg.rf.1b09fe382fe7dea0003032eb14d55165.jpg,640,640,132655,221e681bc5b38070e08e03245fe50d9e,,False,
data/indian_saree/valid/Bandhani/BH-1_a__result_jpg.rf.6b5778db028637783a47c272aaffd742.jpg,,indian_patterns,valid,Bandhani,BH-1_a__result_jpg.rf.6b5778db028637783a47c272aaffd742.jpg,640,640,66110,c162db35c26723898c041e1381bd2b36,,False,
data/indian_saree/valid/Bandhani/DN-1015-1_921d9151-9a55-48a2-acbc-753a348b9609_jpg.rf.ff238411cf444b79ed5a8b96a8223a45.jpg,,indian_patterns,valid,Bandhani,DN-1015-1_921d9151-9a55-48a2-acbc-753a348b9609_jpg.rf.ff238411cf444b79ed5a8b96a8223a45.jpg,640,640,89842,59bde4c15fa64ef740fef5c894c10eb5,,False,
data/indian_saree/valid/Bandhani/IG_00829_eff47dcc-f42e-4b12-93e9-ff0baf07302c_jpg.rf.1f959ac57c5d571dc24e38a229ceabc5.jpg,,indian_patterns,valid,Bandhani,IG_00829_eff47dcc-f42e-4b12-93e9-ff0baf07302c_jpg.rf.1f959ac57c5d571dc24e38a229ceabc5.jpg,640,640,67659,722236d52efdf503ce0f56d5762c71d5,,False,
data/indian_saree/valid/Bandhani/image21_jpeg.rf.603a0a8b191b9df7105e4cb01083f32b.jpg,,indian_patterns,valid,Bandhani,image21_jpeg.rf.603a0a8b191b9df7105e4cb01083f32b.jpg,640,640,83128,4d63ce64fc156dc35b0e469e011a16b7,,False,
data/indian_saree/valid/Bandhani/image22_jpeg.rf.c8d7a449a34c80700eb00717ebff73c0.jpg,,indian_patterns,valid,Bandhani,image22_jpeg.rf.c8d7a449a34c80700eb00717ebff73c0.jpg,640,640,112357,8fddbc469f9eb42b21f82f7c835fda16,,False,
data/indian_saree/valid/Bandhani/image_jpeg.rf.17ea2df4e7afac80ab46163ec7a9f8f2.jpg,,indian_patterns,valid,Bandhani,image_jpeg.rf.17ea2df4e7afac80ab46163ec7a9f8f2.jpg,640,640,101564,d46893049bbe1ea8eacc816c949da2dd,,False,
data/indian_saree/valid/Bandhani/images3_jpg.rf.d1a7c970fcbf5ba877d0e55aa801f958.jpg,,indian_patterns,valid,Bandhani,images3_jpg.rf.d1a7c970fcbf5ba877d0e55aa801f958.jpg,640,640,106394,ca579d23312bc783903c356e31d4738b,,False,
data/indian_saree/valid/Bandhani/maroon-bandhani-pure-gajji-silk-fabric-1-mtr-117906_jpg.rf.3d16d979511b7b9eec15ffe800083746.jpg,,indian_patterns,valid,Bandhani,maroon-bandhani-pure-gajji-silk-fabric-1-mtr-117906_jpg.rf.3d16d979511b7b9eec15ffe800083746.jpg,640,640,85663,a6eb3521417397d31a855d9ae328e911,maroon,False,
data/indian_saree/valid/Bandhani/maroon-bandhani-pure-gajji-silk-fabric-1-mtr-963034_jpg.rf.d66864d1e8adb15b60deccf1bf369a18.jpg,,indian_patterns,valid,Bandhani,maroon-bandhani-pure-gajji-silk-fabric-1-mtr-963034_jpg.rf.d66864d1e8adb15b60deccf1bf369a18.jpg,640,640,67192,061afc319e34e1942d93e3bb9aa8ac89,maroon,False,
data/indian_saree/valid/Bandhani/pr-pg-0-ta08268p-110-attractive-seamless-bandhani-digital-printed-fabric-pure-georgette-1_jpg.rf.9aacdf02af64c1c85c3fd5aa374af13d.jpg,,indian_patterns,valid,Bandhani,pr-pg-0-ta08268p-110-attractive-seamless-bandhani-digital-printed-fabric-pure-georgette-1_jpg.rf.9aacdf02af64c1c85c3fd5aa374af13d.jpg,640,640,130818,0dc89e6ca41e3b4a3b3d1dbd6c5b5089,,False,
data/indian_saree/valid/Bandhani/product-jpeg-500x500_jpg.rf.e372d62bb2ed7e7d711349030b2eb918.jpg,,indian_patterns,valid,Bandhani,product-jpeg-500x500_jpg.rf.e372d62bb2ed7e7d711349030b2eb918.jpg,640,640,84281,0fddc134a13afdad73ebd3d6ddaa694e,,False,
data/indian_saree/valid/Bandhani/raw-silk-bandhani-print-fabric-red-m-foks-1_webp.rf.11e65c45126600241fd51bea388c3f9c.jpg,,indian_patterns,valid,Bandhani,raw-silk-bandhani-print-fabric-red-m-foks-1_webp.rf.11e65c45126600241fd51bea388c3f9c.jpg,640,640,74782,935940b2cbe75835845686997559276a,red,False,
data/indian_saree/valid/Bandhani/raw-silk-bandhani-print-fabric-red-m-foks-3_webp.rf.b3f5838ec2980a00df6f78a50634f143.jpg,,indian_patterns,valid,Bandhani,raw-silk-bandhani-print-fabric-red-m-foks-3_webp.rf.b3f5838ec2980a00df6f78a50634f143.jpg,640,640,85929,ae4b84df211371f087e754c0631b26fe,red,False,
data/indian_saree/valid/Bandhani/RFTCOM120_jpg.rf.3ddb5a4b99a0c4baa5d2df3e9213221a.jpg,,indian_patterns,valid,Bandhani,RFTCOM120_jpg.rf.3ddb5a4b99a0c4baa5d2df3e9213221a.jpg,640,640,83359,39756e639b50cb42063e5c3c7fa6aada,,False,
data/indian_saree/valid/Bandhani/seamless-decorative-geometric-patoda-bandhani-600nw-1874534062_jpg.rf.b685d132e9a806069c48086a2bcc223d.jpg,,indian_patterns,valid,Bandhani,seamless-decorative-geometric-patoda-bandhani-600nw-1874534062_jpg.rf.b685d132e9a806069c48086a2bcc223d.jpg,640,640,157889,a68c0b8f55c223739c1f63c03da63a26,,False,
data/indian_saree/valid/Bandhani/white-and-yellow-bandhani-print-on-red-kota-doria-fabric-635547_jpg.rf.f7fefce0320c4e0ed3f1724016fc0171.jpg,,indian_patterns,valid,Bandhani,white-and-yellow-bandhani-print-on-red-kota-doria-fabric-635547_jpg.rf.f7fefce0320c4e0ed3f1724016fc0171.jpg,640,640,135599,b5bd52b875c47c61e56c19e928dbc05a,"red,white,yellow",False,
data/indian_saree/valid/Ikat/-473Wx593H-469483202-multi-MODEL_jpg.rf.f8191965d828eab6184d763981fbeed8.jpg,,indian_patterns,valid,Ikat,-473Wx593H-469483202-multi-MODEL_jpg.rf.f8191965d828eab6184d763981fbeed8.jpg,640,640,77846,f815144fce1bcce8dfb39d20ad40c013,,False,
data/indian_saree/valid/Ikat/52f8e176-412e-480c-a05a-6836a969400b_jpg.rf.ffd935c5c37cb985ab6db48694488a10.jpg,,indian_patterns,valid,Ikat,52f8e176-412e-480c-a05a-6836a969400b_jpg.rf.ffd935c5c37cb985ab6db48694488a10.jpg,640,640,61557,4693d07bce89995e61948993fa7492da,,False,
data/indian_saree/valid/Ikat/81849CP8LNL-_AC_UF10001000_QL80__jpg.rf.0b82cb725dca143a422f42b8fb723e9d.jpg,,indian_patterns,valid,Ikat,81849CP8LNL-_AC_UF10001000_QL80__jpg.rf.0b82cb725dca143a422f42b8fb723e9d.jpg,640,640,56125,d456fd9a932a003abc4832831da27644,,False,
data/indian_saree/valid/Ikat/black-pochampally-ikat-cotton-handloom-fabric-with-buta-design-f0118-12917465940047_jpg.rf.46493347c67f40e0a06a1e1e15a2cc6b.jpg,,indian_patterns,valid,Ikat,black-pochampally-ikat-cotton-handloom-fabric-with-buta-design-f0118-12917465940047_jpg.rf.46493347c67f40e0a06a1e1e15a2cc6b.jpg,640,640,103388,71810cb5d64dfd7845ddc3052b1f4de6,black,False,
data/indian_saree/valid/Ikat/dbf866c3-638b-495e-ab8e-284c2ef73587_jpg.rf.f6ab788fd3d1110add17205d89f3fc9d.jpg,,indian_patterns,valid,Ikat,dbf866c3-638b-495e-ab8e-284c2ef73587_jpg.rf.f6ab788fd3d1110add17205d89f3fc9d.jpg,640,640,73236,75a68c672f9a6a5c64795cd6205fb4fe,,False,
data/indian_saree/valid/Ikat/F-IKCT0803-A_jpg.rf.7ceeece8c27887bff5486334885d2b95.jpg,,indian_patterns,valid,Ikat,F-IKCT0803-A_jpg.rf.7ceeece8c27887bff5486334885d2b95.jpg,640,640,69813,0afc1e86ed2cb8ce46396cf39c081cd9,,False,
data/indian_saree/valid/Ikat/gcgbhcofba0211__5_jpg.rf.2436aa61e63ee632cd80fe5639b0662c.jpg,,indian_patterns,valid,Ikat,gcgbhcofba0211__5_jpg.rf.2436aa61e63ee632cd80fe5639b0662c.jpg,640,640,99351,ef2e20e7c3791c0a324840cfc0d04ad7,,False,
data/indian_saree/valid/Ikat/gsosaincofb250-_285_29_jpg.rf.949b1ffeec6eca390cde64f03e7eba64.jpg,,indian_patterns,valid,Ikat,gsosaincofb250-_285_29_jpg.rf.949b1ffeec6eca390cde64f03e7eba64.jpg,640,640,126153,c2979310c891c551f4d53941ddea9e2f,,False,
data/indian_saree/valid/Ikat/gsosaincofb254-_285_29_jpg.rf.005f625a2572b300b68e39e83e2622a8.jpg,,indian_patterns,valid,Ikat,gsosaincofb254-_285_29_jpg.rf.005f625a2572b300b68e39e83e2622a8.jpg,640,640,82646,54d348ad34491e4683d90594ebf55b71,,False,
data/indian_saree/valid/Ikat/image16_jpeg.rf.35c7f56927c1de8f0875d69b4e5a7dc7.jpg,,indian_patterns,valid,Ikat,image16_jpeg.rf.35c7f56927c1de8f0875d69b4e5a7dc7.jpg,640,640,46902,c88c341d39ab31782b90bb5bb312dcbb,,False,
data/indian_saree/valid/Ikat/image18_jpeg.rf.a97c860bd0bc51ef8a4b70849c6ae785.jpg,,indian_patterns,valid,Ikat,image18_jpeg.rf.a97c860bd0bc51ef8a4b70849c6ae785.jpg,640,640,53684,a0b91e0223aa8cd6babfefff250cd55d,,False,
data/indian_saree/valid/Ikat/image3_jpeg.rf.992bb4c39252ef71d8c58e5427e2871c.jpg,,indian_patterns,valid,Ikat,image3_jpeg.rf.992bb4c39252ef71d8c58e5427e2871c.jpg,640,640,39538,f94c374400c36f492a2696534d755551,,False,
data/indian_saree/valid/Ikat/image7_jpeg.rf.93a740762162b566353f279a64c1370a.jpg,,indian_patterns,valid,Ikat,image7_jpeg.rf.93a740762162b566353f279a64c1370a.jpg,640,640,54193,2098bcc81a289f3629c77b53e1dd46d9,,False,
data/indian_saree/valid/Ikat/images12_jpg.rf.587d1b7c883bcd6e50dfaabe171b62b7.jpg,,indian_patterns,valid,Ikat,images12_jpg.rf.587d1b7c883bcd6e50dfaabe171b62b7.jpg,640,640,32518,17a924a4d706102b70e2071c55ae4271,,False,
data/indian_saree/valid/Ikat/images16_jpg.rf.b1559f6bd09134db8387e05bcf7194fc.jpg,,indian_patterns,valid,Ikat,images16_jpg.rf.b1559f6bd09134db8387e05bcf7194fc.jpg,640,640,51765,5b6d0a01f8b0acf1594b4094333c402f,,False,
data/indian_saree/valid/Ikat/images26_jpg.rf.44b13ea354cfc1d51eb3070e585acafd.jpg,,indian_patterns,valid,Ikat,images26_jpg.rf.44b13ea354cfc1d51eb3070e585acafd.jpg,640,640,31490,39836eabbe8164855a8091402cfde943,,False,
data/indian_saree/valid/Ikat/images27_jpg.rf.494e8841fc06959d66550d0f81ec1d29.jpg,,indian_patterns,valid,Ikat,images27_jpg.rf.494e8841fc06959d66550d0f81ec1d29.jpg,640,640,72445,553440f02f8b02176913400b4927b41b,,False,
data/indian_saree/valid/Ikat/images31_jpg.rf.cc41d2af1c2551646cc984cff771d9bc.jpg,,indian_patterns,valid,Ikat,images31_jpg.rf.cc41d2af1c2551646cc984cff771d9bc.jpg,640,640,42277,8b58abc17d5d5788596c395a15fb7f6b,,False,
data/indian_saree/valid/Ikat/images33_jpg.rf.4f0a0a90ee7f0ee1d1d3d8f81a1b6ac4.jpg,,indian_patterns,valid,Ikat,images33_jpg.rf.4f0a0a90ee7f0ee1d1d3d8f81a1b6ac4.jpg,640,640,70574,ed03b41d526d9705a14cb5716eef20a0,,False,
data/indian_saree/valid/Ikat/images9_jpg.rf.625a2a99393ccba2cafab1b60a1e1bb6.jpg,,indian_patterns,valid,Ikat,images9_jpg.rf.625a2a99393ccba2cafab1b60a1e1bb6.jpg,640,640,66242,4a2d5d3ebf7649c82c4483cc7a902b2f,,False,
data/indian_saree/valid/Ikat/pochampally-ikat-cotton-fabric_jpg.rf.7bc687ab0462098d179345aed335f133.jpg,,indian_patterns,valid,Ikat,pochampally-ikat-cotton-fabric_jpg.rf.7bc687ab0462098d179345aed335f133.jpg,640,640,84382,afd3d2856b8a983a8446c7f5a0652339,,False,
data/indian_saree/valid/Ikat/pochampally-ikat-cotton-green-color-fabric-pochampallysarees-com_jpg.rf.51c77e1843f6b2df322f0d51f851d9a0.jpg,,indian_patterns,valid,Ikat,pochampally-ikat-cotton-green-color-fabric-pochampallysarees-com_jpg.rf.51c77e1843f6b2df322f0d51f851d9a0.jpg,640,640,75545,152986a404d2b3fbeca0452eab27d506,green,False,
data/indian_saree/valid/Ikat/pochampally-ikat-dress-fabric-742_jpg.rf.ae40965664cdcc44e21bc942f7734540.jpg,,indian_patterns,valid,Ikat,pochampally-ikat-dress-fabric-742_jpg.rf.ae40965664cdcc44e21bc942f7734540.jpg,640,640,44026,da372783e219ad973c50317d8bf081fc,,False,
data/indian_saree/valid/Ikat/pochampally-ikkat-raw-silk_jpeg.rf.d5543cc323cb98f103ac64b655c26c8b.jpg,,indian_patterns,valid,Ikat,pochampally-ikkat-raw-silk_jpeg.rf.d5543cc323cb98f103ac64b655c26c8b.jpg,640,640,72233,0c5a7c458ff80ff7e0f591f3d22a5163,,False,
data/indian_saree/valid/Ikat/s1240101h1_grande_jpg.rf.cb30f0724ff0b1426489126821b5dad8.jpg,,indian_patterns,valid,Ikat,s1240101h1_grande_jpg.rf.cb30f0724ff0b1426489126821b5dad8.jpg,640,640,122791,d1dfadbab5d5b8aaecd6838f0a2825dd,,False,
data/indian_saree/valid/Ikat/X2A6361_c4565d6d-af05-4cc5-ae67-de975c9e6a74_jpg.rf.9f8cf98ae5cd7b99e4368fa3f708cae2.jpg,,indian_patterns,valid,Ikat,X2A6361_c4565d6d-af05-4cc5-ae67-de975c9e6a74_jpg.rf.9f8cf98ae5cd7b99e4368fa3f708cae2.jpg,640,640,30607,4b4abebcf15f66440b9040ed964e505d,,False,
data/indian_saree/valid/Pichwai/-wall-decor-blue-6-inch-product-images-orvhtikoavh-p604001006-2-202308211414_jpg.rf.d1e70fa5bad42818fcea663eb75a7c31.jpg,,indian_patterns,valid,Pichwai,-wall-decor-blue-6-inch-product-images-orvhtikoavh-p604001006-2-202308211414_jpg.rf.d1e70fa5bad42818fcea663eb75a7c31.jpg,640,640,156406,99f3a2e5bed39b6f5e7ab29d9af526dd,blue,False,
data/indian_saree/valid/Pichwai/116_webp.rf.423160b35801b4353b664a8fcc5308d8.jpg,,indian_patterns,valid,Pichwai,116_webp.rf.423160b35801b4353b664a8fcc5308d8.jpg,640,640,69861,6d9427d20b1d93d6fcc43f77acb18e4a,,False,
data/indian_saree/valid/Pichwai/22003347-Scale_jpg.rf.8491286f3e17233df9c53454da1a8c8f.jpg,,indian_patterns,valid,Pichwai,22003347-Scale_jpg.rf.8491286f3e17233df9c53454da1a8c8f.jpg,640,640,76315,199d609781efd95807d8f8b16c09c94a,,False,
data/indian_saree/valid/Pichwai/474313-a_3f7365a0-1b40-4d34-9c30-a8224a28f940_jpg.rf.3908cb7a677a110343cd0ff276413852.jpg,,indian_patterns,valid,Pichwai,474313-a_3f7365a0-1b40-4d34-9c30-a8224a28f940_jpg.rf.3908cb7a677a110343cd0ff276413852.jpg,640,640,61779,aa584cdaa73af42fe77032abf76e1ab1,,False,
data/indian_saree/valid/Pichwai/71do3N9iLXL-_AC_UF10001000_QL80__jpg.rf.7e65a4211430a8c4a2770c83ddc24508.jpg,,indian_patterns,valid,Pichwai,71do3N9iLXL-_AC_UF10001000_QL80__jpg.rf.7e65a4211430a8c4a2770c83ddc24508.jpg,640,640,70514,43fefc5c9d43249ab39003581ecb7a37,,False,
data/indian_saree/valid/Pichwai/94235-3-401_jpg.rf.ed0cb5a1022b45db49f5338cde3a58f2.jpg,,indian_patterns,valid,Pichwai,94235-3-401_jpg.rf.ed0cb5a1022b45db49f5338cde3a58f2.jpg,640,640,79813,32ac930c793462bda90e9905640180b2,,False,
data/indian_saree/valid/Pichwai/decorative-fabric_jpg.rf.faebd093bb0a7e40fd7ac84c1b254dde.jpg,,indian_patterns,valid,Pichwai,decorative-fabric_jpg.rf.faebd093bb0a7e40fd7ac84c1b254dde.jpg,640,640,106742,d3a95350cce4b8bd927913177344cdc3,,False,
data/indian_saree/valid/Pichwai/eig7q_512_webp.rf.2dfc1e8d10bf00012dc57816b8540945.jpg,,indian_patterns,valid,Pichwai,eig7q_512_webp.rf.2dfc1e8d10bf00012dc57816b8540945.jpg,640,640,78556,495cb3b7cec1a8caa78a22dd069ba754,,False,
data/indian_saree/valid/Pichwai/IF1K1RD424012504_Pastel_Digital_Printed_Pichwai_Tussar_Silk_Fabric_jpg.rf.b8766566fc965fb19f25760e30834f5c.jpg,,indian_patterns,valid,Pichwai,IF1K1RD424012504_Pastel_Digital_Printed_Pichwai_Tussar_Silk_Fabric_jpg.rf.b8766566fc965fb19f25760e30834f5c.jpg,640,640,83837,45de71de3e8239e15941add04a724409,,False,
data/indian_saree/valid/Pichwai/il_570xN-3329180972_3yxa_jpg.rf.02da324806f86e347bf4ec25f85db6a1.jpg,,indian_patterns,valid,Pichwai,il_570xN-3329180972_3yxa_jpg.rf.02da324806f86e347bf4ec25f85db6a1.jpg,640,640,63215,3d7878d7074946e348c9ceec5aebe8f1,,False,
data/indian_saree/valid/Pichwai/image21_jpeg.rf.18a19e0529f7a2ed165958a1dc5fafa1.jpg,,indian_patterns,valid,Pichwai,image21_jpeg.rf.18a19e0529f7a2ed165958a1dc5fafa1.jpg,640,640,84707,170961377d258f2d8c741b451e28e5b4,,False,
data/indian_saree/valid/Pichwai/image31_jpeg.rf.1b76e255379b72458edeb7942a8c6301.jpg,,indian_patterns,valid,Pichwai,image31_jpeg.rf.1b76e255379b72458edeb7942a8c6301.jpg,640,640,52550,371119e8ae0f32e89df4f8587edf97c8,,False,
data/indian_saree/valid/Pichwai/images13_jpg.rf.b1b9fd7cc1bfc8df2ae4285a5b9f41fb.jpg,,indian_patterns,valid,Pichwai,images13_jpg.rf.b1b9fd7cc1bfc8df2ae4285a5b9f41fb.jpg,640,640,63994,7502497fbcde9614c82d461965ff6706,,False,
data/indian_saree/valid/Pichwai/images19_jpg.rf.b5d924a6542a311b4775cbdef643c80d.jpg,,indian_patterns,valid,Pichwai,images19_jpg.rf.b5d924a6542a311b4775cbdef643c80d.jpg,640,640,75402,509373072d43d5507463d39d424b22da,,False,
data/indian_saree/valid/Pichwai/images23_jpg.rf.bbfb789f70b3c46f7f7cb21c275d5ce8.jpg,,indian_patterns,valid,Pichwai,images23_jpg.rf.bbfb789f70b3c46f7f7cb21c275d5ce8.jpg,640,640,91525,9dffb5b1a58a95cb70e90bf822c837ee,,False,
data/indian_saree/valid/Pichwai/images25_jpg.rf.7f65cbc67e8b45acfa15458971aec654.jpg,,indian_patterns,valid,Pichwai,images25_jpg.rf.7f65cbc67e8b45acfa15458971aec654.jpg,640,640,88475,454b2c2e299bb211ad15cf48fa33acd5,,False,
data/indian_saree/valid/Pichwai/ll-decor-yellow-10-inch-product-images-orvqmxnfwmn-p604000997-0-202308211413_jpg.rf.72f700ff0d677e5daa3d6c07ca3b93da.jpg,,indian_patterns,valid,Pichwai,ll-decor-yellow-10-inch-product-images-orvqmxnfwmn-p604000997-0-202308211413_jpg.rf.72f700ff0d677e5daa3d6c07ca3b93da.jpg,640,640,112263,b5858907b2f9463368cec4434ee299d9,yellow,False,
data/indian_saree/valid/Pichwai/pastel-hand-painted-pure-moonga-silk-pichwai-blouse-fabric-1-mtr-714991_jpg.rf.9aeb34ba00abb84dfcb1e7b4369eff0f.jpg,,indian_patterns,valid,Pichwai,pastel-hand-painted-pure-moonga-silk-pichwai-blouse-fabric-1-mtr-714991_jpg.rf.9aeb34ba00abb84dfcb1e7b4369eff0f.jpg,640,640,49104,512692fe92cbb32d2ca6041e9d14d927,,False,
data/indian_saree/valid/Pichwai/PICHWAI-100005-01_jpg.rf.13b96408dd8dc8b3f11adb6aa086dd52.jpg,,indian_patterns,valid,Pichwai,PICHWAI-100005-01_jpg.rf.13b96408dd8dc8b3f11adb6aa086dd52.jpg,640,640,47022,88032bba08fae762f0ead89fba8aa434,,False,
data/indian_saree/valid/Pichwai/PICHWAI-100014-03_jpg.rf.efd886ae868cd7ec93361a52c7c4fb24.jpg,,indian_patterns,valid,Pichwai,PICHWAI-100014-03_jpg.rf.efd886ae868cd7ec93361a52c7c4fb24.jpg,640,640,112714,c1b2e3f8ce646b23235376e72ab053e4,,False,
data/indian_saree/valid/Pichwai/Pichwai20forest20lake20landscape20Painting_jpg.rf.e520c627f85ed0b0c5b97e8842c630ae.jpg,,indian_patterns,valid,Pichwai,Pichwai20forest20lake20landscape20Painting_jpg.rf.e520c627f85ed0b0c5b97e8842c630ae.jpg,640,640,77692,eac1cbb29ae23cd82ba4ee573c29cbf3,,False,
data/indian_saree/valid/Pichwai/SSC28_jpg.rf.0255f5bf0749cfe5fcbe0514c837001a.jpg,,indian_patterns,valid,Pichwai,SSC28_jpg.rf.0255f5bf0749cfe5fcbe0514c837001a.jpg,640,640,90020,cfb054d197feabe585d3bfc50a0ce0a4,,False,
data/indian_saree/valid/Pichwai/whatsapp-image-2022-03-09-at-12-01-25-pm-1-500x500_jpeg.rf.f36a42ee8b27e60dda0c0d1bd554b94e.jpg,,indian_patterns,valid,Pichwai,whatsapp-image-2022-03-09-at-12-01-25-pm-1-500x500_jpeg.rf.f36a42ee8b27e60dda0c0d1bd554b94e.jpg,640,640,86317,e1469659b36e534f142989fc20fb2037,,False,
data/indian_saree/valid/Pichwai/WhatsAppImage2023-03-24at4-43-49PM_jpg.rf.49ca0a4cb83f5441b72a54498afec6db.jpg,,indian_patterns,valid,Pichwai,WhatsAppImage2023-03-24at4-43-49PM_jpg.rf.49ca0a4cb83f5441b72a54498afec6db.jpg,640,640,54820,2cdc254f94924678ccc6a27df09d6c53,,False,
