image_path,dataset_source,original_split,pattern_family,heuristic_color,augmentation_group,duplicate_group,md5,split
data/indian_saree/test/Banarasi/Cyan-Golden-and-Pink-Floral-Banarasi-Silk-Fabric-12556_jpg.rf.ac50c9c6e7be697617fa94883ce4790d.jpg,indian_patterns,test,Banarasi,"cyan,gold,golden,pink",aug_ea4a14bda5df,,aa73848a5845073c0b9d9da33349dfe1,train
data/indian_saree/test/Banarasi/images126_jpg.rf.28957d83c8ff0e2471b7e715e9c76991.jpg,indian_patterns,test,Banarasi,,aug_526d7a1509b0,,729805128e9b08725aecc64f1372995f,train
data/indian_saree/test/Banarasi/images127_jpg.rf.58275150b0d3a9f0bee9d548ae0888e4.jpg,indian_patterns,test,Banarasi,,aug_c203b071c780,,f89cafcdc09fc69fbbb2094175c83148,train
data/indian_saree/test/Banarasi/images139_jpg.rf.40a5b3b2fd46777a7a4784a747e83e87.jpg,indian_patterns,test,Banarasi,,aug_caa51f3e6115,,42498854f4b0ba09820a75a41e2a29f7,train
data/indian_saree/test/Banarasi/images88_jpg.rf.1e3b94d6a82ce5e2a34f6651961a7385.jpg,indian_patterns,test,Banarasi,,aug_7d0a826bae4f,,c38703d8e6a276f7cc1317fdeb8130fc,train
data/indian_saree/test/Banarasi/R-TSBR01984-HEAD_3f8d85fa-cddb-45e3-84e5-366939b30fb3_jpg.rf.439c2ee5b002aeed21b21bf007f8aaf1.jpg,indian_patterns,test,Banarasi,,aug_e9d780d39348,,f8b86054cbc133ceadfccf7630c3f1dd,train
data/indian_saree/test/Banarasi/SAN2454_jpg.rf.922c352a361081ceb2f2c86c357d8361.jpg,indian_patterns,test,Banarasi,,aug_141d95ac8279,,7fec060bb3dabd3cb79a91f86995ceb9,train
data/indian_saree/test/Bandhani/58-inch-bandhani-chiffon-print-fabric_jpg.rf.9c83779b83bf2875a556ec9139d9a7c8.jpg,indian_patterns,test,Bandhani,,aug_d09e971d6e5e,,73dafb30180a873fa538e3170f8d7380,train
data/indian_saree/test/Bandhani/B-09766_jpg.rf.bf4302dbb46f049f7364334bcf7d1c3c.jpg,indian_patterns,test,Bandhani,,aug_018243092935,,7915667fb316b2312c899e79ff81134c,train
data/indian_saree/test/Bandhani/DN-1007-1_cd147f84-3622-4f10-b256-e8dcde432b00_jpg.rf.9ef2f61f872fc76791cb97da837b2659.jpg,indian_patterns,test,Bandhani,,aug_48471786ce8c,,c41d0389c9196dba595271daf0958b14,train
data/indian_saree/test/Bandhani/dsc_0906_jpg.rf.40b22185e2138e667d53240f8efda936.jpg,indian_patterns,test,Bandhani,,aug_d08441c3a16e,,810dca8cfedf6d5d9a8c82f59b24b8b9,train
data/indian_saree/test/Bandhani/dsc_9228_jpg.rf.2a3721f25fbeec0feb0c727b8b388a1c.jpg,indian_patterns,test,Bandhani,,aug_1a20133a5970,,61dd1b352de7109e185971f113721185,train
data/indian_saree/test/Bandhani/images5_jpg.rf.22013df6d2bb8e2f40dc8905724afd5f.jpg,indian_patterns,test,Bandhani,,aug_e081116d82b3,,fb56b88e8a0d16dec4ff8279751ce787,train
data/indian_saree/test/Bandhani/images8_jpg.rf.8ba415ba2ceeb1c8504634c043c1d7aa.jpg,indian_patterns,test,Bandhani,,aug_f9a2643a1888,,fc9147d7d6347414b21df4ee1b1a4d92,train
data/indian_saree/test/Bandhani/images9_jpg.rf.5c86ae424b2fc4c9aafc8b3ee11d6f4c.jpg,indian_patterns,test,Bandhani,,aug_5004cc882731,,aa6f72f2006de6112d5cd16fe9252804,train
data/indian_saree/test/Bandhani/IMG_20231119_154540_630_jpg.rf.7b624fb383324fb4f24fa66b89bae082.jpg,indian_patterns,test,Bandhani,,aug_f7618cff93a2,,c602ace09283e7336512e452a233c0c4,train
data/indian_saree/test/Bandhani/O-01438_jpg.rf.4326e09d3dd9ef231fae57c8a6e6a0c0.jpg,indian_patterns,test,Bandhani,,aug_f3d62b5fc0f7,,5440dab0683c8c78b4cf3eb7467727ef,train
data/indian_saree/test/Ikat/-473Wx593H-469483222-multi-MODEL_jpg.rf.64971efaf739adf333c0409394bb957b.jpg,indian_patterns,test,Ikat,,aug_4a5ce4529894,,55466ed458e40ce6527fc1d48222f8d1,train
data/indian_saree/test/Ikat/B590787E-3B4C-431F-BFEB-FCF57C5D44DE_1_201_a_300x300_jpg.rf.7e6fcb424b49135ac91a6aa3ff45945e.jpg,indian_patterns,test,Ikat,,aug_cc096e755160,,f568ab8b4d67a38b4036f4d145c417a7,train
data/indian_saree/test/Ikat/gsosaincofb251-_284_29_jpg.rf.8cdb9e69805e69735aa120e4c8cca1f2.jpg,indian_patterns,test,Ikat,,aug_32b8c2935682,,4b853d804e02a2a3b98d1cbc145d132d,train
data/indian_saree/test/Ikat/image31_jpeg.rf.ce3d9bcec77710f5c4ff4472c9e369e7.jpg,indian_patterns,test,Ikat,,aug_3cad5a5892c2,,766e0ef31bb10af6cfbe92cbf50a0611,train
data/indian_saree/test/Ikat/images17_jpg.rf.8edb0cdfbf642887526f8b064d7c67c9.jpg,indian_patterns,test,Ikat,,aug_2af5a650a7ce,,bab66aba29a2d9a05fda7cb1fc751e3f,train
data/indian_saree/test/Ikat/images21_jpg.rf.8df60421d89faa4aa3489188595371e8.jpg,indian_patterns,test,Ikat,,aug_2ac27e9ec089,,04690b6af32a389e0e269900c68ae98c,train
data/indian_saree/test/Ikat/images25_jpg.rf.4855097352f21804a7b5661483a64a78.jpg,indian_patterns,test,Ikat,,aug_cb70a47c3393,,06993228c3fe65d01db7a79e7fe9630d,train
data/indian_saree/test/Ikat/images7_jpg.rf.a32bf76b5712c64c5c360be15db1db0e.jpg,indian_patterns,test,Ikat,,aug_77daae745dd8,,681c4c8e25bf8390dc9250c80dfdbe55,train
data/indian_saree/test/Ikat/Pochampally20Violet20Cotton20Ikat20Fabric-1000x1000_jpeg.rf.d5ea3f64942e2ed631498872e0218799.jpg,indian_patterns,test,Ikat,,aug_9b4b60ebfea6,,ad8211c9402454f3ecaab7a496c5a6b3,train
data/indian_saree/test/Pichwai/20230304_152640_clipped_rev_1_1024x_jpg.rf.f01a13e32091bd2d1b855478593e97ab.jpg,indian_patterns,test,Pichwai,,aug_2d3fe452342a,,d44b3b91a58a8380e4870d74ff3c68ec,train
data/indian_saree/test/Pichwai/20240507_120535_89a97d55-646a-4d79-b6b1-c4ddd6f0420a_jpg.rf.b2d9b018d9568b680a4ddd2ecb10b556.jpg,indian_patterns,test,Pichwai,,aug_740eb74d8fee,,959b114ca4d75b61ce2469e8fd508852,train
data/indian_saree/test/Pichwai/473116-A_f17f54fb-1b9f-4f2b-96c0-f2fea2c1ed17_jpg.rf.5680da20123c34ad4a078b59a5f22561.jpg,indian_patterns,test,Pichwai,,aug_f5ec2a82a0b2,,cac7757c57af3c86d3d99651715c8655,train
data/indian_saree/test/Pichwai/61NA0dtI-WL-_AC_UF10001000_QL80__jpg.rf.842c782e8a638c75e9fa73126f5a6bc9.jpg,indian_patterns,test,Pichwai,,aug_5440e2b5c46f,,8052933a6d5b570173bee593bda537b2,train
data/indian_saree/test/Pichwai/94232-3-502_jpg.rf.b8e4fc9dc9e48434cf5f6f745fe0388f.jpg,indian_patterns,test,Pichwai,,aug_d146f1036715,,4ed35b46e85c237f3875b6ca1497993c,train
data/indian_saree/test/Pichwai/il_570xN-5372611899_fdxt_jpg.rf.81850fde0c7e27df116381031df71497.jpg,indian_patterns,test,Pichwai,,aug_6025896cbaa7,,cab5b024d85c5987b066d6b0f26a384d,train
data/indian_saree/test/Pichwai/image26_jpeg.rf.60977f6c284e67753a755c9ee013b316.jpg,indian_patterns,test,Pichwai,,aug_43b57ed7e2d7,,a0397afb87b0b7a11b29e786592897f0,train
data/indian_saree/test/Pichwai/image6_jpeg.rf.120c25820894391f2e995a69ff8630ac.jpg,indian_patterns,test,Pichwai,,aug_6babf1b809ef,,85fd406c34758e453065c3f4151344fd,train
data/indian_saree/test/Pichwai/image_jpeg.rf.49028afa3604f5d282392217654617c6.jpg,indian_patterns,test,Pichwai,,aug_5bfafd5bd4da,,7ca8b9af67138f6a045a4302f71050fd,train
data/indian_saree/test/Pichwai/PICHWAI-100011-01_jpg.rf.1582bb1a05dc50b7aaae30af6c82f3aa.jpg,indian_patterns,test,Pichwai,,aug_066f4d942464,,6902e8b12aaed163e5de036374e95fba,train
data/indian_saree/test/Pichwai/PINK-AND-BLUE-PICHWAI-STRIPED-PRINT_58ac5c1d-9633-448d-bda9-e23812e4c35e_jpg.rf.3e2762f066b8e536154ab1252a896b96.jpg,indian_patterns,test,Pichwai,"blue,pink",aug_482d10207ba3,,360fc9ff3c244fb865f958a474ec6902,train
data/indian_saree/test/Pichwai/TussarSilkDigitalPrint_1_jpg.rf.47e929d613bce1351222a1d023411231.jpg,indian_patterns,test,Pichwai,,aug_c750e19fe75f,,6e3dcdfac2b78128bed8a54da420b16e,train
data/indian_saree/train/Banarasi/0X2A9236_ce21044d-dd2f-4de2-aaf0-21fa02aca371_jpg.rf.0d0755bfccea58800b11bcbea2d26a0f.jpg,indian_patterns,train,Banarasi,,aug_f7a487323413,,4fa893fd231dbd2ca8f827276a03fa89,train
data/indian_saree/train/Banarasi/0X2A9236_ce21044d-dd2f-4de2-aaf0-21fa02aca371_jpg.rf.9d2ad6eea50549859cf44611b47b3d75.jpg,indian_patterns,train,Banarasi,,aug_f7a487323413,,84eff7b02b5a4abe6fbe0b5795ce34a6,train
data/indian_saree/train/Banarasi/0X2A9236_ce21044d-dd2f-4de2-aaf0-21fa02aca371_jpg.rf.fa933f6dc0c94bb6cd13da8ffa7cdbe2.jpg,indian_patterns,train,Banarasi,,aug_f7a487323413,,dadad633e598b99a5d7590a90ee19ccb,train
data/indian_saree/train/Banarasi/0X2A9245_7ddec5f7-8328-4c6b-943f-ac6e47023e70_jpg.rf.32f41a710fa9882c6c2cf323d5e8ac3d.jpg,indian_patterns,train,Banarasi,,aug_de34b8e62348,,ca9398e8b7b01ceb888fe60013524033,train
data/indian_saree/train/Banarasi/0X2A9245_7ddec5f7-8328-4c6b-943f-ac6e47023e70_jpg.rf.84e7a42a139a6c30593d43330e70b26a.jpg,indian_patterns,train,Banarasi,,aug_de34b8e62348,,a33b473519b5c9051a9199980cc68f24,train
data/indian_saree/train/Banarasi/0X2A9245_7ddec5f7-8328-4c6b-943f-ac6e47023e70_jpg.rf.966e10121571028fd5d5c2671468a7ff.jpg,indian_patterns,train,Banarasi,,aug_de34b8e62348,,47eff10b2fe2762a5513ecc07c497392,train
data/indian_saree/train/Banarasi/12-06-2023ShivangiKasliwal0744_jpg.rf.105455f9fb573f579898e6364e2e6374.jpg,indian_patterns,train,Banarasi,,aug_bbfda023d3c1,,090bfd4c7ac1fdcb08f4c76a8e34b71c,train
data/indian_saree/train/Banarasi/12-06-2023ShivangiKasliwal0744_jpg.rf.6f8fe7c59e220a95216ee8ace82bfec9.jpg,indian_patterns,train,Banarasi,,aug_bbfda023d3c1,,9032468a83d28157b71d3a718dfe5bf6,train
data/indian_saree/train/Banarasi/12-06-2023ShivangiKasliwal0744_jpg.rf.7033ce2b58f57a94c4e63f6b8c5c9eff.jpg,indian_patterns,train,Banarasi,,aug_bbfda023d3c1,,b1345bede5f2b50d93f74d27f5e23b9b,train
data/indian_saree/train/Banarasi/1eDgfJlRzyN3WaVmoD30MN5NfzYdDbCd8_jpg.rf.15a2b11667680c1b18a71125212ee5a3.jpg,indian_patterns,train,Banarasi,,aug_7badecdb8e9d,,6771d0c77c24c90867f17a496125a6ec,train
data/indian_saree/train/Banarasi/1eDgfJlRzyN3WaVmoD30MN5NfzYdDbCd8_jpg.rf.34ba7a03ebc39564efca724e09c890bf.jpg,indian_patterns,train,Banarasi,,aug_7badecdb8e9d,,0911655d89f988f86ba560589cd7a802,train
data/indian_saree/train/Banarasi/1eDgfJlRzyN3WaVmoD30MN5NfzYdDbCd8_jpg.rf.392f10b1e4b62861bd415c8a775f1b69.jpg,indian_patterns,train,Banarasi,,aug_7badecdb8e9d,,b6ea7a588c1c5886b4b2a0665687ba3a,train
data/indian_saree/train/Banarasi/415532-1_jpg.rf.810fc6cb72ba74bcf1cd1ec97affb20b.jpg,indian_patterns,train,Banarasi,,aug_88bb6e20f0f2,,3500ff89be39801846d319bab84320dd,train
data/indian_saree/train/Banarasi/415532-1_jpg.rf.81f7de44b2b31c15841be8edd18255d2.jpg,indian_patterns,train,Banarasi,,aug_88bb6e20f0f2,,425426d96c042068fd88d6c23524e47e,train
data/indian_saree/train/Banarasi/415532-1_jpg.rf.89c9f73397b70c8494fa477e12fe987f.jpg,indian_patterns,train,Banarasi,,aug_88bb6e20f0f2,,4b6668fbf0f2a4c54085ff1d84895afe,train
data/indian_saree/train/Banarasi/6fb8ed49753bed8c5dc09cd5f6c45edb_jpg.rf.87309677c29fdbc56a8c76af2dc367e8.jpg,indian_patterns,train,Banarasi,,aug_12097edafb63,,e3611cfe163f3cd941b6fde5c8bca92e,train
data/indian_saree/train/Banarasi/6fb8ed49753bed8c5dc09cd5f6c45edb_jpg.rf.bbbdfa2b3084d2d0a9a48b114487be42.jpg,indian_patterns,train,Banarasi,,aug_12097edafb63,,db400d4f951eaf781a47c9a55ab21c66,train
data/indian_saree/train/Banarasi/6fb8ed49753bed8c5dc09cd5f6c45edb_jpg.rf.f5f5756d8d868772317d992983dc7fee.jpg,indian_patterns,train,Banarasi,,aug_12097edafb63,,48b84d7699f7ce97bc600f6575722629,train
data/indian_saree/train/Banarasi/AF2B6A22-5807-4539-9B91-3A42C8C46995_jpg.rf.6e49dad240a52f84114507e42ee35022.jpg,indian_patterns,train,Banarasi,,aug_486ae1e51426,,f22c9de73413e89faaa84a83d956ae7d,train
data/indian_saree/train/Banarasi/AF2B6A22-5807-4539-9B91-3A42C8C46995_jpg.rf.c09892c712f829dce8cad3f4934fb426.jpg,indian_patterns,train,Banarasi,,aug_486ae1e51426,,e703a18ce75bf6d8579b23f49b920303,train
data/indian_saree/train/Banarasi/AF2B6A22-5807-4539-9B91-3A42C8C46995_jpg.rf.c5c955c439f3052df347b2c9072bb32b.jpg,indian_patterns,train,Banarasi,,aug_486ae1e51426,,a01a58f05303808e1ae8dd120aff54bf,train
data/indian_saree/train/Banarasi/banarasi-fabrics_jpeg.rf.10c6bc260be66c77f394f153af95ca96.jpg,indian_patterns,train,Banarasi,,aug_1d62a085a34a,,3e0b400714a9a07133c8e11db7aa3611,train
data/indian_saree/train/Banarasi/banarasi-fabrics_jpeg.rf.3dc146a1d5994ed6feba3ecf753dedf2.jpg,indian_patterns,train,Banarasi,,aug_1d62a085a34a,,6bbd825495b1dbd923174ba11f993f40,train
data/indian_saree/train/Banarasi/banarasi-fabrics_jpeg.rf.cc0119e7010c24ced1bcdb1eca052ef6.jpg,indian_patterns,train,Banarasi,,aug_1d62a085a34a,,d2d6be0f18684ab76d71a238a06c12c2,train
data/indian_saree/train/Banarasi/Blue-Golden-Pannel-Work-Banarasi-Silk-Fabric-12801_jpg.rf.67e889cd33b530169562c596ce78e43b.jpg,indian_patterns,train,Banarasi,"blue,gold,golden",aug_3ed96a52bd52,,716d94e22286fc7f9270fa40372fd7dd,train
data/indian_saree/train/Banarasi/Blue-Golden-Pannel-Work-Banarasi-Silk-Fabric-12801_jpg.rf.c34626dc372ae4fc6362cd78d9736451.jpg,indian_patterns,train,Banarasi,"blue,gold,golden",aug_3ed96a52bd52,,bbccd6de0e1d745693ca7706b5a5fb8c,train
data/indian_saree/train/Banarasi/Blue-Golden-Pannel-Work-Banarasi-Silk-Fabric-12801_jpg.rf.e9aed250a0b423893e24becdb422fa45.jpg,indian_patterns,train,Banarasi,"blue,gold,golden",aug_3ed96a52bd52,,e55f3390ac3a5e403447d9762569f1b4,train
data/indian_saree/train/Banarasi/dsc04182_jpg.rf.272acd18005aba54887c435d2b5c20db.jpg,indian_patterns,train,Banarasi,,aug_7b71791c3e57,,560f869d48847ce1408e72c265acea78,train
data/indian_saree/train/Banarasi/dsc04182_jpg.rf.3371fedad32b831ea2d5dbdf35f8a3ea.jpg,indian_patterns,train,Banarasi,,aug_7b71791c3e57,,85370fa7f21c6d52f1e18ee87165f18f,train
data/indian_saree/train/Banarasi/dsc04182_jpg.rf.fcd50bf253d618bf4cafdc0b0bb12708.jpg,indian_patterns,train,Banarasi,,aug_7b71791c3e57,,7f1405397321d6769011cf0d07c07acf,train
data/indian_saree/train/Banarasi/ef0190e9bf99193b32566338cd7b2a0e_jpg.rf.65bf4c24b992343cd243240f9b58897e.jpg,indian_patterns,train,Banarasi,,aug_09b3b1b69aab,,e2f5b5bd53afc62554899ccecf288981,train
data/indian_saree/train/Banarasi/ef0190e9bf99193b32566338cd7b2a0e_jpg.rf.a5f56d5bf75b43ebdfec0ccf50d9c95d.jpg,indian_patterns,train,Banarasi,,aug_09b3b1b69aab,,41b7df5cfb5bcb5732fa0f44251b1ca0,train
data/indian_saree/train/Banarasi/ef0190e9bf99193b32566338cd7b2a0e_jpg.rf.f0fe5af54a5af64f15fdca94cecb5871.jpg,indian_patterns,train,Banarasi,,aug_09b3b1b69aab,,e77b29fc782936f9e3b23599a71e2000,train
data/indian_saree/train/Banarasi/Fabric-07A-ChinayaBanaras-size-800x1200_800x_jpg.rf.0f79e5a62470d3e839380e02eeb74fd9.jpg,indian_patterns,train,Banarasi,,aug_477b3513efea,,cf9dac0425ceee8aea79457d0fa43e02,train
data/indian_saree/train/Banarasi/Fabric-07A-ChinayaBanaras-size-800x1200_800x_jpg.rf.a94e3bb36bf45289129e457a579a7fe6.jpg,indian_patterns,train,Banarasi,,aug_477b3513efea,,e77fec9a1cc838c40b1850afc2ae2705,train
data/indian_saree/train/Banarasi/Fabric-07A-ChinayaBanaras-size-800x1200_800x_jpg.rf.fd1f0444dca895d3b0beaa656121f3f0.jpg,indian_patterns,train,Banarasi,,aug_477b3513efea,,67ef4c2135a06c2a0bc04795077ecd12,train
data/indian_saree/train/Banarasi/FKACJRD10028_2_1200x_jpg.rf.14ad150b0f356839597c7f64aaecbaf4.jpg,indian_patterns,train,Banarasi,,aug_bf3a54bda18d,,1cf187f8db15a7b59c32d37dc08de339,train
data/indian_saree/train/Banarasi/FKACJRD10028_2_1200x_jpg.rf.3dc0a71bcea8b467543d42ed90d92b77.jpg,indian_patterns,train,Banarasi,,aug_bf3a54bda18d,,18fe4fe8a896a46d3a2140ac2cf66e89,train
data/indian_saree/train/Banarasi/FKACJRD10028_2_1200x_jpg.rf.71eff6c4b53d0bfdefabe7c6d747764c.jpg,indian_patterns,train,Banarasi,,aug_bf3a54bda18d,,9136bbd44d2031354fc63ba5d68caccc,train
data/indian_saree/train/Banarasi/green-floral-booti-pure-rich-silk-banarasi-jacquard-fabric-740389_jpg.rf.38be64d0e0c513df51e94e5dc0f19d02.jpg,indian_patterns,train,Banarasi,green,aug_bb6696df0277,,03aea5e2f22be92b620a8bbb9890c748,train
data/indian_saree/train/Banarasi/green-floral-booti-pure-rich-silk-banarasi-jacquard-fabric-740389_jpg.rf.6fcd6740398aa34783090bd71a7f4cfb.jpg,indian_patterns,train,Banarasi,green,aug_bb6696df0277,,d098c3184c76bf57e43c52a03e1e5aad,train
data/indian_saree/train/Banarasi/green-floral-booti-pure-rich-silk-banarasi-jacquard-fabric-740389_jpg.rf.c5fae334f4c946d9a09ac1d8fc56cf97.jpg,indian_patterns,train,Banarasi,green,aug_bb6696df0277,,101f397cfefbe2f2509b0db7f9fdc0c0,train
data/indian_saree/train/Banarasi/handwoven-banarasi-fabric-1596717011-5545804_jpeg.rf.d185baf5e4b4910e91531a2938bb7dbf.jpg,indian_patterns,train,Banarasi,,aug_8bf8e2f2138c,,11a5e852ab63846c2c960316afae3800,train
data/indian_saree/train/Banarasi/handwoven-banarasi-fabric-1596717011-5545804_jpeg.rf.dade709a1e1b3bc6ca803376f2c3289c.jpg,indian_patterns,train,Banarasi,,aug_8bf8e2f2138c,,8bd672675b2883149fcaa013a1d76292,train
data/indian_saree/train/Banarasi/handwoven-banarasi-fabric-1596717011-5545804_jpeg.rf.f52801f3f758a901631dd9d67c654000.jpg,indian_patterns,train,Banarasi,,aug_8bf8e2f2138c,,2bc93dc1fa56e6a5084b4d87016b1257,train
data/indian_saree/train/Banarasi/IG_06961_f36c87f2-848b-4752-9c51-c1e3c2fb4054_jpg.rf.4d2eeb2757f06942ff291a8001240fac.jpg,indian_patterns,train,Banarasi,,aug_8afac5a9d328,,25b248e5a3610379178a6911b675a570,train
data/indian_saree/train/Banarasi/IG_06961_f36c87f2-848b-4752-9c51-c1e3c2fb4054_jpg.rf.9a81f255a5a4b39eca29b94c9f0922b9.jpg,indian_patterns,train,Banarasi,,aug_8afac5a9d328,,f74e35bea382e4d48de890e3e6194508,train
data/indian_saree/train/Banarasi/IG_06961_f36c87f2-848b-4752-9c51-c1e3c2fb4054_jpg.rf.bdfeb9223370a5611980c285c57b5ad4.jpg,indian_patterns,train,Banarasi,,aug_8afac5a9d328,,cb525b7d5b4188e7a1db6a9b59c146ab,train
data/indian_saree/train/Banarasi/il_570xN-1163737701_kncb_jpg.rf.00f4e2d4a5302bb55fbf809e612c3d81.jpg,indian_patterns,train,Banarasi,,aug_b56986a01ab0,,a859e6f61ec785b4b88d3c8b60cd7266,train
data/indian_saree/train/Banarasi/il_570xN-1163737701_kncb_jpg.rf.6ebae527b228bf43b33ccbdd29e6fa9d.jpg,indian_patterns,train,Banarasi,,aug_b56986a01ab0,,b6b9b9a875a42c049de347502187a29a,train
data/indian_saree/train/Banarasi/il_570xN-1163737701_kncb_jpg.rf.f8234da6410880d3e936e6e63aab7bb1.jpg,indian_patterns,train,Banarasi,,aug_b56986a01ab0,,950bed144e11cee1decce60ef996b6f1,train
data/indian_saree/train/Banarasi/image15_jpeg.rf.76453274b93ea47d3dd438553a84b4c9.jpg,indian_patterns,train,Banarasi,,aug_dde899775545,,524e3650e82024bbaba78317a401ae03,train
data/indian_saree/train/Banarasi/image15_jpeg.rf.9358616c5eb56054155a5915e574b4c9.jpg,indian_patterns,train,Banarasi,,aug_dde899775545,,9fa046b3dd9102bb5c71358dfdca5d66,train
data/indian_saree/train/Banarasi/image15_jpeg.rf.ebf690a16bde6941a4fd0ac45c2e8889.jpg,indian_patterns,train,Banarasi,,aug_dde899775545,,25758a7011b1457fd84dbc899decc428,train
data/indian_saree/train/Banarasi/image20_jpeg.rf.80a726d2e2f1215fb5f0560749534c6f.jpg,indian_patterns,train,Banarasi,,aug_aae4975338f5,,95a47ed534b4ec40b4fd0603437a7076,train
data/indian_saree/train/Banarasi/image20_jpeg.rf.941a9daf16d273372e551588f0f0f0fb.jpg,indian_patterns,train,Banarasi,,aug_aae4975338f5,,242b09beddec18ef07e59c41c0a98636,train
data/indian_saree/train/Banarasi/image20_jpeg.rf.f059bdc03e955821c08a3b0d6c163324.jpg,indian_patterns,train,Banarasi,,aug_aae4975338f5,,926ef94ff29b752778be10dd8783adff,train
data/indian_saree/train/Banarasi/image21_jpeg.rf.4a8d6ac5e7744004fedabd8d63f4e19e.jpg,indian_patterns,train,Banarasi,,aug_21fbac20d97e,,829fb0e1b92d988cc1b4c08c46273ea7,train
data/indian_saree/train/Banarasi/image21_jpeg.rf.5fa6e5bebf8ec83ecdd569878c0c1467.jpg,indian_patterns,train,Banarasi,,aug_21fbac20d97e,,1eb9adf991f03a3362a6fc01aa902dd7,train
data/indian_saree/train/Banarasi/image21_jpeg.rf.a32f1abf958689bd4a009ef6c85c5671.jpg,indian_patterns,train,Banarasi,,aug_21fbac20d97e,,1d428b545c55fb7d817d9843e9b34e6e,train
data/indian_saree/train/Banarasi/image30_jpeg.rf.4eac5cd253e56bea2990fb66b3da0a43.jpg,indian_patterns,train,Banarasi,,aug_1dbfa34df186,,aa994fdf60cc1dd5e66d52ea94848ab7,train
data/indian_saree/train/Banarasi/image30_jpeg.rf.537794021cccd4be6903f99a07af072f.jpg,indian_patterns,train,Banarasi,,aug_1dbfa34df186,,8f2a5519c179668a3524fa7164cc6f23,train
data/indian_saree/train/Banarasi/image30_jpeg.rf.ed36498c44f219a8e779ba6684b7d654.jpg,indian_patterns,train,Banarasi,,aug_1dbfa34df186,,2e013cbaf6582833c396d98f7c7d42b0,train
data/indian_saree/train/Banarasi/image32_jpeg.rf.75550e81737398d5e33ad07fec9dfd3a.jpg,indian_patterns,train,Banarasi,,aug_5a3c377b46b0,,080ffbc2db9e5ab48f790b03a5ff51e9,train
data/indian_saree/train/Banarasi/image32_jpeg.rf.84588d92c46676b4ee39ac30662e4794.jpg,indian_patterns,train,Banarasi,,aug_5a3c377b46b0,,05b7dcc733e3cfa0c55bcff7a8ba3364,train
data/indian_saree/train/Banarasi/image32_jpeg.rf.e7b324c869d9312c22426370b76ed533.jpg,indian_patterns,train,Banarasi,,aug_5a3c377b46b0,,cb6b9aeb78972b627ecbedbe309f44a3,train
data/indian_saree/train/Banarasi/image34_jpeg.rf.520027fdab37bf8a314b6656bc9f8230.jpg,indian_patterns,train,Banarasi,,aug_f31c2afad877,,253fbaac7102cf9a3fa66e1d5208487c,train
data/indian_saree/train/Banarasi/image34_jpeg.rf.9ad5535c987c9f9ead7abb15653150ab.jpg,indian_patterns,train,Banarasi,,aug_f31c2afad877,,58e09a3984d6945abf094be98b6f818f,train
data/indian_saree/train/Banarasi/image34_jpeg.rf.f1d0b7214f7990c212920f1cbd5eb59a.jpg,indian_patterns,train,Banarasi,,aug_f31c2afad877,,9009e376f350db9934a81871de1d14de,train
data/indian_saree/train/Banarasi/image5_jpeg.rf.39ed9190f927d4bb2b34e26577fcfcbb.jpg,indian_patterns,train,Banarasi,,aug_e5995ce51e53,,3833521cce8977f3742307f638ea027d,train
data/indian_saree/train/Banarasi/image5_jpeg.rf.900095cc3d4af1b765082c36b6781c3d.jpg,indian_patterns,train,Banarasi,,aug_e5995ce51e53,,2e842e82f37bc08f37f3a6947b204222,train
data/indian_saree/train/Banarasi/image5_jpeg.rf.c091f3fd7cf532d5685d803aad4302f2.jpg,indian_patterns,train,Banarasi,,aug_e5995ce51e53,,4df0dffbfa0d1f8f5d9984b311459f8a,train
data/indian_saree/train/Banarasi/images103_jpg.rf.51f7a11eec23c0049b75e5962292ef26.jpg,indian_patterns,train,Banarasi,,aug_7560e10e4dfb,,de21ebde4c9e8b96c80d83704d434c87,train
data/indian_saree/train/Banarasi/images103_jpg.rf.68b1e44102771a3eda0f2059321c9f49.jpg,indian_patterns,train,Banarasi,,aug_7560e10e4dfb,,f6d0478c3203cc6b3e8963289923fa88,train
data/indian_saree/train/Banarasi/images103_jpg.rf.ed80ad5f1641dea47eb6088f10d23aed.jpg,indian_patterns,train,Banarasi,,aug_7560e10e4dfb,,fe5484de5a6a3980fa3b0bf3a4174c5c,train
data/indian_saree/train/Banarasi/images104_jpg.rf.8d9623a70f7edc89a41cf2a7a6ea3231.jpg,indian_patterns,train,Banarasi,,aug_bc5bed35a0a4,,6b503b11a2b0595769ac1a853c923182,train
data/indian_saree/train/Banarasi/images104_jpg.rf.9f9345d64118ad536dbb9c825117410d.jpg,indian_patterns,train,Banarasi,,aug_bc5bed35a0a4,,f2793d389ee95573457d03e45480de16,train
data/indian_saree/train/Banarasi/images104_jpg.rf.fcefd663b16eaf873055a0a287ca1fa4.jpg,indian_patterns,train,Banarasi,,aug_bc5bed35a0a4,,0c96faf9c348eccec88f7361e49fd51a,train
data/indian_saree/train/Banarasi/images107_jpg.rf.1b515ca21294bcfdfaabf562930e1277.jpg,indian_patterns,train,Banarasi,,aug_749b5e4aa48e,,9c270c0c93b8683a5332ce886eb73337,train
data/indian_saree/train/Banarasi/images107_jpg.rf.40283f4b5da6424dea3ba0923362b121.jpg,indian_patterns,train,Banarasi,,aug_749b5e4aa48e,,1d509e5c3b10d3a6f97a16b4d8bd6dd7,train
data/indian_saree/train/Banarasi/images107_jpg.rf.d4b8d7d69d9aa9ddace2af3042d4f493.jpg,indian_patterns,train,Banarasi,,aug_749b5e4aa48e,,a3775963c5086b08eac700307f8f1314,train
data/indian_saree/train/Banarasi/images108_jpg.rf.8a48361ff5504f182e29347383839041.jpg,indian_patterns,train,Banarasi,,aug_75eb04f47ce8,,5f3c9cbd44e9470763a520c2b302c6d1,train
data/indian_saree/train/Banarasi/images108_jpg.rf.b29227d329a4129cb3dc13a938c8746d.jpg,indian_patterns,train,Banarasi,,aug_75eb04f47ce8,,d5623e1b27da59d38d457dbb319ae2e3,train
data/indian_saree/train/Banarasi/images108_jpg.rf.eb796d431e5faf8571a0811170fe83e7.jpg,indian_patterns,train,Banarasi,,aug_75eb04f47ce8,,db917b4d21484e23c9f4573b22e0e737,train
data/indian_saree/train/Banarasi/images109_jpg.rf.6cbfe006f737adde221e0303d8535601.jpg,indian_patterns,train,Banarasi,,aug_c6a9d9f67939,,693e3e03bf5e967c27bd28bd78d73682,train
data/indian_saree/train/Banarasi/images109_jpg.rf.e701bd48b99920a95a3c217e8ba3676e.jpg,indian_patterns,train,Banarasi,,aug_c6a9d9f67939,,5e17fedbe4927e264b8ed348aa2f09c1,train
data/indian_saree/train/Banarasi/images109_jpg.rf.f46f55ab6a54e52f9b5bf3d420b5fcfa.jpg,indian_patterns,train,Banarasi,,aug_c6a9d9f67939,,f05f3ad3de6dff411c23dd6f92f17432,train
data/indian_saree/train/Banarasi/images116_jpg.rf.4e2184726fe682a1ca9568d8b296c560.jpg,indian_patterns,train,Banarasi,,aug_102b82dd8d14,,66caaa8dc5eaee26a3a8b1842db528cf,train
data/indian_saree/train/Banarasi/images116_jpg.rf.96e12bb5b9456789305fb6976e602997.jpg,indian_patterns,train,Banarasi,,aug_102b82dd8d14,,169a4bed29649bf85088786a9e544fd3,train
data/indian_saree/train/Banarasi/images116_jpg.rf.df6a68f4825e959230629f12bee89250.jpg,indian_patterns,train,Banarasi,,aug_102b82dd8d14,,6280fe1081608d20bbf9cff1ddf2bf72,train
data/indian_saree/train/Banarasi/images11_jpg.rf.42a742d46731e47aa3f7f1f13c3f68e3.jpg,indian_patterns,train,Banarasi,,aug_bf64b04a825c,,1ce4f248c0f5c6787e45393a16e25b15,train
data/indian_saree/train/Banarasi/images11_jpg.rf.5ca78cbaeb1e3f8aa1353874882a9e20.jpg,indian_patterns,train,Banarasi,,aug_bf64b04a825c,,430957e554e9da75071e859b6f2c444e,train
data/indian_saree/train/Banarasi/images11_jpg.rf.6be72cf8963f30448aa9b2bb7d0e82ee.jpg,indian_patterns,train,Banarasi,,aug_bf64b04a825c,,3ea0d5841b2e4949ce12eefb2bf2b30a,train
data/indian_saree/train/Banarasi/images125_jpg.rf.08f536fb9f8a3fa56c58ef43826c54df.jpg,indian_patterns,train,Banarasi,,aug_39ac357002d1,,a4db514d382695cee231146d45f4d09e,train
data/indian_saree/train/Banarasi/images125_jpg.rf.671ba703a6ec33feb9f2e198112f54ee.jpg,indian_patterns,train,Banarasi,,aug_39ac357002d1,,60f36f7c25d07b5c48378bc94f2c0dee,train
data/indian_saree/train/Banarasi/images125_jpg.rf.dbbd791ebdcb775d6aae9484aad3b2c2.jpg,indian_patterns,train,Banarasi,,aug_39ac357002d1,,b450e9ec341ac09adf5df304c29c8197,train
data/indian_saree/train/Banarasi/images128_jpg.rf.38a643728075ee04b862a5e981a6628d.jpg,indian_patterns,train,Banarasi,,aug_a55c2724fa3d,,3620baa288257d65e1e94ed8ad6d20cc,train
data/indian_saree/train/Banarasi/images128_jpg.rf.60952e8979ad62168dd89224caedd5d6.jpg,indian_patterns,train,Banarasi,,aug_a55c2724fa3d,,758d9ada34d65925fa0e7be4d528b14c,train
data/indian_saree/train/Banarasi/images128_jpg.rf.aa5cb682a58c4fab5da027c5f8891a9b.jpg,indian_patterns,train,Banarasi,,aug_a55c2724fa3d,,0ef81e7de1a70267c28e536fb6f58219,train
data/indian_saree/train/Banarasi/images132_jpg.rf.8265bfd068cbf0b3e189fbb79bcff8d2.jpg,indian_patterns,train,Banarasi,,aug_4076e132b12c,,984aeadd1a4b97c2617db92ba17476ee,train
data/indian_saree/train/Banarasi/images132_jpg.rf.b18f67faab2667de3282c8621a26c8e5.jpg,indian_patterns,train,Banarasi,,aug_4076e132b12c,,dcb841080a2f8ee8ad624e99f914cd37,train
data/indian_saree/train/Banarasi/images132_jpg.rf.e2a5608f0b206fa55d5f335163df359f.jpg,indian_patterns,train,Banarasi,,aug_4076e132b12c,,f6ebee64522e444780e5d13f5bfc76f2,train
data/indian_saree/train/Banarasi/images134_jpg.rf.31305a88e46e6615bb2118f22003c79d.jpg,indian_patterns,train,Banarasi,,aug_5f405b73d87a,,b4802262b56c09afc205939874a58a1d,train
data/indian_saree/train/Banarasi/images134_jpg.rf.c79602f8718635be43bb123fb3689707.jpg,indian_patterns,train,Banarasi,,aug_5f405b73d87a,,3c8c416d1cc7d3e023ab5e753b1d6025,train
data/indian_saree/train/Banarasi/images134_jpg.rf.d86420036229b9944551b4ad04b8740a.jpg,indian_patterns,train,Banarasi,,aug_5f405b73d87a,,e35f591b4747e1454403b1b5dbc3c0f8,train
data/indian_saree/train/Banarasi/images136_jpg.rf.082bdfda2eb5363f3dcb3bd950c8165a.jpg,indian_patterns,train,Banarasi,,aug_9624863cd658,,aac985b9154501b55c6aeb7d5c35de7d,train
data/indian_saree/train/Banarasi/images136_jpg.rf.8079d6e73bcd0b3954cf2e6027c4aefc.jpg,indian_patterns,train,Banarasi,,aug_9624863cd658,,8169d57c5144755571b1e5a019fb4d15,train
data/indian_saree/train/Banarasi/images136_jpg.rf.d68bb548d453f1e01c74b8e6e7ebbfa4.jpg,indian_patterns,train,Banarasi,,aug_9624863cd658,,db7263e2e099da29322316cb3024d54a,train
data/indian_saree/train/Banarasi/images137_jpg.rf.2d28614c087ef1a52e492a03e0a09e33.jpg,indian_patterns,train,Banarasi,,aug_bc9cbfac4337,,23a80962320da36074f115a5913c05d1,train
data/indian_saree/train/Banarasi/images137_jpg.rf.98bf6425eddd6a374e163eda86696204.jpg,indian_patterns,train,Banarasi,,aug_bc9cbfac4337,,9c29d347d7b38045dc9efd57e338dae2,train
data/indian_saree/train/Banarasi/images137_jpg.rf.fc362f6b66a44d7cb37f4e70efb94d80.jpg,indian_patterns,train,Banarasi,,aug_bc9cbfac4337,,15e5b0f0d17564b3defea070e7389a4a,train
data/indian_saree/train/Banarasi/images13_jpg.rf.7e6d8f6fba496b4664735798a46be021.jpg,indian_patterns,train,Banarasi,,aug_0d0c7f25347b,,31066ab68077f615fbf65d6854783e6a,train
data/indian_saree/train/Banarasi/images13_jpg.rf.b17650035a5212f1feacdeaea83854c2.jpg,indian_patterns,train,Banarasi,,aug_0d0c7f25347b,,48c21d0fddadea2e58b5fa56cd448c35,train
data/indian_saree/train/Banarasi/images13_jpg.rf.dbbd247da670831cf3506abf20f45562.jpg,indian_patterns,train,Banarasi,,aug_0d0c7f25347b,,12b3312ac60b3a5365847270c4824899,train
data/indian_saree/train/Banarasi/images143_jpg.rf.b081c11d6359c4c1d00da34f2a37b7a8.jpg,indian_patterns,train,Banarasi,,aug_5d2678a70400,,58db575247b816ceb8d55edec84199e8,train
data/indian_saree/train/Banarasi/images143_jpg.rf.c06345334ec45be2dd7930affef37093.jpg,indian_patterns,train,Banarasi,,aug_5d2678a70400,,bed6fa19d1f5374d278b23ad6d1ca064,train
data/indian_saree/train/Banarasi/images143_jpg.rf.e25ee6dc8c2c9b7b9c3ec574021f1021.jpg,indian_patterns,train,Banarasi,,aug_5d2678a70400,,97c5331d2a291bfd68a4e135fbf70609,train
data/indian_saree/train/Banarasi/images145_jpg.rf.43081cbeb1a47457193e901e40ad916e.jpg,indian_patterns,train,Banarasi,,aug_a79753a789cf,,decdd65f4a3a0d7ca20c057caf79e790,train
data/indian_saree/train/Banarasi/images145_jpg.rf.b05a9eaa4f02bcaad874b4cae5401488.jpg,indian_patterns,train,Banarasi,,aug_a79753a789cf,,4bd22f22372a9ce2b1b018b80dc50ffd,train
data/indian_saree/train/Banarasi/images145_jpg.rf.d9f652ca2271fb452519b17bfce19101.jpg,indian_patterns,train,Banarasi,,aug_a79753a789cf,,a07fe4df4bfd18b54371753ece4c48e5,train
data/indian_saree/train/Banarasi/images152_jpg.rf.8e67f0fedf42a5fb3b70742f4bf3b293.jpg,indian_patterns,train,Banarasi,,aug_3d759bab7fb8,,0cfb6962db7bfc7b7c5328b2e6e304d6,train
data/indian_saree/train/Banarasi/images152_jpg.rf.e96b1334a723cc1010f96a7472ff5816.jpg,indian_patterns,train,Banarasi,,aug_3d759bab7fb8,,340261df092801c0a946accc989d3172,train
data/indian_saree/train/Banarasi/images152_jpg.rf.fef0ffb11be9a55a5bfbb33f88eea38d.jpg,indian_patterns,train,Banarasi,,aug_3d759bab7fb8,,19531e31ed8e98e54b96e0e3ff6edf8a,train
data/indian_saree/train/Banarasi/images153_jpg.rf.49c550e5d15dbadf25ed92128adcc225.jpg,indian_patterns,train,Banarasi,,aug_e53cd2fb1a45,,1e1802503431723fe015f3d1a40d9904,train
data/indian_saree/train/Banarasi/images153_jpg.rf.a93830c76ec1a44681ecf644cc033855.jpg,indian_patterns,train,Banarasi,,aug_e53cd2fb1a45,,2edd3bc3bedf8835f180117d7af65bc0,train
data/indian_saree/train/Banarasi/images153_jpg.rf.bb8c8419dfc2e7a2ee76e1a86d65a52e.jpg,indian_patterns,train,Banarasi,,aug_e53cd2fb1a45,,da513f7372527a14389ea4a408e885cb,train
data/indian_saree/train/Banarasi/images156_jpg.rf.505a6754904bc7c14b1477edabc06a0b.jpg,indian_patterns,train,Banarasi,,aug_4b3842240f99,,87430e5a27b4367f2e422122910f645f,train
data/indian_saree/train/Banarasi/images156_jpg.rf.cfff0a9409345d049106eb14493f7c7e.jpg,indian_patterns,train,Banarasi,,aug_4b3842240f99,,d911d19c77cde9844c62bd82c7a9c9e1,train
data/indian_saree/train/Banarasi/images156_jpg.rf.d8573b3f1c82d49610885e5062577c99.jpg,indian_patterns,train,Banarasi,,aug_4b3842240f99,,7b572a36888092e39edb8074f67751a7,train
data/indian_saree/train/Banarasi/images161_jpg.rf.1e4a7aa67926ab71366fdd13969a0c0a.jpg,indian_patterns,train,Banarasi,,aug_17b22574424f,,817d3eb3bc82c2082c539bedc9bf5eba,train
data/indian_saree/train/Banarasi/images161_jpg.rf.92800cb77ca5f6a087c7e05909ff3308.jpg,indian_patterns,train,Banarasi,,aug_17b22574424f,,951b5260d1bdf2495a6dcc98207fdae7,train
data/indian_saree/train/Banarasi/images161_jpg.rf.9fb70ce883536dc81f1c4675b1644bf7.jpg,indian_patterns,train,Banarasi,,aug_17b22574424f,,dffd52a0fb1fc99d87a6b1ce4c615b38,train
data/indian_saree/train/Banarasi/images163_jpg.rf.82d3abf45287d4ff49e1f42dd0396cd4.jpg,indian_patterns,train,Banarasi,,aug_fac0e8efab16,,6237b67fa35302cde1044fc61e1eeec7,train
data/indian_saree/train/Banarasi/images163_jpg.rf.e9d2644af86b726dbb9e37fcae94d0dc.jpg,indian_patterns,train,Banarasi,,aug_fac0e8efab16,,a74d5686883d28c409d967297a9afb78,train
data/indian_saree/train/Banarasi/images163_jpg.rf.f46318a8403667e13f0ac095968890c2.jpg,indian_patterns,train,Banarasi,,aug_fac0e8efab16,,23ca8f69bc4406599e3e681bc9db6870,train
data/indian_saree/train/Banarasi/images165_jpg.rf.1c47f8b929efb0ce5b2c58020497f4fd.jpg,indian_patterns,train,Banarasi,,aug_38b1f4ef9fcd,,ce1c4574f177b2431c8c764399ea685b,train
data/indian_saree/train/Banarasi/images165_jpg.rf.3641c1f7d57f841390829028f1dc3e5c.jpg,indian_patterns,train,Banarasi,,aug_38b1f4ef9fcd,,49f4774bc448df7b0daf318ca1feceb4,train
data/indian_saree/train/Banarasi/images165_jpg.rf.a0dfe5c77a90e724e553b05a243b545d.jpg,indian_patterns,train,Banarasi,,aug_38b1f4ef9fcd,,3d61ba1832aaf739aafb0d7a05cb69a7,train
data/indian_saree/train/Banarasi/images169_jpg.rf.0a7d30ac4d4a731430ebca63062c82b6.jpg,indian_patterns,train,Banarasi,,aug_d28dd89ef7ca,,3f25d2b7f95d694d3f96c8a749bb34c0,train
data/indian_saree/train/Banarasi/images169_jpg.rf.55d29f572c8370b7b355d9e61ed039f3.jpg,indian_patterns,train,Banarasi,,aug_d28dd89ef7ca,,cf3f2806dffb7d316bd403cd087c749b,train
data/indian_saree/train/Banarasi/images169_jpg.rf.8ef2a9172d75dc28b37f99acb93f8dfe.jpg,indian_patterns,train,Banarasi,,aug_d28dd89ef7ca,,9e377ea053b04d0f918ec11deef48916,train
data/indian_saree/train/Banarasi/images16_jpg.rf.8af227dd4050d55f5c8d120339315b65.jpg,indian_patterns,train,Banarasi,,aug_0d48913d63d1,,aedaf488209bf8f4c9a1da8c13fff815,train
data/indian_saree/train/Banarasi/images16_jpg.rf.aefe5299efcff5f76cee5b6661e09ab5.jpg,indian_patterns,train,Banarasi,,aug_0d48913d63d1,,528cf4904c15b5db0802f22a7a10678c,train
data/indian_saree/train/Banarasi/images16_jpg.rf.db40ea3d983ece3669f8ac9f32d0e6b7.jpg,indian_patterns,train,Banarasi,,aug_0d48913d63d1,,d3882d6fda29db7b0c570de8b34c6b88,train
data/indian_saree/train/Banarasi/images170_jpg.rf.60f175403ad1c7b5a35b4b2b236c2367.jpg,indian_patterns,train,Banarasi,,aug_a4ce8d5cd29f,,215869f4ef3800bfd3476dfd669b5ee6,train
data/indian_saree/train/Banarasi/images170_jpg.rf.857dec9f1f38be031b756ebec9f61891.jpg,indian_patterns,train,Banarasi,,aug_a4ce8d5cd29f,,ab6c61f6d2c93f0cf2b6cda0951d3b9e,train
data/indian_saree/train/Banarasi/images170_jpg.rf.c45e5475901cd3ce3a6694e3b16dafd8.jpg,indian_patterns,train,Banarasi,,aug_a4ce8d5cd29f,,fd87b1314d282a28782b13c3ca8d2458,train
data/indian_saree/train/Banarasi/images174_jpg.rf.6059086dfc8148243b15e171b72581ac.jpg,indian_patterns,train,Banarasi,,aug_f1f3153d3148,,f7c4abd721104c6493c65131aa98bb39,train
data/indian_saree/train/Banarasi/images174_jpg.rf.6502b253ca2475ee963a94a8a469ca6b.jpg,indian_patterns,train,Banarasi,,aug_f1f3153d3148,,ef7b075b8cb15dea9e2348d2590fe4fd,train
data/indian_saree/train/Banarasi/images174_jpg.rf.eae3d1623354c6103d86d6a4116a91bb.jpg,indian_patterns,train,Banarasi,,aug_f1f3153d3148,,c766f7e53d1f77ed9aa6b81a4670b9cb,train
data/indian_saree/train/Banarasi/images175_jpg.rf.43a5974598c88efc8e006e03a0fd867b.jpg,indian_patterns,train,Banarasi,,aug_8923b1354235,,cb856d7c2d59e17820465fbd0bed0aa3,train
data/indian_saree/train/Banarasi/images175_jpg.rf.856a2d91a0c766c7bc8c93bc8fe72cd1.jpg,indian_patterns,train,Banarasi,,aug_8923b1354235,,371c47ffb1ec78930ae066168cccf2f6,train
data/indian_saree/train/Banarasi/images175_jpg.rf.af0c17297c81ddf605673058022d235b.jpg,indian_patterns,train,Banarasi,,aug_8923b1354235,,94c4cc62f8764a0a5c8e4b7290e05e47,train
data/indian_saree/train/Banarasi/images176_jpg.rf.25a9b89c0ce3cbd2e8573e868f713ca5.jpg,indian_patterns,train,Banarasi,,aug_71ec456bf9bc,,74e454a8c10a5cba47b8d309a814e048,train
data/indian_saree/train/Banarasi/images176_jpg.rf.be49e339264dfef0c7b588d731bfb5fb.jpg,indian_patterns,train,Banarasi,,aug_71ec456bf9bc,,d3fb7d571a40694922187e06645a3c9f,train
data/indian_saree/train/Banarasi/images176_jpg.rf.e0af7ada0ff4824674050c51e5d1df99.jpg,indian_patterns,train,Banarasi,,aug_71ec456bf9bc,,89b6d8ed3f1907e336ff88dcc9afe8e8,train
data/indian_saree/train/Banarasi/images178_jpg.rf.62c8129d026008ca34dd768d2ed0e5b9.jpg,indian_patterns,train,Banarasi,,aug_d6df1b1922c2,,9c23ffd859e8538a0fd63c399f6c4052,train
data/indian_saree/train/Banarasi/images178_jpg.rf.7f0f36b4af9928b1d3a3b035739bdf74.jpg,indian_patterns,train,Banarasi,,aug_d6df1b1922c2,,20e9b6e1cecd9123c8b034d57dffa4a3,train
data/indian_saree/train/Banarasi/images178_jpg.rf.dc077aea029ae0af66696c7bbd3bc2fa.jpg,indian_patterns,train,Banarasi,,aug_d6df1b1922c2,,07894db82ee038a0203ae9ea2fc74890,train
data/indian_saree/train/Banarasi/images22_jpg.rf.056a47dfc381a9ee20624c888577bcbc.jpg,indian_patterns,train,Banarasi,,aug_70f90b622e8d,,82009cd8772ec038131ce7aab473887b,train
data/indian_saree/train/Banarasi/images22_jpg.rf.14417130dc0319c2152a489df781c439.jpg,indian_patterns,train,Banarasi,,aug_70f90b622e8d,,e907d3efe5dff2381627b42e0f89e59a,train
data/indian_saree/train/Banarasi/images22_jpg.rf.a80b90db596fbdd4f401bc486c4a57d7.jpg,indian_patterns,train,Banarasi,,aug_70f90b622e8d,,958dca9f9632eb7c14c2617b5514a323,train
data/indian_saree/train/Banarasi/images31_jpg.rf.8781add40ab1f235f19ba2ef7032cc37.jpg,indian_patterns,train,Banarasi,,aug_d6d9c98d9fd5,,365b14545e1d21256c9adc3e4839f7ac,train
data/indian_saree/train/Banarasi/images31_jpg.rf.c592bca90754534dca9ff03332f5cb43.jpg,indian_patterns,train,Banarasi,,aug_d6d9c98d9fd5,,92d232f45542ad30b100e399113c6473,train
data/indian_saree/train/Banarasi/images31_jpg.rf.f96c28091b113c1dcca186ff9313b93b.jpg,indian_patterns,train,Banarasi,,aug_d6d9c98d9fd5,,096aaa8d43b6aaff731eef8f8d74ff6c,train
data/indian_saree/train/Banarasi/images33_jpg.rf.23b904d721b487ad0b621bb11bb9e02f.jpg,indian_patterns,train,Banarasi,,aug_d7a871e1aeae,,3ecee2312b886df693e5c517f29b9b96,train
data/indian_saree/train/Banarasi/images33_jpg.rf.51a4805894fd6592b87b7c1435098478.jpg,indian_patterns,train,Banarasi,,aug_d7a871e1aeae,,2f024c8281349539460e0a8b17f06a38,train
data/indian_saree/train/Banarasi/images33_jpg.rf.e217b54883f6b51dc675644d13a0c2b6.jpg,indian_patterns,train,Banarasi,,aug_d7a871e1aeae,,eacda63c1d363462bbbcf25f151ac8d7,train
data/indian_saree/train/Banarasi/images36_jpg.rf.1acc41f26748c784f3890b39ae1a6154.jpg,indian_patterns,train,Banarasi,,aug_fd332d7619a9,,48953d72e45901ea67ccba1a5d6da8bd,train
data/indian_saree/train/Banarasi/images36_jpg.rf.23a0e08774e55fbade1d4fe281a30e6b.jpg,indian_patterns,train,Banarasi,,aug_fd332d7619a9,,a1d9aab5039bd087d02fca2b3b04a5ab,train
data/indian_saree/train/Banarasi/images36_jpg.rf.5abb9d95e5b950f1061e6261dc6e90b4.jpg,indian_patterns,train,Banarasi,,aug_fd332d7619a9,,71d7e680b0d07e30175b4f3c8bcb336a,train
data/indian_saree/train/Banarasi/images37_jpg.rf.2e18c4e6dd30ba0831e1572f6f8102a1.jpg,indian_patterns,train,Banarasi,,aug_2289c2a4d3f2,,ef34b2f8e13a51c3b0fe5fdba8cc301b,train
data/indian_saree/train/Banarasi/images37_jpg.rf.b01ca8af3e5e42723ab1a7f432bfc0a3.jpg,indian_patterns,train,Banarasi,,aug_2289c2a4d3f2,,4f929d4d45f9908c6118a8b33eb858d6,train
data/indian_saree/train/Banarasi/images37_jpg.rf.fa613a5abb848deae78738bb133b06c3.jpg,indian_patterns,train,Banarasi,,aug_2289c2a4d3f2,,548819b9ac0d65c93d57b369bd8bf929,train
data/indian_saree/train/Banarasi/images39_jpg.rf.2278a1a2e45b267b208b3c2a8ebe3ef6.jpg,indian_patterns,train,Banarasi,,aug_1670201bf371,,ff613d4df87e837bec454514e53e8e63,train
data/indian_saree/train/Banarasi/images39_jpg.rf.5d489587218e2a3a0f5f1d4a42872998.jpg,indian_patterns,train,Banarasi,,aug_1670201bf371,,8fc4bf29d8181f2324f35abbd3f59fe8,train
data/indian_saree/train/Banarasi/images39_jpg.rf.d0b5ef5edd7a579548ea98739dea2230.jpg,indian_patterns,train,Banarasi,,aug_1670201bf371,,1828ace5d0092ec702406c7998460333,train
data/indian_saree/train/Banarasi/images42_jpg.rf.5b7f68c31bb175408841a65ecb6110a1.jpg,indian_patterns,train,Banarasi,,aug_0537fada6a8e,,7f9e1f2502b6f853ff81d672ef80a1c7,train
data/indian_saree/train/Banarasi/images42_jpg.rf.6b45c8728ef42529431088f6a00989e0.jpg,indian_patterns,train,Banarasi,,aug_0537fada6a8e,,034687c94a938bdda7ae62fe13c240f0,train
data/indian_saree/train/Banarasi/images42_jpg.rf.f51497705b1aa00fcd553c03ebfb877e.jpg,indian_patterns,train,Banarasi,,aug_0537fada6a8e,,f1ad69dd39fc3a2de80ead52086827e3,train
data/indian_saree/train/Banarasi/images44_jpg.rf.2978d92b7fe407b160d476000f9b6a50.jpg,indian_patterns,train,Banarasi,,aug_88533ef00b9b,,aec8781d4e2e4672eee986f54077fc14,train
data/indian_saree/train/Banarasi/images44_jpg.rf.6ad1f0711635846fb600e2c1aed7a57a.jpg,indian_patterns,train,Banarasi,,aug_88533ef00b9b,,ccf7015c9a8ec32d0591df0906c04f7b,train
data/indian_saree/train/Banarasi/images44_jpg.rf.c6beac41a3e9bd620367c0be22ffaf84.jpg,indian_patterns,train,Banarasi,,aug_88533ef00b9b,,77f9cccf2ceb468611776b4f845c7d2e,train
data/indian_saree/train/Banarasi/images45_jpg.rf.09b32026a68dbf0f55c1f64c90caac99.jpg,indian_patterns,train,Banarasi,,aug_527983c4894e,,e3b0b10deb3d334c9a686c8554bd80fb,train
data/indian_saree/train/Banarasi/images45_jpg.rf.fa449ce6541293d7041ab5f6fa1cd742.jpg,indian_patterns,train,Banarasi,,aug_527983c4894e,,647761bcf965aea0167ce230d6ce7de4,train
data/indian_saree/train/Banarasi/images45_jpg.rf.fc4daf14689fb0b89e20e0094858f007.jpg,indian_patterns,train,Banarasi,,aug_527983c4894e,,3896dd0ab6f57e956ed9ce08dbd1d037,train
data/indian_saree/train/Banarasi/images46_jpg.rf.062e7b01baadf52ffd6e44a138d7b454.jpg,indian_patterns,train,Banarasi,,aug_4359a67727b3,,737099caf045e406f950e49733ec9fd5,train
data/indian_saree/train/Banarasi/images46_jpg.rf.2977dcdb64f6701fac5ea5961acf7e5a.jpg,indian_patterns,train,Banarasi,,aug_4359a67727b3,,710e986ea63dc15540dbf06eeeb85eb7,train
data/indian_saree/train/Banarasi/images46_jpg.rf.4e2eaf3366d5b48fcdf1fbe7d0598daf.jpg,indian_patterns,train,Banarasi,,aug_4359a67727b3,,05a3d82e923d35032efa473afbd6acd7,train
data/indian_saree/train/Banarasi/images47_jpg.rf.300c2deb65bcaf51a1361b3ed31d1ea5.jpg,indian_patterns,train,Banarasi,,aug_b4befd2446f5,,da85b8087ab0bad6c732e647b16192cc,train
data/indian_saree/train/Banarasi/images47_jpg.rf.7c06aa72f2198a80f40d34930611ed6b.jpg,indian_patterns,train,Banarasi,,aug_b4befd2446f5,,4e2703a5b0dbdcc902c52425c8a7179e,train
data/indian_saree/train/Banarasi/images47_jpg.rf.d9dffc8fde002ba9c3147034809a353f.jpg,indian_patterns,train,Banarasi,,aug_b4befd2446f5,,f46e04f3f39b0ace40a57df0448b2691,train
data/indian_saree/train/Banarasi/images4_jpg.rf.17a8139aef0ab166e5ae1e4b72230d27.jpg,indian_patterns,train,Banarasi,,aug_2f8aa761e6f6,,724ac597b505d5620bb177c2a25aec2b,train
data/indian_saree/train/Banarasi/images4_jpg.rf.2431abc4d0c043ecfd654f1a3b9de171.jpg,indian_patterns,train,Banarasi,,aug_2f8aa761e6f6,,71c9b7ece8875b62f4d681fc8b8b07a2,train
data/indian_saree/train/Banarasi/images4_jpg.rf.63a6f02c7460ee0af0c92dfb65c74a7d.jpg,indian_patterns,train,Banarasi,,aug_2f8aa761e6f6,,f03106d142c74fd0ef128e34e1a53378,train
data/indian_saree/train/Banarasi/images50_jpg.rf.4194f9039be82e91a02591374c187879.jpg,indian_patterns,train,Banarasi,,aug_ae7574c522ca,,908b162f542b8b1ed7a0ce7fe3a5198c,train
data/indian_saree/train/Banarasi/images50_jpg.rf.64a2093d0f2aa8e4a907507962061ca9.jpg,indian_patterns,train,Banarasi,,aug_ae7574c522ca,,b97355f9f58cdee5b915155503a53ac4,train
data/indian_saree/train/Banarasi/images50_jpg.rf.883b89133863df5a86fb266b3c36cc63.jpg,indian_patterns,train,Banarasi,,aug_ae7574c522ca,,4466b428efb2cd27119fa42bb4a58ef6,train
data/indian_saree/train/Banarasi/images56_jpg.rf.1977d9d8213dcf76d1ef89e1b27e9849.jpg,indian_patterns,train,Banarasi,,aug_fe623ca80342,,d07511c88a24c160283835b85e10bd02,train
data/indian_saree/train/Banarasi/images56_jpg.rf.68d1fcf48d21efc9fefda98e59879224.jpg,indian_patterns,train,Banarasi,,aug_fe623ca80342,,d752decd935c442ad17c0381f7ff721e,train
data/indian_saree/train/Banarasi/images56_jpg.rf.b334b6e160af3a5854fcb28703c64e15.jpg,indian_patterns,train,Banarasi,,aug_fe623ca80342,,701290e1a3979fff400ae8ecc7d13ac2,train
data/indian_saree/train/Banarasi/images57_jpg.rf.648e1a56b71dc78bf6689261947bb165.jpg,indian_patterns,train,Banarasi,,aug_19e282ed8b34,,ffd7c4abc1467dbc08acc60b529a733d,train
data/indian_saree/train/Banarasi/images57_jpg.rf.95bae88927041e6807c96dddcebab754.jpg,indian_patterns,train,Banarasi,,aug_19e282ed8b34,,f24478d392ec93f67900e3b6f0d0ce94,train
data/indian_saree/train/Banarasi/images57_jpg.rf.f77d2a71b98bd43ebff65e275c8a9978.jpg,indian_patterns,train,Banarasi,,aug_19e282ed8b34,,22265dd947a76b4568b4dabb64fd126f,train
data/indian_saree/train/Banarasi/images59_jpg.rf.0fc3ae909d945cf714ed8eb008425e09.jpg,indian_patterns,train,Banarasi,,aug_ffc8f75db11f,,3434d191a25c9c6a55c1b98a5b4fd5c7,train
data/indian_saree/train/Banarasi/images59_jpg.rf.b266524ea2f4222d7f1492686d8c9101.jpg,indian_patterns,train,Banarasi,,aug_ffc8f75db11f,,64aa34747bd018f726d6e84722fe0785,train
data/indian_saree/train/Banarasi/images59_jpg.rf.fe2c334a8217a23cd71c2842a7cd05b2.jpg,indian_patterns,train,Banarasi,,aug_ffc8f75db11f,,9e5d59499f5e1c2ebdc3e08e0dc92a83,train
data/indian_saree/train/Banarasi/images5_jpg.rf.84059d95c347f08815b5cce4bf41adf8.jpg,indian_patterns,train,Banarasi,,aug_f134dd57fe0c,,a297dfcc4e8b4827d932730114e32429,train
data/indian_saree/train/Banarasi/images5_jpg.rf.8b20480ee0911dd2d1c6e1b16d673a00.jpg,indian_patterns,train,Banarasi,,aug_f134dd57fe0c,,01ac579114c33965d1656f035e549483,train
data/indian_saree/train/Banarasi/images5_jpg.rf.8e69c0f08d6adc5444033014e1d225c7.jpg,indian_patterns,train,Banarasi,,aug_f134dd57fe0c,,5b52fd89c73ab250d05bc75c19fd47a7,train
data/indian_saree/train/Banarasi/images63_jpg.rf.41935acd0e0ff0e8db61f4b0050c88de.jpg,indian_patterns,train,Banarasi,,aug_628cc65c5b0c,,2d7664c58ee036a239069e34f2e2872f,train
data/indian_saree/train/Banarasi/images63_jpg.rf.50d01106355b39a46c8edfca08c80d26.jpg,indian_patterns,train,Banarasi,,aug_628cc65c5b0c,,7efaa0f73afa6c6c8cd335f9b757deb8,train
data/indian_saree/train/Banarasi/images63_jpg.rf.dc3e336de67b89d26be64eca592e5f3d.jpg,indian_patterns,train,Banarasi,,aug_628cc65c5b0c,,3e35aa6072031ea19d500da1ba8235ae,train
data/indian_saree/train/Banarasi/images6_jpg.rf.ae8ff67580fb5f05816fc3026c207d96.jpg,indian_patterns,train,Banarasi,,aug_36404970eb70,,18feee275651b8ae434578e878160cdb,train
data/indian_saree/train/Banarasi/images6_jpg.rf.d6b794bba23ff05b57eaefafff6e53cc.jpg,indian_patterns,train,Banarasi,,aug_36404970eb70,,2a62f27f65bebf08e7593fedd71ea195,train
data/indian_saree/train/Banarasi/images6_jpg.rf.f5029f29ce888a8d6dc7464e0d785927.jpg,indian_patterns,train,Banarasi,,aug_36404970eb70,,0f1ff616d2385223071fbadcd23311bf,train
data/indian_saree/train/Banarasi/images70_jpg.rf.061b041ebf28a4b948e08d9321342351.jpg,indian_patterns,train,Banarasi,,aug_cca69db0d4ef,,60f5a4c696787f0b5c245616848af286,train
data/indian_saree/train/Banarasi/images70_jpg.rf.31f61db16ecfc39872a96ff9b21c365a.jpg,indian_patterns,train,Banarasi,,aug_cca69db0d4ef,,9278c43dc65e87f4a148ff8be0726ad4,train
data/indian_saree/train/Banarasi/images70_jpg.rf.ef41784b4ca083101823b4876f27f48a.jpg,indian_patterns,train,Banarasi,,aug_cca69db0d4ef,,ef9e2ac5c6316306bf9f38f4b9c9be2d,train
data/indian_saree/train/Banarasi/images71_jpg.rf.0f5727bd140ee608535d8232110f44da.jpg,indian_patterns,train,Banarasi,,aug_74291becc5db,,12d93a153d2e2c0d49b2ea22bcc315af,train
data/indian_saree/train/Banarasi/images71_jpg.rf.41ddcec4b3bd4e177917dcfab2ce7050.jpg,indian_patterns,train,Banarasi,,aug_74291becc5db,,56a6b0d59863455549a3401d316ded67,train
data/indian_saree/train/Banarasi/images71_jpg.rf.e2dd4a3a283d90aade7a4a6db32cf2a8.jpg,indian_patterns,train,Banarasi,,aug_74291becc5db,,e1f0e15e84f20f93e032221c9be3b9bf,train
data/indian_saree/train/Banarasi/images75_jpg.rf.4a795814517b1bdf965c452a5391d051.jpg,indian_patterns,train,Banarasi,,aug_d5827dcb2755,,b8e21f47221ee02ff6a96588eb0e6936,train
data/indian_saree/train/Banarasi/images75_jpg.rf.4dce37e530cc97875c87cddf82fcbf70.jpg,indian_patterns,train,Banarasi,,aug_d5827dcb2755,,d68c053f20585dd3240a033780756193,train
data/indian_saree/train/Banarasi/images75_jpg.rf.7d37f1aae5ef6ed78bcc3622b7ef1242.jpg,indian_patterns,train,Banarasi,,aug_d5827dcb2755,,df22fb03ed42ea0dbde638821287a5e3,train
data/indian_saree/train/Banarasi/images84_jpg.rf.22060d4ce9588ac15d6663a240561d7b.jpg,indian_patterns,train,Banarasi,,aug_4e97d3f4f519,,1e060a4641fa9d0995191bdde48a5e6e,train
data/indian_saree/train/Banarasi/images84_jpg.rf.2467ae90a680a0762d5d687772a813ab.jpg,indian_patterns,train,Banarasi,,aug_4e97d3f4f519,,6b2f977b27b7cd3a83dd740bb588601b,train
data/indian_saree/train/Banarasi/images84_jpg.rf.3ee9b85a794ced931cd764cc950c5f56.jpg,indian_patterns,train,Banarasi,,aug_4e97d3f4f519,,2579353d8fe32db18ed48ed750d6fb9c,train
data/indian_saree/train/Banarasi/images85_jpg.rf.193a52b2f5381789d2c896e5705fbf3b.jpg,indian_patterns,train,Banarasi,,aug_a6ffba2bf9e9,,4b6b7f56761a05539721878a12caf73d,train
data/indian_saree/train/Banarasi/images85_jpg.rf.95e89da6399b530c0f007038cfb9a1b3.jpg,indian_patterns,train,Banarasi,,aug_a6ffba2bf9e9,,172713641fa61d2ae093006e3c1346c7,train
data/indian_saree/train/Banarasi/images85_jpg.rf.96bdc3e4aca68de289fbf332b1564e83.jpg,indian_patterns,train,Banarasi,,aug_a6ffba2bf9e9,,90f054a473980c3ccf79a160f04a9c05,train
data/indian_saree/train/Banarasi/images90_jpg.rf.74b8996b953518e52f98dffee2720de4.jpg,indian_patterns,train,Banarasi,,aug_917354a718e4,,c851cba148075aa0b15b3f76186a1591,train
data/indian_saree/train/Banarasi/images90_jpg.rf.ccc5c694bc34a07d1761138c5c3d1f2f.jpg,indian_patterns,train,Banarasi,,aug_917354a718e4,,ccd6a3bd5b0a6873db9cf8a989f44fc7,train
data/indian_saree/train/Banarasi/images90_jpg.rf.de88121ec0e716d6c1fd4d97029df30c.jpg,indian_patterns,train,Banarasi,,aug_917354a718e4,,cc3b4a1cdae58e1b36c8a1ab723b9f63,train
data/indian_saree/train/Banarasi/images91_jpg.rf.13a85814f1707d66fd7dd432cf6101ec.jpg,indian_patterns,train,Banarasi,,aug_ddf82e235263,,b475c03fae60d3fb811b52c02b21ee69,train
data/indian_saree/train/Banarasi/images91_jpg.rf.1e5377c180022989b5061175ec7dcc63.jpg,indian_patterns,train,Banarasi,,aug_ddf82e235263,,0eb28174b03c8a0852ec167e9fa59da6,train
data/indian_saree/train/Banarasi/images91_jpg.rf.8296536a8d4c739c6a551a4ca5c6c6cd.jpg,indian_patterns,train,Banarasi,,aug_ddf82e235263,,e272ebb257f54a7a8528dcfcf663a514,train
data/indian_saree/train/Banarasi/images99_jpg.rf.416d1c94bb9a6b14bcb65949b7810774.jpg,indian_patterns,train,Banarasi,,aug_9b1a368e4033,,8957ed79e347d06e347effe7c3c71bd8,train
data/indian_saree/train/Banarasi/images99_jpg.rf.9d76929021fb7e3478d27504d273df70.jpg,indian_patterns,train,Banarasi,,aug_9b1a368e4033,,ddff0a177bd0f214e3040dacdfad865c,train
data/indian_saree/train/Banarasi/images99_jpg.rf.fc64e4871eed1206368e1353e19c00e7.jpg,indian_patterns,train,Banarasi,,aug_9b1a368e4033,,5990e06ebb223d1e0044521bd5ecebd5,train
data/indian_saree/train/Banarasi/images9_jpg.rf.4e6dfb01896238475c9b86c674934736.jpg,indian_patterns,train,Banarasi,,aug_a33fa719f7a0,,338f8b6a573ca8c1ce39a2c40125c473,train
data/indian_saree/train/Banarasi/images9_jpg.rf.6be764615c17aac3553c5f7c0eff76c4.jpg,indian_patterns,train,Banarasi,,aug_a33fa719f7a0,,491b92e9936aef563c5a38be61793d35,train
data/indian_saree/train/Banarasi/images9_jpg.rf.ba6ae197a3b4667c5b8b4c054561346b.jpg,indian_patterns,train,Banarasi,,aug_a33fa719f7a0,,f57fd7cce720dedcda000b5b63b33352,train
data/indian_saree/train/Banarasi/images_jpg.rf.58fd062691164a9cf62321c83103fabc.jpg,indian_patterns,train,Banarasi,,aug_aa7ecedb2f6b,,8805302d47b4f8dc8ef84b0c2e078c31,train
data/indian_saree/train/Banarasi/images_jpg.rf.5aa9b050a4b7a54bcb01217cbf66bab1.jpg,indian_patterns,train,Banarasi,,aug_aa7ecedb2f6b,,099f28d55dd3aaa080f92b15e969a30d,train
data/indian_saree/train/Banarasi/images_jpg.rf.8c5b917074b278b1b9f6a1a139cf2235.jpg,indian_patterns,train,Banarasi,,aug_aa7ecedb2f6b,,55a62606dd1bf7a020b1388dde2ba450,train
data/indian_saree/train/Banarasi/img-8790-500x500_jpg.rf.8bc7ee4d6da3863a6ec5a3d963abbf3c.jpg,indian_patterns,train,Banarasi,,aug_e6bc12f60f3f,,75185db2c87f0a29bab943a48bcfed54,train
data/indian_saree/train/Banarasi/img-8790-500x500_jpg.rf.acfce184a6c0642a404956c9a297bc3c.jpg,indian_patterns,train,Banarasi,,aug_e6bc12f60f3f,,cdbc5346a421a8597d1e1ace58e9595a,train
data/indian_saree/train/Banarasi/img-8790-500x500_jpg.rf.c2162c383c81bdd50cf7c1cf89c0da0c.jpg,indian_patterns,train,Banarasi,,aug_e6bc12f60f3f,,d565324ee8e38c5374771c61cc8b5ba7,train
data/indian_saree/train/Banarasi/IMG_5624_656c29db-1574-4393-bcb6-4bb543f9ab58_jpg.rf.12485a369bf08a0dde2f04374fb1918d.jpg,indian_patterns,train,Banarasi,,aug_4eae1a0735c5,,f13b6d8e049c32ab0e155442683d6d8e,train
data/indian_saree/train/Banarasi/IMG_5624_656c29db-1574-4393-bcb6-4bb543f9ab58_jpg.rf.74ad3087ce67708360bce523b2f9c363.jpg,indian_patterns,train,Banarasi,,aug_4eae1a0735c5,,b1524843c48443e44d5bb5f1bb783569,train
data/indian_saree/train/Banarasi/IMG_5624_656c29db-1574-4393-bcb6-4bb543f9ab58_jpg.rf.83a3872094d99ece43263605fdbeedf5.jpg,indian_patterns,train,Banarasi,,aug_4eae1a0735c5,,8647b9ff1afb96ff503c14a0f7ab4da2,train
data/indian_saree/train/Banarasi/IMG_E3698_f2513aa9-054c-4113-9f4d-8cf1431b967a_jpg.rf.57919d8875ec8e268bf11a77bd97feb7.jpg,indian_patterns,train,Banarasi,,aug_51b3b1a5c7af,,d5aec4773eb97bb00875d9e2355edcd8,train
data/indian_saree/train/Banarasi/IMG_E3698_f2513aa9-054c-4113-9f4d-8cf1431b967a_jpg.rf.65e74f7c2e902b9fff32dcc0d96b146a.jpg,indian_patterns,train,Banarasi,,aug_51b3b1a5c7af,,0f139725553840fab2bd338b83431f37,train
data/indian_saree/train/Banarasi/IMG_E3698_f2513aa9-054c-4113-9f4d-8cf1431b967a_jpg.rf.8fd6a86c72dfaf1216a1a666a70ec65f.jpg,indian_patterns,train,Banarasi,,aug_51b3b1a5c7af,,5fbc5000f8afc9450642dd64b09af4dd,train
data/indian_saree/train/Banarasi/IMG_E9610_2e0f7cd9-8c98-4cf9-8160-5825b57747c7_jpg.rf.3cc5187b7500e2f2c944332f553181aa.jpg,indian_patterns,train,Banarasi,,aug_d0c308d53a3e,,61dccb740a809560e8dbf6f2dcc0e22a,train
data/indian_saree/train/Banarasi/IMG_E9610_2e0f7cd9-8c98-4cf9-8160-5825b57747c7_jpg.rf.51dd2c3e139c89da68a3295c47a6ec25.jpg,indian_patterns,train,Banarasi,,aug_d0c308d53a3e,,15d4203eb7e888fbfdf55bba9ec2e0ef,train
data/indian_saree/train/Banarasi/IMG_E9610_2e0f7cd9-8c98-4cf9-8160-5825b57747c7_jpg.rf.c3f3da33f162254210779d63480df130.jpg,indian_patterns,train,Banarasi,,aug_d0c308d53a3e,,81a7b3b800bfa3167e2e7d1fe05e14fe,train
data/indian_saree/train/Banarasi/IMG_E9634_jpg.rf.9a903d5774d811e48572c0973dd9e9f2.jpg,indian_patterns,train,Banarasi,,aug_cc4d3d8bcfa6,,52efc1203e60f32e75707f02f0417142,train
data/indian_saree/train/Banarasi/IMG_E9634_jpg.rf.edb4e0771bc5503970631d0d6aefd940.jpg,indian_patterns,train,Banarasi,,aug_cc4d3d8bcfa6,,74ecce633ab9e4940ceea8f8094f9406,train
data/indian_saree/train/Banarasi/IMG_E9634_jpg.rf.fff369ae0b900e506031d2762253cc8e.jpg,indian_patterns,train,Banarasi,,aug_cc4d3d8bcfa6,,28b56b94a8bb168dab22ff134ecd06a4,train
data/indian_saree/train/Banarasi/khinkhwab-brocade-default-title-red-banarasi-semi-silk-border-fabric-18022543130786_jpg.rf.1284a28a84ac375cec7a964f25c8fbf9.jpg,indian_patterns,train,Banarasi,red,aug_1b7d368aef1c,,aac828d62b99a40a3bd5048e89289a0c,train
data/indian_saree/train/Banarasi/khinkhwab-brocade-default-title-red-banarasi-semi-silk-border-fabric-18022543130786_jpg.rf.356ff4284b67c500e953c1f8fdda4e58.jpg,indian_patterns,train,Banarasi,red,aug_1b7d368aef1c,,44f3757e7f0b951fd34e3996edecd8a7,train
data/indian_saree/train/Banarasi/khinkhwab-brocade-default-title-red-banarasi-semi-silk-border-fabric-18022543130786_jpg.rf.9fcbd09ca59ce14fd483a9522ee7bcfd.jpg,indian_patterns,train,Banarasi,red,aug_1b7d368aef1c,,101ed21993ce9ea6f0abe8267959daf8,train
data/indian_saree/train/Banarasi/Maroon_Handloom_Brocade_Fabric_FABN6285_1_jpg.rf.01ca03bc65f52c60cf78722e7953eeed.jpg,indian_patterns,train,Banarasi,maroon,aug_bf36807f6c7a,,ffe6750308e2a51accc598addd621fb1,train
data/indian_saree/train/Banarasi/Maroon_Handloom_Brocade_Fabric_FABN6285_1_jpg.rf.860d8511be3c9c92433f84cb5286c0a3.jpg,indian_patterns,train,Banarasi,maroon,aug_bf36807f6c7a,,729cf2e8a76993cf2cdc8f2c339aa3b3,train
data/indian_saree/train/Banarasi/Maroon_Handloom_Brocade_Fabric_FABN6285_1_jpg.rf.8c197f31bf09ceeecb9c6d667a987edb.jpg,indian_patterns,train,Banarasi,maroon,aug_bf36807f6c7a,,7ea3aac0ddc63661d15b025e92904a86,train
data/indian_saree/train/Banarasi/Maroon_Handloom_Brocade_Fabric_FABN6285_4_jpg.rf.39841b0069195c6f8083c69a12dc3caf.jpg,indian_patterns,train,Banarasi,maroon,aug_2a31dc9863a8,,efb06daf471638bd46268b2eba35a8ff,train
data/indian_saree/train/Banarasi/Maroon_Handloom_Brocade_Fabric_FABN6285_4_jpg.rf.902ca98c7646210de3495649869ff8eb.jpg,indian_patterns,train,Banarasi,maroon,aug_2a31dc9863a8,,15147dd857cb1cfd5d1612fb0ab061a2,train
data/indian_saree/train/Banarasi/Maroon_Handloom_Brocade_Fabric_FABN6285_4_jpg.rf.b6c2bca260e20b1ba2cf13a535fbd7b3.jpg,indian_patterns,train,Banarasi,maroon,aug_2a31dc9863a8,,4f1a0f9cdc188a048c9a59282830327a,train
data/indian_saree/train/Banarasi/MG_9603_jpg.rf.0cc2c3d231b84636669db186019b57ea.jpg,indian_patterns,train,Banarasi,,aug_0929a524d8a2,,25693be280bada20c6984264699a67d6,train
data/indian_saree/train/Banarasi/MG_9603_jpg.rf.370a124ffc20aa23e476354ec16b6290.jpg,indian_patterns,train,Banarasi,,aug_0929a524d8a2,,fa47793bd84a4ca2a8a70e9b9c9d8dc4,train
data/indian_saree/train/Banarasi/MG_9603_jpg.rf.48f8c5a9eca47e389e6eccfd38f713aa.jpg,indian_patterns,train,Banarasi,,aug_0929a524d8a2,,568bd051d5eff8eb1cf54ffcc50daccb,train
data/indian_saree/train/Banarasi/Pink-and-Golden-Flower-Brocade-Banarasi-Fabric-8666_jpg.rf.04391cb605cef69dd1427b98609d1421.jpg,indian_patterns,train,Banarasi,"gold,golden,pink",aug_4ae0ea9d7d56,,91b1cce05e2622ea0ab3379b9589299c,train
data/indian_saree/train/Banarasi/Pink-and-Golden-Flower-Brocade-Banarasi-Fabric-8666_jpg.rf.3374159e08304a90b41f52e7d69d89fd.jpg,indian_patterns,train,Banarasi,"gold,golden,pink",aug_4ae0ea9d7d56,,8d71e243d69ce1e28597df2dbd1ec690,train
data/indian_saree/train/Banarasi/Pink-and-Golden-Flower-Brocade-Banarasi-Fabric-8666_jpg.rf.4cdea93a91e983c57d1be27a6b435ae0.jpg,indian_patterns,train,Banarasi,"gold,golden,pink",aug_4ae0ea9d7d56,,1d6b3c6f6918b13b64a5cd4aca997212,train
data/indian_saree/train/Banarasi/R-TSBR02037-CREATIVE_jpg.rf.97ffa9249605de59da27a5837aadebae.jpg,indian_patterns,train,Banarasi,,aug_3b3272cdac82,,9190a864bc9a86cc7e6b1dbe9028bca4,train
data/indian_saree/train/Banarasi/R-TSBR02037-CREATIVE_jpg.rf.a51d42d6c13eee12014713a76f579e48.jpg,indian_patterns,train,Banarasi,,aug_3b3272cdac82,,2a95e9af7d9b5da8211e16019ff62e21,train
data/indian_saree/train/Banarasi/R-TSBR02037-CREATIVE_jpg.rf.a5626e85a7654d401d8d67d2f380c72b.jpg,indian_patterns,train,Banarasi,,aug_3b3272cdac82,,0628c32abb541e18ed4c26dca3a4657d,train
data/indian_saree/train/Banarasi/red-traditonal-banarasi-silk-brocade-fabric-2018415488-kfz42azv_jpg.rf.23279327685e1acfb64a0c358bad50cf.jpg,indian_patterns,train,Banarasi,red,aug_d55923a42710,,4ef22907b96fc0cd94d1b261cdbaf282,train
data/indian_saree/train/Banarasi/red-traditonal-banarasi-silk-brocade-fabric-2018415488-kfz42azv_jpg.rf.49c14c1349b1805657cb65fc8f0f5c0f.jpg,indian_patterns,train,Banarasi,red,aug_d55923a42710,,af7ddfdd98f8b460df37d1874460a344,train
data/indian_saree/train/Banarasi/red-traditonal-banarasi-silk-brocade-fabric-2018415488-kfz42azv_jpg.rf.a6075884ca3c3ce5a317314aa042cb08.jpg,indian_patterns,train,Banarasi,red,aug_d55923a42710,,41d7269b1721763cde93d1cff5fd076c,train
data/indian_saree/train/Banarasi/sf40490b-saroj-fabrics-banarasi-silk-fabric_jpg.rf.2728f6e3bbd8b3f300b4f511430833dd.jpg,indian_patterns,train,Banarasi,,aug_182b96b2849e,,f2152169d2684cfe7431a2cfd0a6881f,train
data/indian_saree/train/Banarasi/sf40490b-saroj-fabrics-banarasi-silk-fabric_jpg.rf.5375d52ac2a56524298a065fd93587d0.jpg,indian_patterns,train,Banarasi,,aug_182b96b2849e,,c04669e5d1cd583f0d9279904e6eb1db,train
data/indian_saree/train/Banarasi/sf40490b-saroj-fabrics-banarasi-silk-fabric_jpg.rf.cacfa3867fe4dcace8b06722005f91d1.jpg,indian_patterns,train,Banarasi,,aug_182b96b2849e,,b97ef3f2e926b1eaa17479e4f7e7551c,train
data/indian_saree/train/Banarasi/sf40595-saroj-fabrics-purple-banarasi-fabric_jpg.rf.555e3e96d5d2ad851e7a9516e0e9c43e.jpg,indian_patterns,train,Banarasi,purple,aug_e196a9161e00,,79096d3d940b26570fa5e351191ee27e,train
data/indian_saree/train/Banarasi/sf40595-saroj-fabrics-purple-banarasi-fabric_jpg.rf.5a6dd56c4256b1a895437551f60fa47a.jpg,indian_patterns,train,Banarasi,purple,aug_e196a9161e00,,e67c783746ba0231bfb0626a9e883884,train
data/indian_saree/train/Banarasi/sf40595-saroj-fabrics-purple-banarasi-fabric_jpg.rf.f593782291de30e4585e773348321251.jpg,indian_patterns,train,Banarasi,purple,aug_e196a9161e00,,4756459f21edd2730d13053748f224eb,train
data/indian_saree/train/Banarasi/sf40680-saroj-fabrics-pure-banarasi-fabric_jpg.rf.06d7eb6314385f9b48ec554a4031582a.jpg,indian_patterns,train,Banarasi,,aug_ae42880fabbb,,4d2bbcfb416c91b0ce5a3787abfbd3b1,train
data/indian_saree/train/Banarasi/sf40680-saroj-fabrics-pure-banarasi-fabric_jpg.rf.8cd8e0fdc6d98af7cb8707508bc4215e.jpg,indian_patterns,train,Banarasi,,aug_ae42880fabbb,,67302c0341c6cea8e25ec1de443f180a,train
data/indian_saree/train/Banarasi/sf40680-saroj-fabrics-pure-banarasi-fabric_jpg.rf.a8969afcfbae606c4746184bc00cbd1f.jpg,indian_patterns,train,Banarasi,,aug_ae42880fabbb,,d3d7ba1782d0f8af78bac9b6d54cbbc2,train
data/indian_saree/train/Banarasi/sf40681-saroj-fabrics-pure-banarasi-fabric_jpg.rf.687d23c006dbb3e3123ccccc46424fe5.jpg,indian_patterns,train,Banarasi,,aug_c87f77b144f8,,7f51040bb5f46d0afd67eafc56d18791,train
data/indian_saree/train/Banarasi/sf40681-saroj-fabrics-pure-banarasi-fabric_jpg.rf.d47131292824bfb921f9db2465237890.jpg,indian_patterns,train,Banarasi,,aug_c87f77b144f8,,3eed83eaa60a5d650e507d1689ac4815,train
data/indian_saree/train/Banarasi/sf40681-saroj-fabrics-pure-banarasi-fabric_jpg.rf.fd4ad4a51515a4c21bb48ceba5ff8c49.jpg,indian_patterns,train,Banarasi,,aug_c87f77b144f8,,2362b5ac1fe0050fa88dbd8987cf71c7,train
data/indian_saree/train/Banarasi/sfj48245_jpg.rf.39a3025f98f27cfb03da805dd85f1bbb.jpg,indian_patterns,train,Banarasi,,aug_1c3d95bf8ae8,,7f60dcc2bd28557a5d7079cb8108fa10,train
data/indian_saree/train/Banarasi/sfj48245_jpg.rf.7f49dc299e39790aad71f090d3c0f952.jpg,indian_patterns,train,Banarasi,,aug_1c3d95bf8ae8,,d8bea45a3696e4a635bdd57e579282fd,train
data/indian_saree/train/Banarasi/sfj48245_jpg.rf.c73c1458e657197026ae63fea467597a.jpg,indian_patterns,train,Banarasi,,aug_1c3d95bf8ae8,,a0cc3859ceff52fae75802cf4a7ec4a7,train
data/indian_saree/train/Banarasi/sfk45002a-saroj-fabrics-banarasi-silk-fabric_jpg.rf.07421128ea92b98df201e6f308736518.jpg,indian_patterns,train,Banarasi,,aug_ea4af322e0a4,,5485739d8dcc848ab16ac1b528b7db4d,train
data/indian_saree/train/Banarasi/sfk45002a-saroj-fabrics-banarasi-silk-fabric_jpg.rf.08dbaae4a62605d6756b1e504e4b3420.jpg,indian_patterns,train,Banarasi,,aug_ea4af322e0a4,,ad9cfe80deebb81facb7bb2c363f0e0e,train
data/indian_saree/train/Banarasi/sfk45002a-saroj-fabrics-banarasi-silk-fabric_jpg.rf.80c4804a8db145eecd443d9448248f4c.jpg,indian_patterns,train,Banarasi,,aug_ea4af322e0a4,,77b93e5e41896cbdea5a732a03323890,train
data/indian_saree/train/Banarasi/Sky-Blue-Golden-Kinkhab-Banarasi-Silk-Fabric-9331_jpg.rf.5d662ed8d02d926d6ffe341afe0b0ed5.jpg,indian_patterns,train,Banarasi,"blue,gold,golden",aug_7d0cb0854ebc,,3ac7bf798b62bfa9a24f85aaaa3474e8,train
data/indian_saree/train/Banarasi/Sky-Blue-Golden-Kinkhab-Banarasi-Silk-Fabric-9331_jpg.rf.8f1592309a9ba54c0906eec0f7f01bdd.jpg,indian_patterns,train,Banarasi,"blue,gold,golden",aug_7d0cb0854ebc,,4e429e9dde765741490daf29529066ec,train
data/indian_saree/train/Banarasi/Sky-Blue-Golden-Kinkhab-Banarasi-Silk-Fabric-9331_jpg.rf.ca592aa4bbb9e0876b64b934dfa48c43.jpg,indian_patterns,train,Banarasi,"blue,gold,golden",aug_7d0cb0854ebc,,9354016869c0b2547e39567ca3d4788f,train
data/indian_saree/train/Banarasi/T256-PureKatanSilkBanarasiHandloomFabric-4721_1200x_jpg.rf.4680d39dbc182a546ce774800b038ff9.jpg,indian_patterns,train,Banarasi,,aug_0ffc2872440c,,78a53634bf70b368d629d6e468b8836e,train
data/indian_saree/train/Banarasi/T256-PureKatanSilkBanarasiHandloomFabric-4721_1200x_jpg.rf.4f729e9c8a28efd7c9216a2b32b0f03e.jpg,indian_patterns,train,Banarasi,,aug_0ffc2872440c,,ecee15f050b9c36191c1bfcacbf62398,train
data/indian_saree/train/Banarasi/T256-PureKatanSilkBanarasiHandloomFabric-4721_1200x_jpg.rf.d5a13a3d3f45069d2e032735bc011340.jpg,indian_patterns,train,Banarasi,,aug_0ffc2872440c,,22abd84f010f6fc7dd56a1283832e9fc,train
data/indian_saree/train/Banarasi/T310-PureSatinSilkBanarasiShikargahFabricDeepPurple-_5140_1200x_jpg.rf.05fd568b0e5a8a3c01df1625909d834b.jpg,indian_patterns,train,Banarasi,purple,aug_75d4bb6d259c,,b9bb3a5849468feecc9ab5bc6412f6e1,train
data/indian_saree/train/Banarasi/T310-PureSatinSilkBanarasiShikargahFabricDeepPurple-_5140_1200x_jpg.rf.deb740f7023b75ec8fae521b30ea91d7.jpg,indian_patterns,train,Banarasi,purple,aug_75d4bb6d259c,,f378c0f3e8dd5290c4ccca831b75bc95,train
data/indian_saree/train/Banarasi/T310-PureSatinSilkBanarasiShikargahFabricDeepPurple-_5140_1200x_jpg.rf.f4f9612504b7d64b1704d12ad8d1112f.jpg,indian_patterns,train,Banarasi,purple,aug_75d4bb6d259c,,1146ba87888206ae20714d94da7e7597,train
data/indian_saree/train/Banarasi/T380-PureKatanSilkBanarasiHandloomFabricThaanYardageMaroon-9845_1200x_jpg.rf.3cce315d3049073f0707aa39b1467922.jpg,indian_patterns,train,Banarasi,maroon,aug_e648d9e67ab4,,91e1448385ef5e07156624cb0e833012,train
data/indian_saree/train/Banarasi/T380-PureKatanSilkBanarasiHandloomFabricThaanYardageMaroon-9845_1200x_jpg.rf.ca46776a1f468bcd3ed053efcba526b9.jpg,indian_patterns,train,Banarasi,maroon,aug_e648d9e67ab4,,1408619c9a57e975bec1184bc9d7fc46,train
data/indian_saree/train/Banarasi/T380-PureKatanSilkBanarasiHandloomFabricThaanYardageMaroon-9845_1200x_jpg.rf.d3ea6acf903fa84c88c1472fa83b2586.jpg,indian_patterns,train,Banarasi,maroon,aug_e648d9e67ab4,,a5966165f58c8dfcc116102f1d4b2f04,train
data/indian_saree/train/Banarasi/T465-PureSatinSilkShikargahBanarasiFabricDarkGreen-4331_1200x_jpg.rf.5ca02482b2365ed003b4ae8937882587.jpg,indian_patterns,train,Banarasi,green,aug_51bcd1b62855,,d2e157652654384d648cff6001a03693,train
data/indian_saree/train/Banarasi/T465-PureSatinSilkShikargahBanarasiFabricDarkGreen-4331_1200x_jpg.rf.ecd9c0ae2d2082558c84058b71fef941.jpg,indian_patterns,train,Banarasi,green,aug_51bcd1b62855,,d3c2b7c2c5df55d290e8c8f8c61fd247,train
data/indian_saree/train/Banarasi/T465-PureSatinSilkShikargahBanarasiFabricDarkGreen-4331_1200x_jpg.rf.fdcaca9f9612a33285b79374c5d58cec.jpg,indian_patterns,train,Banarasi,green,aug_51bcd1b62855,,e3c49f9f57163a204faf0229f9fd7984,train
data/indian_saree/train/Bandhani/075A0970_2d452e62-cbfe-4291-a29d-c1fd59ba46fe_11zon_jpg.rf.54793da65c06e32dfba9d09ec315c10b.jpg,indian_patterns,train,Bandhani,,aug_6c360eb26dd2,,c0b6979a563469552c7b4627c2207b1a,train
data/indian_saree/train/Bandhani/075A0970_2d452e62-cbfe-4291-a29d-c1fd59ba46fe_11zon_jpg.rf.dd49dd69b1df8a80199f651629f21d52.jpg,indian_patterns,train,Bandhani,,aug_6c360eb26dd2,,1fb6ea3fa1435bf63698b6bf3717cca2,train
data/indian_saree/train/Bandhani/075A0970_2d452e62-cbfe-4291-a29d-c1fd59ba46fe_11zon_jpg.rf.fcb024a9c447489de1aadac54c260ef9.jpg,indian_patterns,train,Bandhani,,aug_6c360eb26dd2,,e7bc99dd4f8102eb716bb5b019c89e25,train
data/indian_saree/train/Bandhani/100236239b-640x640_jpg.rf.16541fa28825cbbd41b4c2b68a9c434d.jpg,indian_patterns,train,Bandhani,,aug_558a015f48b6,,346001f578676e450382ba355332d58e,train
data/indian_saree/train/Bandhani/100236239b-640x640_jpg.rf.68da194f62eec620836d99aafe1e92aa.jpg,indian_patterns,train,Bandhani,,aug_558a015f48b6,,f8f5b12daf73756dfcaaed97ba0cff14,train
data/indian_saree/train/Bandhani/100236239b-640x640_jpg.rf.d775dae6a9072482e9fa0ac569abb07a.jpg,indian_patterns,train,Bandhani,,aug_558a015f48b6,,cf1d83a339a242baec8109e23dfaea82,train
data/indian_saree/train/Bandhani/20210407_103036-480x480_jpg.rf.0edc4da9daa1694820add04d2e201a8c.jpg,indian_patterns,train,Bandhani,,aug_2c89185377eb,dup_0000,a81fde62ce0f377cf2d70045e7d47dc9,train
data/indian_saree/train/Bandhani/20210407_103036-480x480_jpg.rf.92f83d9aaf59296fb89fe59689a46491.jpg,indian_patterns,train,Bandhani,,aug_2c89185377eb,dup_0000,a81fde62ce0f377cf2d70045e7d47dc9,train
data/indian_saree/train/Bandhani/20210407_103036-480x480_jpg.rf.d02191fc1e5e8d190adac73f57ba060c.jpg,indian_patterns,train,Bandhani,,aug_2c89185377eb,,1b298693a3214d6e5dcc6bde9dea41fc,train
data/indian_saree/train/Bandhani/20211105-171444-500x500_jpg.rf.1cff7dba3acecfb62aa03059bdeb4a95.jpg,indian_patterns,train,Bandhani,,aug_1230d6d03a9d,,b1cc6712f3dc7e986bedb93ef8db75f6,train
data/indian_saree/train/Bandhani/20211105-171444-500x500_jpg.rf.5190d8dd3f14ddee6a3647c3a468bf78.jpg,indian_patterns,train,Bandhani,,aug_1230d6d03a9d,,365bf5c3dcf9086f3dea3219bcd510de,train
data/indian_saree/train/Bandhani/20211105-171444-500x500_jpg.rf.e1a9d1d33126830ab6bdf2d1f1b72137.jpg,indian_patterns,train,Bandhani,,aug_1230d6d03a9d,,0cbbb7e7dc83ec39990bf193de49e584,train
data/indian_saree/train/Bandhani/20230816_173457-640x640_jpg.rf.12235806aa9c80cd29cf4f08964a4b71.jpg,indian_patterns,train,Bandhani,,aug_ada6b7d07e69,,66b6ef2ce0ce36ed84a1c0ab7323c3a7,train
data/indian_saree/train/Bandhani/20230816_173457-640x640_jpg.rf.f260187b1c9d95d22f2720d4b5b95438.jpg,indian_patterns,train,Bandhani,,aug_ada6b7d07e69,,72420d303a3f1f8874a9bf6e9d1d2fd2,train
data/indian_saree/train/Bandhani/20230816_173457-640x640_jpg.rf.f9c6d731cb62e0ab2de1e808075dfdfd.jpg,indian_patterns,train,Bandhani,,aug_ada6b7d07e69,,d58b8b033b391e855e5765f65a03ef18,train
data/indian_saree/train/Bandhani/20264922_681993195338160_2510720478045997098_n_5859e801-85b1-4051-b103-443e9d601a81_jpg.rf.5963542610c9c78861bc1a01f8b797c3.jpg,indian_patterns,train,Bandhani,,aug_c3daab9f277d,,401357422e2e578c2dcf44d3f2ec46a8,train
data/indian_saree/train/Bandhani/20264922_681993195338160_2510720478045997098_n_5859e801-85b1-4051-b103-443e9d601a81_jpg.rf.73864f028b69797dabd3748614e2a2dd.jpg,indian_patterns,train,Bandhani,,aug_c3daab9f277d,,45f33f23126b8066c24e45e302ce5238,train
data/indian_saree/train/Bandhani/20264922_681993195338160_2510720478045997098_n_5859e801-85b1-4051-b103-443e9d601a81_jpg.rf.fd0281e7f040e8ff978b6be5339cd64e.jpg,indian_patterns,train,Bandhani,,aug_c3daab9f277d,,1c7c06375140c583f323516bd7dfa204,train
data/indian_saree/train/Bandhani/3232592122_jpg.rf.040083a8401153246c1a05b7bac3768a.jpg,indian_patterns,train,Bandhani,,aug_edb2139e8f53,,e5b55d50cf543a0d3751c8a557038a93,train
data/indian_saree/train/Bandhani/3232592122_jpg.rf.1c30b34aa43a164100dbf87dbf548366.jpg,indian_patterns,train,Bandhani,,aug_edb2139e8f53,,5188dedb4a655c63ab391dbfde37ed53,train
data/indian_saree/train/Bandhani/3232592122_jpg.rf.c48e52bff6b8ff17920722f2b5bf6df7.jpg,indian_patterns,train,Bandhani,,aug_edb2139e8f53,,42a5bab6e02810fe7fe1962dc24b01e1,train
data/indian_saree/train/Bandhani/5469_jpg.rf.1e8f9b95f3daaeb7cf82c2fb01f74c28.jpg,indian_patterns,train,Bandhani,,aug_d0dd5cda53e5,,4bf858a55e8e6436d52a2f60e7119ff7,train
data/indian_saree/train/Bandhani/5469_jpg.rf.5a2e0de824c0dde22b329fbb8357bbbf.jpg,indian_patterns,train,Bandhani,,aug_d0dd5cda53e5,,0e2c6ac3e26c1613199790475f062d3f,train
data/indian_saree/train/Bandhani/5469_jpg.rf.91a8a3603545c9244b86a9b822947fc3.jpg,indian_patterns,train,Bandhani,,aug_d0dd5cda53e5,,6cda848901b628b309ad197e6b6aaaf3,train
data/indian_saree/train/Bandhani/7f8e34e356d38bf95a64bf46fcc1288f_jpg.rf.6d195989a63c0a5eacaf16c3b38d257d.jpg,indian_patterns,train,Bandhani,,aug_5d0fe52c6ef1,,b37f104aa5a4c04da1d436aa3d6984df,train
data/indian_saree/train/Bandhani/7f8e34e356d38bf95a64bf46fcc1288f_jpg.rf.ad33ec934164b1da533fb40ddac1ccd7.jpg,indian_patterns,train,Bandhani,,aug_5d0fe52c6ef1,,422c12fcb64b11ee927d398c45c68c25,train
data/indian_saree/train/Bandhani/7f8e34e356d38bf95a64bf46fcc1288f_jpg.rf.ea8e66f3b86744590a00481b46df4369.jpg,indian_patterns,train,Bandhani,,aug_5d0fe52c6ef1,,e89db36595cd2ae13906ca64a5288674,train
data/indian_saree/train/Bandhani/91kF-DSPhcL-_AC_UF8941000_QL80__jpg.rf.45a37811cac1c84c7987c4c7d906245b.jpg,indian_patterns,train,Bandhani,,aug_c456e497d341,,a50667cf8c833430330accbe2dd19040,train
data/indian_saree/train/Bandhani/91kF-DSPhcL-_AC_UF8941000_QL80__jpg.rf.dad6cdfc1761bd54f6eb154371c9ef55.jpg,indian_patterns,train,Bandhani,,aug_c456e497d341,,a45a2fc297b34898c88cce3002751a28,train
data/indian_saree/train/Bandhani/91kF-DSPhcL-_AC_UF8941000_QL80__jpg.rf.fb4cb9bdd755e9891606f2d38ad008ae.jpg,indian_patterns,train,Bandhani,,aug_c456e497d341,,2df2fdf8af8fe008b6c4d95d44bc1c0c,train
data/indian_saree/train/Bandhani/B-08411_0b38d9b9-61f4-463d-82fd-2e507c9c7279_jpg.rf.2d12bf04b883c18c0c998f8edb1f4494.jpg,indian_patterns,train,Bandhani,,aug_14ef2f2fee83,,1451402f2dfabf792b22ea0d4fecafff,train
data/indian_saree/train/Bandhani/B-08411_0b38d9b9-61f4-463d-82fd-2e507c9c7279_jpg.rf.4223542bd42f4dde2541c94d2955f312.jpg,indian_patterns,train,Bandhani,,aug_14ef2f2fee83,,6f2c6a2019addc9b409264214145044d,train
data/indian_saree/train/Bandhani/B-08411_0b38d9b9-61f4-463d-82fd-2e507c9c7279_jpg.rf.ea152fc15ae3602b1df5bf170334b812.jpg,indian_patterns,train,Bandhani,,aug_14ef2f2fee83,,939189bcc43660fcd5e0fa8639b3c00d,train
data/indian_saree/train/Bandhani/B-09762_jpg.rf.4a7d6739e2c6f69741127c0ee3e2c18a.jpg,indian_patterns,train,Bandhani,,aug_9356e2eb9eb0,,7596b6702bd0d8076123857834dbc4ce,train
data/indian_saree/train/Bandhani/B-09762_jpg.rf.723494f1f2ccbff22e3023c887057767.jpg,indian_patterns,train,Bandhani,,aug_9356e2eb9eb0,,e895e4f676b45cf715472b89496ccef7,train
data/indian_saree/train/Bandhani/B-09762_jpg.rf.de2ffa36c0c3b1c2d3e1fc95c7b18f22.jpg,indian_patterns,train,Bandhani,,aug_9356e2eb9eb0,,5f3d01a3e25b8a56034046eb3650c1ee,train
data/indian_saree/train/Bandhani/bandhani-bandhej-tie-dye-tie-dyeing-textile-fabrics-cloth-rajasthan-ET0WC6_jpg.rf.03497850fce4c68b8369756ec8a8a0a7.jpg,indian_patterns,train,Bandhani,,aug_cd6bca2590e7,,464da2e4c49a5e473276616f92c6849e,train
data/indian_saree/train/Bandhani/bandhani-bandhej-tie-dye-tie-dyeing-textile-fabrics-cloth-rajasthan-ET0WC6_jpg.rf.72e4814ab1454b263a8f753934143af2.jpg,indian_patterns,train,Bandhani,,aug_cd6bca2590e7,,d29e080555d4d5b0f81551c081373ba8,train
data/indian_saree/train/Bandhani/bandhani-bandhej-tie-dye-tie-dyeing-textile-fabrics-cloth-rajasthan-ET0WC6_jpg.rf.bd74d06a5daa8d8a23a4c9b53500e615.jpg,indian_patterns,train,Bandhani,,aug_cd6bca2590e7,,7dffdd934d40d9541a3aab63f4d30c01,train
data/indian_saree/train/Bandhani/Bandhani-Hand-Block-Print-Crafting-Cotton-Fabric-TS-FB-461-1_jpg.rf.34042885b80ed87133129fc7c8fd68a1.jpg,indian_patterns,train,Bandhani,,aug_b39703942190,,e5eabc9b70a3e4ca597a59809a39d435,train
data/indian_saree/train/Bandhani/Bandhani-Hand-Block-Print-Crafting-Cotton-Fabric-TS-FB-461-1_jpg.rf.815325f7154a258757fee9a6e0b99df7.jpg,indian_patterns,train,Bandhani,,aug_b39703942190,,39f6a68aa29a4f82e744d0ead3e3477d,train
data/indian_saree/train/Bandhani/Bandhani-Hand-Block-Print-Crafting-Cotton-Fabric-TS-FB-461-1_jpg.rf.8beb6067e51917ca1d2eada8e54cbc12.jpg,indian_patterns,train,Bandhani,,aug_b39703942190,,0e520162c8a0eda4d6360efe22c6fc71,train
data/indian_saree/train/Bandhani/bandhani-print-georgette-fabric_jpg.rf.3b53f7eaebd650cea6aa377c6937fd91.jpg,indian_patterns,train,Bandhani,,aug_a3621dd12662,,999317e6b9e052ff7f354e980993a0bf,train
data/indian_saree/train/Bandhani/bandhani-print-georgette-fabric_jpg.rf.6c7aef7daf9291e0b3bd2cd49d623801.jpg,indian_patterns,train,Bandhani,,aug_a3621dd12662,,0a59911fcb54b811c405d52bce1b5463,train
data/indian_saree/train/Bandhani/bandhani-print-georgette-fabric_jpg.rf.bb20737600fda6889b076bb9d4135c8c.jpg,indian_patterns,train,Bandhani,,aug_a3621dd12662,,c90e967654aec6e370d4086a67496078,train
data/indian_saree/train/Bandhani/bandhani-print-rayon-fabric-full_jpg.rf.0ca3b97fa0fa320cb43cc6b1c68e1676.jpg,indian_patterns,train,Bandhani,,aug_3d6650a58036,,f6737b5a36f0586b68746834364dca4d,train
data/indian_saree/train/Bandhani/bandhani-print-rayon-fabric-full_jpg.rf.9a6ba933b464d7efb84c9574ae8001fa.jpg,indian_patterns,train,Bandhani,,aug_3d6650a58036,,4ebf881d2cf44ab7c8c74e42e5009c4c,train
data/indian_saree/train/Bandhani/bandhani-print-rayon-fabric-full_jpg.rf.9b5fa1229ba56b09dfae0b2aae064be6.jpg,indian_patterns,train,Bandhani,,aug_3d6650a58036,,6463402d4d422203a94971e8c401545b,train
data/indian_saree/train/Bandhani/bandhani-printed-fabric-4_jpg.rf.24ef14b74de017581f939c1791682418.jpg,indian_patterns,train,Bandhani,,aug_f072740d430d,,fb14f1919c573a23cceb07f0be2bb620,train
data/indian_saree/train/Bandhani/bandhani-printed-fabric-4_jpg.rf.b5506b76b093aed86a5c30cf9b99b952.jpg,indian_patterns,train,Bandhani,,aug_f072740d430d,,13689d5f9e9d1126c7c53a93f4968796,train
data/indian_saree/train/Bandhani/bandhani-printed-fabric-4_jpg.rf.bbebb51be1cea87039ab2030b82a9183.jpg,indian_patterns,train,Bandhani,,aug_f072740d430d,,56f6410777c56146d9c7f58e69cebc70,train
data/indian_saree/train/Bandhani/bandhani-printed-rayon-fabric_jpg.rf.02c668ce6c54f9746fd8ed0c8fc3655e.jpg,indian_patterns,train,Bandhani,,aug_cca337fe69ea,,6e4f32c86d2cf696579ae77042c0fb3e,train
data/indian_saree/train/Bandhani/bandhani-printed-rayon-fabric_jpg.rf.34b229445e66b4461b4870d42eb25e94.jpg,indian_patterns,train,Bandhani,,aug_cca337fe69ea,,bbb07eade075f21695551ccf90f01328,train
data/indian_saree/train/Bandhani/bandhani-printed-rayon-fabric_jpg.rf.5623c5a7566f78f1c4c976db4a5ccf52.jpg,indian_patterns,train,Bandhani,,aug_cca337fe69ea,,5b33c46b26145e8caaf613d64f45a404,train
data/indian_saree/train/Bandhani/Bhandini-Silk-Fabrics_540x_6a4cd958-3c9c-4dc7-ada8-d81e9904bf7c_jpg.rf.925979167ec3a6c9e3e91ab9cb7b8992.jpg,indian_patterns,train,Bandhani,,aug_2d1c2f4088b6,,2a3389fe1d0c0590d850c99f31e3233a,train
data/indian_saree/train/Bandhani/Bhandini-Silk-Fabrics_540x_6a4cd958-3c9c-4dc7-ada8-d81e9904bf7c_jpg.rf.e1c50fd65d928a3bc1dca6742d084dd4.jpg,indian_patterns,train,Bandhani,,aug_2d1c2f4088b6,,a0445b937410d17ec6dea7fb56e7a6bd,train
data/indian_saree/train/Bandhani/Bhandini-Silk-Fabrics_540x_6a4cd958-3c9c-4dc7-ada8-d81e9904bf7c_jpg.rf.f5d0a1b4d37be519d5311c60a10ca2c2.jpg,indian_patterns,train,Bandhani,,aug_2d1c2f4088b6,,880086cfe0dfc86fbe4822c537969b67,train
data/indian_saree/train/Bandhani/BL0032BLP1_jpg.rf.57336d5b3f675dcf340a0add0f854ee3.jpg,indian_patterns,train,Bandhani,,aug_e6788b2c8c77,,a57f34a2d81ddcbdbe8db3bad2b1acdf,train
data/indian_saree/train/Bandhani/BL0032BLP1_jpg.rf.6821362c0212606bb90e09ca8c878f98.jpg,indian_patterns,train,Bandhani,,aug_e6788b2c8c77,,217bbc8149bb92c83908e3668caaa08d,train
data/indian_saree/train/Bandhani/BL0032BLP1_jpg.rf.c2fbab397bbd07cb1a2961bd4a3cde99.jpg,indian_patterns,train,Bandhani,,aug_e6788b2c8c77,,815670125cfab1ded5602f50ada75b46,train
data/indian_saree/train/Bandhani/black-digital-printed-cotton-bandhani-design-fabric-1-mtr-306022_jpg.rf.2122d436db2231ecccf4aef25f5ae432.jpg,indian_patterns,train,Bandhani,black,aug_61f8278ff38c,,9bd3c9d6988132fd0e5fe4a50c43335f,train
data/indian_saree/train/Bandhani/black-digital-printed-cotton-bandhani-design-fabric-1-mtr-306022_jpg.rf.3570279a0a817d6a9989708af84570d2.jpg,indian_patterns,train,Bandhani,black,aug_61f8278ff38c,,7780282b1762012305dfcc83212a539d,train
data/indian_saree/train/Bandhani/black-digital-printed-cotton-bandhani-design-fabric-1-mtr-306022_jpg.rf.cc959a77b758390a5273e48aea05ded5.jpg,indian_patterns,train,Bandhani,black,aug_61f8278ff38c,,016411f76275584f9ed8a7eb32b5d0ba,train
data/indian_saree/train/Bandhani/cambric-cotton-bandhani-fabric-full_jpg.rf.4d2b1ea89acc2eb881946302b7a688e5.jpg,indian_patterns,train,Bandhani,,aug_1fdcc2031310,,f2d208be7d6b89ae2e94f80510d23720,train
data/indian_saree/train/Bandhani/cambric-cotton-bandhani-fabric-full_jpg.rf.57322795be4927c5158ecb6cea8a05be.jpg,indian_patterns,train,Bandhani,,aug_1fdcc2031310,,2f1db9e663f90a2b95079382aae46fdc,train
data/indian_saree/train/Bandhani/cambric-cotton-bandhani-fabric-full_jpg.rf.deed14aadf7174ea45db6629a59a58b0.jpg,indian_patterns,train,Bandhani,,aug_1fdcc2031310,,fe9cd97863123763e4fd48b1a58909ec,train
data/indian_saree/train/Bandhani/DSC04494_a90fd9e0-4df2-4f60-a0e3-99ae969924fe_jpg.rf.6c2b524c9e36402a56dc4372386a25b1.jpg,indian_patterns,train,Bandhani,,aug_5fe9eb76416f,,876323696f70a5b9db83fdb7e503397b,train
data/indian_saree/train/Bandhani/DSC04494_a90fd9e0-4df2-4f60-a0e3-99ae969924fe_jpg.rf.760ff065fff7559fd944eddaa9d0a32d.jpg,indian_patterns,train,Bandhani,,aug_5fe9eb76416f,,ee35ef162d118498e893a685c9744e65,train
data/indian_saree/train/Bandhani/DSC04494_a90fd9e0-4df2-4f60-a0e3-99ae969924fe_jpg.rf.f78512b5652d4700e5744af08698c859.jpg,indian_patterns,train,Bandhani,,aug_5fe9eb76416f,,e77644100995f946cb03dd34918e17f5,train
data/indian_saree/train/Bandhani/DSC06797_36c72165-23f1-450e-945e-3a0ae79b880a_jpg.rf.298f0784d745a6593c51e3e451b758c1.jpg,indian_patterns,train,Bandhani,,aug_7b23acd0bd33,,711970cd8beb7b48bd549cbdd63ae7c6,train
data/indian_saree/train/Bandhani/DSC06797_36c72165-23f1-450e-945e-3a0ae79b880a_jpg.rf.ccfe3b511375ddcc94e4e69fd64ae644.jpg,indian_patterns,train,Bandhani,,aug_7b23acd0bd33,,01360ea194246465a3287ee10f5c9894,train
data/indian_saree/train/Bandhani/DSC06797_36c72165-23f1-450e-945e-3a0ae79b880a_jpg.rf.e7cb91f27eadad2e1f9380fdab1bcbc5.jpg,indian_patterns,train,Bandhani,,aug_7b23acd0bd33,,5b9bb273dd63ae0fdbc369e2322d3b02,train
data/indian_saree/train/Bandhani/DSC_0730_1024x1024_jpg.rf.2e746cade69e15c2d2f2b639d3d7ce3c.jpg,indian_patterns,train,Bandhani,,aug_8607944ac421,,9f921df3944aafe62e55b7cc53ccf34b,train
data/indian_saree/train/Bandhani/DSC_0730_1024x1024_jpg.rf.ac9f4ad4fb9163cad6a6558c433accac.jpg,indian_patterns,train,Bandhani,,aug_8607944ac421,,c416f70c25e51671e1ecb46585d1641f,train
data/indian_saree/train/Bandhani/DSC_0730_1024x1024_jpg.rf.c884e4a18f80dfaa1e24573e492fdb02.jpg,indian_patterns,train,Bandhani,,aug_8607944ac421,,429c328b54f53472c3115fe34496e042,train
data/indian_saree/train/Bandhani/dsc_9386_jpg.rf.0a2f7122e75d563036a1be1f0c44ed12.jpg,indian_patterns,train,Bandhani,,aug_340f770ca3f4,,4c5ddacc03054ff2074cc8c1e9c5d68b,train
data/indian_saree/train/Bandhani/dsc_9386_jpg.rf.667ca2164905b99344c0949d1f693fa6.jpg,indian_patterns,train,Bandhani,,aug_340f770ca3f4,,20a820bad1c02d4bbc14f7a3fb0da85d,train
data/indian_saree/train/Bandhani/dsc_9386_jpg.rf.777e9145d1322b98a6e0222e33af21ff.jpg,indian_patterns,train,Bandhani,,aug_340f770ca3f4,,1eabec5f18411dbd175b9dbea72a3db1,train
data/indian_saree/train/Bandhani/georgette-bandhani-fabric-full_jpg.rf.15014c14de0b6c5d56a614da1066719d.jpg,indian_patterns,train,Bandhani,,aug_03138d4f4eb9,,6ec07cbcb094ee5a00fea85c70446a6a,train
data/indian_saree/train/Bandhani/georgette-bandhani-fabric-full_jpg.rf.291b8790ce98ebf75c1aa187041f0f1e.jpg,indian_patterns,train,Bandhani,,aug_03138d4f4eb9,,2b34e8537aa299aa0d1453b63857f4db,train
data/indian_saree/train/Bandhani/georgette-bandhani-fabric-full_jpg.rf.f9ee361cf4af562b35f78033e4bf869a.jpg,indian_patterns,train,Bandhani,,aug_03138d4f4eb9,,b6c5191708df5fae7e1a4fc7abdb085d,train
data/indian_saree/train/Bandhani/Hand-Block-Printed-Bandhani-Cotton-Fabric-TS-FB-295_jpg.rf.6db6648783b816d0de4fd22ff69c41d1.jpg,indian_patterns,train,Bandhani,,aug_60bed928d036,,a932efb51cc06685b56f234748678162,train
data/indian_saree/train/Bandhani/Hand-Block-Printed-Bandhani-Cotton-Fabric-TS-FB-295_jpg.rf.6de5f5b340553d80d41513de5c31297f.jpg,indian_patterns,train,Bandhani,,aug_60bed928d036,,a703705275590eb2f87085345fbc3a12,train
data/indian_saree/train/Bandhani/Hand-Block-Printed-Bandhani-Cotton-Fabric-TS-FB-295_jpg.rf.d88fc0bdae6d408cb8c149bf03f67f4f.jpg,indian_patterns,train,Bandhani,,aug_60bed928d036,,e0fc1df91762e1f71aa1a401a53c9a5f,train
data/indian_saree/train/Bandhani/il_570xN-4871894863_f6vo_jpg.rf.adf26dea2984ca3bc0293e8701e7533c.jpg,indian_patterns,train,Bandhani,,aug_24b3ed49836a,,0fd49594895771c75fdae603b54a4135,train
data/indian_saree/train/Bandhani/il_570xN-4871894863_f6vo_jpg.rf.db8d8778d7147cff0b821d2048726e3e.jpg,indian_patterns,train,Bandhani,,aug_24b3ed49836a,,b4abccfc7b929c0482611eafcdb06b51,train
data/indian_saree/train/Bandhani/il_570xN-4871894863_f6vo_jpg.rf.de72bad29951b01dd7d61e6329338c86.jpg,indian_patterns,train,Bandhani,,aug_24b3ed49836a,,07f4635112b3139ea78de66493408608,train
data/indian_saree/train/Bandhani/il_570xN-4871916995_9txv_jpg.rf.0f1bba568cfea4d6061a304e2aecfe20.jpg,indian_patterns,train,Bandhani,,aug_808b4faa4017,,e283a64214c6168a7f31738624d45501,train
data/indian_saree/train/Bandhani/il_570xN-4871916995_9txv_jpg.rf.ba87f2241ee18cf3804717cbbc20b493.jpg,indian_patterns,train,Bandhani,,aug_808b4faa4017,,c573cac1dd829d8c05ba706a7c0d7135,train
data/indian_saree/train/Bandhani/il_570xN-4871916995_9txv_jpg.rf.c54d26c9319407b7ab7be13ae0c6c527.jpg,indian_patterns,train,Bandhani,,aug_808b4faa4017,,ee33f0967fb6185de56cc965a89a1049,train
data/indian_saree/train/Bandhani/il_570xN-4992132375_ei3g_jpg.rf.1fd33621e9c84ea21a9d989b23c58052.jpg,indian_patterns,train,Bandhani,,aug_09478a1d6086,,c5b4035ecb71666b1c2ead632394335a,train
data/indian_saree/train/Bandhani/il_570xN-4992132375_ei3g_jpg.rf.6abeabf433ee9ad95b1786872f909ea4.jpg,indian_patterns,train,Bandhani,,aug_09478a1d6086,,dd70a40e0a285e419931b4dcd330c828,train
data/indian_saree/train/Bandhani/il_570xN-4992132375_ei3g_jpg.rf.d4ae8860de926110ca9202743c61178e.jpg,indian_patterns,train,Bandhani,,aug_09478a1d6086,,8bdca053c33426cf4bfdd5c950f5a8d8,train
data/indian_saree/train/Bandhani/image11_jpeg.rf.217c4dfae6e9b4997b2b8c7213379660.jpg,indian_patterns,train,Bandhani,,aug_d65e851fb33f,,6d79bbfc2802ca0210781e2919bd3b6b,train
data/indian_saree/train/Bandhani/image11_jpeg.rf.4212b041985a01968d19e30e56d4d32d.jpg,indian_patterns,train,Bandhani,,aug_d65e851fb33f,,c1a0e1b1965a0de8e4240e31d1db3a29,train
data/indian_saree/train/Bandhani/image11_jpeg.rf.dd71015d387256f74f231b3d4cd0d5f9.jpg,indian_patterns,train,Bandhani,,aug_d65e851fb33f,,5f9a33584fe950dcdd6b3081e1e005d7,train
data/indian_saree/train/Bandhani/image13_jpeg.rf.c1368264f30a9336a7d575da1a083a5d.jpg,indian_patterns,train,Bandhani,,aug_90473b54a8c5,,4c7785ae569e1ec86e12b22ad7c3f385,train
data/indian_saree/train/Bandhani/image13_jpeg.rf.e683253e5549cd0ac328e8a70ac77135.jpg,indian_patterns,train,Bandhani,,aug_90473b54a8c5,,ffd2f49a79571aa7b08a4630905b4db0,train
data/indian_saree/train/Bandhani/image13_jpeg.rf.f041e791e14481ebd18de6e969d2da49.jpg,indian_patterns,train,Bandhani,,aug_90473b54a8c5,,c204d43fde7e00f5d82283e6ec6895a2,train
data/indian_saree/train/Bandhani/image15_jpeg.rf.b88e56a868aa97972a3607d3915f5efa.jpg,indian_patterns,train,Bandhani,,aug_0fa6281bb9fb,,efe074163e826c6bc35a95a06730e076,train
data/indian_saree/train/Bandhani/image15_jpeg.rf.e15a84ee8cba46bef14ff1e057b5d1d0.jpg,indian_patterns,train,Bandhani,,aug_0fa6281bb9fb,,ed46e809c996bbada0a705dc28c1761d,train
data/indian_saree/train/Bandhani/image15_jpeg.rf.fa2bb76d327aa304c594f5ac1d16ee02.jpg,indian_patterns,train,Bandhani,,aug_0fa6281bb9fb,,ccb39a32a7c78591455b4096e6d4e85b,train
data/indian_saree/train/Bandhani/image17_jpeg.rf.072400d91e0a61617e9089f9ad99c2bc.jpg,indian_patterns,train,Bandhani,,aug_fe50efc5678f,,b18fe52d95dc8da91355eee7bac9bc83,train
data/indian_saree/train/Bandhani/image17_jpeg.rf.a55c2f80d0cd3b00b2a00c435aaf1e82.jpg,indian_patterns,train,Bandhani,,aug_fe50efc5678f,,8e50d98b5a38bb70e4a82f293caa3519,train
data/indian_saree/train/Bandhani/image17_jpeg.rf.bbf2cfae9f8ede7bb5378a9e83722e18.jpg,indian_patterns,train,Bandhani,,aug_fe50efc5678f,,8cc790e92babcf1a6b40b37f12372ccd,train
data/indian_saree/train/Bandhani/image19_jpeg.rf.b618cdb66ec0065725b2d4132002420d.jpg,indian_patterns,train,Bandhani,,aug_f0ab83de3521,,38d8a9b5fbb1ce79c50dc041ba5a7615,train
data/indian_saree/train/Bandhani/image19_jpeg.rf.ee21580fa7c098e17cb26a016e4e9cf6.jpg,indian_patterns,train,Bandhani,,aug_f0ab83de3521,,8d6191749455efcd1bbed634243971d5,train
data/indian_saree/train/Bandhani/image19_jpeg.rf.fe2b8eaf909076ce92014c5814a9e1bf.jpg,indian_patterns,train,Bandhani,,aug_f0ab83de3521,,98e211a7e89e953c7ecba092847428cf,train
data/indian_saree/train/Bandhani/image23_jpeg.rf.6551bb099b7eb3dda2bb559e8f097925.jpg,indian_patterns,train,Bandhani,,aug_bb9ae2c7a355,,96e7398ee6bf45c3323dc14c2a24c5fa,train
data/indian_saree/train/Bandhani/image23_jpeg.rf.6562edeab7c329f602b19ae0302b8524.jpg,indian_patterns,train,Bandhani,,aug_bb9ae2c7a355,,790e383278ff6c355337bfc777521a34,train
data/indian_saree/train/Bandhani/image23_jpeg.rf.d36e45bb084fda243b5a2ab6ceda701d.jpg,indian_patterns,train,Bandhani,,aug_bb9ae2c7a355,,5c86ab4b7a91aa73ea57ea00a1849f2a,train
data/indian_saree/train/Bandhani/image24_jpeg.rf.7c964dfb9d095f89fdd9730919fc096f.jpg,indian_patterns,train,Bandhani,,aug_30db9d660740,,2f0d1e7dee98052e9ec0bf14e0559267,train
data/indian_saree/train/Bandhani/image24_jpeg.rf.889d1ab4cbd781c178c5b041b3e256d6.jpg,indian_patterns,train,Bandhani,,aug_30db9d660740,,6cbaf6b7992d9904ac39f69cd763e3dc,train
data/indian_saree/train/Bandhani/image24_jpeg.rf.8fc740068d8dde5955afcb1c90c5e659.jpg,indian_patterns,train,Bandhani,,aug_30db9d660740,,3c08adb384067251227ce157bf83a675,train
data/indian_saree/train/Bandhani/image26_jpeg.rf.1e5d325521d8107e12e38276ca467645.jpg,indian_patterns,train,Bandhani,,aug_b4845cc40a86,,257ee3b4425a9baf955666a36d2c1f01,train
data/indian_saree/train/Bandhani/image26_jpeg.rf.d9dc58982cb59fb71c2635a17a56d8a9.jpg,indian_patterns,train,Bandhani,,aug_b4845cc40a86,,5c6cc889e10ba006396d3c91139bd99c,train
data/indian_saree/train/Bandhani/image26_jpeg.rf.dc8ae311fa776375fece7b968a8d754d.jpg,indian_patterns,train,Bandhani,,aug_b4845cc40a86,,1f8073398344b5f63634e85aafa16b04,train
data/indian_saree/train/Bandhani/image27_jpeg.rf.27d745cda837a8afe20c2e80236d77f6.jpg,indian_patterns,train,Bandhani,,aug_8831146b1ca9,,4e8911ce1a26ad143d8c77a1440d0a4d,train
data/indian_saree/train/Bandhani/image27_jpeg.rf.988d209e23063b30fb08049389458bc6.jpg,indian_patterns,train,Bandhani,,aug_8831146b1ca9,,2c80e0922d37e84bcf0209a5b2c4d195,train
data/indian_saree/train/Bandhani/image27_jpeg.rf.ece829e50f642333f79440a277883e30.jpg,indian_patterns,train,Bandhani,,aug_8831146b1ca9,,5069eb8df86bac7bb578a388a66513c1,train
data/indian_saree/train/Bandhani/image29_jpeg.rf.986195bab4cb1d605f67208c8778fa05.jpg,indian_patterns,train,Bandhani,,aug_cbb9296305e0,,8fb53d1bb86e21e2cf041fdcfe607ed6,train
data/indian_saree/train/Bandhani/image29_jpeg.rf.c5f101b3fc6a6cf258dddaac3aabbe6e.jpg,indian_patterns,train,Bandhani,,aug_cbb9296305e0,,c7c1089a498c18e1ad67a0d9298dd17f,train
data/indian_saree/train/Bandhani/image29_jpeg.rf.ea039125fa17e44eb3c4348f0935acb7.jpg,indian_patterns,train,Bandhani,,aug_cbb9296305e0,,bc8eea774ad2f238e5e302da744189d4,train
data/indian_saree/train/Bandhani/image2_jpeg.rf.0f92d218ae17cec7fe1267f5d8a9d935.jpg,indian_patterns,train,Bandhani,,aug_144d8e0ef8c5,,900b8c070004ee438a17bd6ae8afe001,train
data/indian_saree/train/Bandhani/image2_jpeg.rf.75760e719475e521c8c3e0a54ea8ab46.jpg,indian_patterns,train,Bandhani,,aug_144d8e0ef8c5,,b7efa79a7381fa04e0420022c743213b,train
data/indian_saree/train/Bandhani/image2_jpeg.rf.d36aaa9f866142771978d736d1c5ca3d.jpg,indian_patterns,train,Bandhani,,aug_144d8e0ef8c5,,bf549594111dd883b390befc3c2b4234,train
data/indian_saree/train/Bandhani/image31_jpeg.rf.4b66acafcab415052bf7c3606ee45982.jpg,indian_patterns,train,Bandhani,,aug_74c81bbfb118,dup_0001,4b62c137c8dd3af3709d8ed82a82073f,train
data/indian_saree/train/Bandhani/image31_jpeg.rf.d5398a44296e4b17c220955b92a34e94.jpg,indian_patterns,train,Bandhani,,aug_74c81bbfb118,,7a4a0d666f7d3c2df87909867e2ae256,train
data/indian_saree/train/Bandhani/image31_jpeg.rf.e4507719b75e91abc905d77fa95a28ae.jpg,indian_patterns,train,Bandhani,,aug_74c81bbfb118,dup_0001,4b62c137c8dd3af3709d8ed82a82073f,train
data/indian_saree/train/Bandhani/image33_jpeg.rf.2311f4fa0574d02d190f77a6e6c85244.jpg,indian_patterns,train,Bandhani,,aug_afefe833ead9,,bb4bade7445a679383b86399d3c11e1a,train
data/indian_saree/train/Bandhani/image33_jpeg.rf.3ce992732600c57de521c86378ff3a23.jpg,indian_patterns,train,Bandhani,,aug_afefe833ead9,,655bd0c929d4da3d1fb5cba74675ddcf,train
data/indian_saree/train/Bandhani/image33_jpeg.rf.3ea7da2596f5caf1913eef1f595aba24.jpg,indian_patterns,train,Bandhani,,aug_afefe833ead9,,592479e48e5999aa30b7eb3716ac0b78,train
data/indian_saree/train/Bandhani/image3_jpeg.rf.1f915f8ed66eaf1c6e1a91df1db66678.jpg,indian_patterns,train,Bandhani,,aug_8388f73b00ba,,a13fdbfa48754d51fda6d96b23c974ad,train
data/indian_saree/train/Bandhani/image3_jpeg.rf.5083177d0c554ce5290236f7b26a3784.jpg,indian_patterns,train,Bandhani,,aug_8388f73b00ba,,8f5805e6589e6e9af8a113356772de26,train
data/indian_saree/train/Bandhani/image3_jpeg.rf.bf7d6bc9973e47dbb1cf4a803c5f0618.jpg,indian_patterns,train,Bandhani,,aug_8388f73b00ba,,a4466f15ba535644e9be941036ad7d2b,train
data/indian_saree/train/Bandhani/images10_jpg.rf.0dfe8f2fa97adaebf5736bd72a4c2ea9.jpg,indian_patterns,train,Bandhani,,aug_7154c03490ab,,59b7b7d6e7e2a08fa04fe66bcc999c02,train
data/indian_saree/train/Bandhani/images10_jpg.rf.2ec4f83bf6fa8dea975dc1dcd9426e6f.jpg,indian_patterns,train,Bandhani,,aug_7154c03490ab,,ce7ceaa859494fc92b159f8a87c9c65e,train
data/indian_saree/train/Bandhani/images10_jpg.rf.55add5d248be840afc0bee6a1de8b4d4.jpg,indian_patterns,train,Bandhani,,aug_7154c03490ab,,12d96485476e22c0e806cd771e8a9ae5,train
data/indian_saree/train/Bandhani/images11_jpg.rf.24f378ebb24827e479e7dd6b1623c4b2.jpg,indian_patterns,train,Bandhani,,aug_ef13ef8dbda1,,792d9463b8099602639c1eef27126e97,train
data/indian_saree/train/Bandhani/images11_jpg.rf.4635f0b687d6898cc76a847de783bc45.jpg,indian_patterns,train,Bandhani,,aug_ef13ef8dbda1,,0c731ba3836ef1ed8647af21dc90392d,train
data/indian_saree/train/Bandhani/images11_jpg.rf.b02ec7a275b2bc56013ebecaeb5b244b.jpg,indian_patterns,train,Bandhani,,aug_ef13ef8dbda1,,a8c2b91928fb658a03e120789aa8b448,train
data/indian_saree/train/Bandhani/images13_jpg.rf.4c82b06ee86df7a6302e352293fe8679.jpg,indian_patterns,train,Bandhani,,aug_0790f0b13393,,93087983e14110a75b68047c357c0b29,train
data/indian_saree/train/Bandhani/images13_jpg.rf.7bd15719a8bff563667de2fdbeeffaba.jpg,indian_patterns,train,Bandhani,,aug_0790f0b13393,,b3226c1fb811a8a7a07f0a3b36c7c126,train
data/indian_saree/train/Bandhani/images13_jpg.rf.ae8ed1dbadefb0708c41c738b78c502c.jpg,indian_patterns,train,Bandhani,,aug_0790f0b13393,,1e14673073bc1cd41c2d202d002276d4,train
data/indian_saree/train/Bandhani/images15_jpg.rf.3ff27c78315b4f21e26250fbd8264bc7.jpg,indian_patterns,train,Bandhani,,aug_9f07fff04941,,398463c81b40b42825320b2afcbc278f,train
data/indian_saree/train/Bandhani/images15_jpg.rf.4923b3b45a188901533d8a9c468112ce.jpg,indian_patterns,train,Bandhani,,aug_9f07fff04941,,bdf1928a193c00b75b18c77f79daa690,train
data/indian_saree/train/Bandhani/images15_jpg.rf.cb2663f5b6fbe75bfb3bf0fe92dd6390.jpg,indian_patterns,train,Bandhani,,aug_9f07fff04941,,e93bfbee9a042114f3dbdc4e0da1f1dd,train
data/indian_saree/train/Bandhani/images16_jpg.rf.1a9fc90c45846e88e301498a1fdad836.jpg,indian_patterns,train,Bandhani,,aug_a1b1cb7852a1,,e8b0542d319a63316415d2b35264d08b,train
data/indian_saree/train/Bandhani/images16_jpg.rf.22c52dd1855a8a36661c9f39431641b9.jpg,indian_patterns,train,Bandhani,,aug_a1b1cb7852a1,,0bec7e394705cab5e753a165e98fe073,train
data/indian_saree/train/Bandhani/images16_jpg.rf.362759b8e1e37f12bcdec2114e78c063.jpg,indian_patterns,train,Bandhani,,aug_a1b1cb7852a1,,dc391e5e007e2f85d3827b54f5049cd5,train
data/indian_saree/train/Bandhani/images2_jpg.rf.2226ea7d3cbb040acde5d8410020b411.jpg,indian_patterns,train,Bandhani,,aug_1b464803fbd9,,f6a562a425575fc0e3b9e265e3fb038d,train
data/indian_saree/train/Bandhani/images2_jpg.rf.44ebc07dbb84a4fa7f8bf4322f7a72e7.jpg,indian_patterns,train,Bandhani,,aug_1b464803fbd9,,0ff8e1f52c7c3e46dc65e3214355fe96,train
data/indian_saree/train/Bandhani/images2_jpg.rf.d05f5f3abfd03a5bf3d6202e9049a6bd.jpg,indian_patterns,train,Bandhani,,aug_1b464803fbd9,,a46f21d64541a133d305c7959c6ececb,train
data/indian_saree/train/Bandhani/images6_jpg.rf.1133c18206bbaad262ee6dffbc8ea063.jpg,indian_patterns,train,Bandhani,,aug_c45a6a95a73a,,21a8e45467f1011e213e2bb3b5ce94fe,train
data/indian_saree/train/Bandhani/images6_jpg.rf.e95aa22499dfb44d93d9802af3074b75.jpg,indian_patterns,train,Bandhani,,aug_c45a6a95a73a,,c9f739cfe972084e0f307d49185675ef,train
data/indian_saree/train/Bandhani/images6_jpg.rf.f8069baee172618869029bb5520735c2.jpg,indian_patterns,train,Bandhani,,aug_c45a6a95a73a,,47f8b6e92cedf5fa9ae631eb439d10e9,train
data/indian_saree/train/Bandhani/images7_jpg.rf.07f75e541c8d3a4bc445211ff3d30fa7.jpg,indian_patterns,train,Bandhani,,aug_58ed1e64cfff,,1b404b45f9f01f8de9eca0817b39608f,train
data/indian_saree/train/Bandhani/images7_jpg.rf.102b289cd181c2b8349ec568b2495fa9.jpg,indian_patterns,train,Bandhani,,aug_58ed1e64cfff,,e537f01837d7e1ca7af4721c110b2391,train
data/indian_saree/train/Bandhani/images7_jpg.rf.9405c44c548b6945331d0ba22bd5c048.jpg,indian_patterns,train,Bandhani,,aug_58ed1e64cfff,,431b8f694f1e30ef0ec288e26768b836,train
data/indian_saree/train/Bandhani/images_jpg.rf.24e1bb0bca640f83ab02dcc8fbd40a07.jpg,indian_patterns,train,Bandhani,,aug_c43c1ce4b02f,,6dfbcacb85d27b9ad5426ec3d1c7347d,train
data/indian_saree/train/Bandhani/images_jpg.rf.40b937876bf4c09bd79e64ebefd80a0c.jpg,indian_patterns,train,Bandhani,,aug_c43c1ce4b02f,,c42734492c74f13d36cf793d9df3ff32,train
data/indian_saree/train/Bandhani/images_jpg.rf.5a0bcb37a5943c03ca6402451f656352.jpg,indian_patterns,train,Bandhani,,aug_c43c1ce4b02f,,e1951a7a98a7ad2a3dd4e1f606012cb9,train
data/indian_saree/train/Bandhani/IMG_1075_53fed6ab-fbec-4660-918c-7006fbefeb17_jpg.rf.7d6409ede7a82c77b66c6f0340f5fabf.jpg,indian_patterns,train,Bandhani,,aug_3910cee48907,,780ff912bc1dc6dcfad74398d5cae651,train
data/indian_saree/train/Bandhani/IMG_1075_53fed6ab-fbec-4660-918c-7006fbefeb17_jpg.rf.a3de50c16634a341487c7208252a0b0f.jpg,indian_patterns,train,Bandhani,,aug_3910cee48907,,1311860f2dabe54a485abb2f40227346,train
data/indian_saree/train/Bandhani/IMG_1075_53fed6ab-fbec-4660-918c-7006fbefeb17_jpg.rf.d520a708c5f234d63af4789f44cb61a0.jpg,indian_patterns,train,Bandhani,,aug_3910cee48907,,948c5ef218c82643b12c940bdaac4ca8,train
data/indian_saree/train/Bandhani/IMG_1093_f0e1e7c5-aa80-4e27-a5e8-b775856bf48b_jpg.rf.21042a4b1e4e3fe34ca1535e907c4a80.jpg,indian_patterns,train,Bandhani,,aug_4c95aa360b43,,2d1ce4a59784d5034aa06590b4bfd461,train
data/indian_saree/train/Bandhani/IMG_1093_f0e1e7c5-aa80-4e27-a5e8-b775856bf48b_jpg.rf.68af0aebfd6081a717c53945b2019a8e.jpg,indian_patterns,train,Bandhani,,aug_4c95aa360b43,,a387e0c1b4f11340831cdb1c0aec0012,train
data/indian_saree/train/Bandhani/IMG_1093_f0e1e7c5-aa80-4e27-a5e8-b775856bf48b_jpg.rf.958c2c933d92e2a529bf81fbf366e124.jpg,indian_patterns,train,Bandhani,,aug_4c95aa360b43,,c2bcdf3d5542b5db48bebf41e504ac44,train
data/indian_saree/train/Bandhani/IMG_20231007_145508_3f1030ad-6233-479b-96b5-d3a5edf8b95e_jpg.rf.63a609a9c37b1cb07617c972fc7742ac.jpg,indian_patterns,train,Bandhani,,aug_8fad9c77c6fe,,d9ff23752905e518fe3cb04c88c33475,train
data/indian_saree/train/Bandhani/IMG_20231007_145508_3f1030ad-6233-479b-96b5-d3a5edf8b95e_jpg.rf.fa511f0dd61c24bae3e4f3ca6671e09a.jpg,indian_patterns,train,Bandhani,,aug_8fad9c77c6fe,,9ca294e6e3ad316c38aa053ee121445e,train
data/indian_saree/train/Bandhani/IMG_20231007_145508_3f1030ad-6233-479b-96b5-d3a5edf8b95e_jpg.rf.fb0d929b8882f4ed4254c4f4c11e0053.jpg,indian_patterns,train,Bandhani,,aug_8fad9c77c6fe,,60303587b5c7b71e1d2f996791ad132d,train
data/indian_saree/train/Bandhani/IMG_8051_f5f53f7e-43d2-4c40-b2ff-2f6f10024d6d_800x_jpg.rf.1ed1412d3ce1cd2414c0419f65933b5f.jpg,indian_patterns,train,Bandhani,,aug_a7de64e216a8,,2cff43b8ee798ad2c21c9bb482988546,train
data/indian_saree/train/Bandhani/IMG_8051_f5f53f7e-43d2-4c40-b2ff-2f6f10024d6d_800x_jpg.rf.557664b082ea342292ec66176589d72c.jpg,indian_patterns,train,Bandhani,,aug_a7de64e216a8,,4d5b9f2f5b19c06a6293dddc019da8e5,train
data/indian_saree/train/Bandhani/IMG_8051_f5f53f7e-43d2-4c40-b2ff-2f6f10024d6d_800x_jpg.rf.d27121026a3906bc9fb0ed0a709641e7.jpg,indian_patterns,train,Bandhani,,aug_a7de64e216a8,,69078a181bc1c6cf6028480857e0678e,train
data/indian_saree/train/Bandhani/IMG_E0327_6ca7a8fe-6413-4474-a347-e14326b4d345_jpg.rf.26eaf5f0d34c6ff493a22b072862ca8d.jpg,indian_patterns,train,Bandhani,,aug_c78c95497259,,6bf72ac4b968b05df365af7a915ecc89,train
data/indian_saree/train/Bandhani/IMG_E0327_6ca7a8fe-6413-4474-a347-e14326b4d345_jpg.rf.4432011a1dea10591d2f7562182551b5.jpg,indian_patterns,train,Bandhani,,aug_c78c95497259,,69ba4c1f81b2c98eff17744c501341e8,train
data/indian_saree/train/Bandhani/IMG_E0327_6ca7a8fe-6413-4474-a347-e14326b4d345_jpg.rf.9253b6d29baf36da42a60871e67a1490.jpg,indian_patterns,train,Bandhani,,aug_c78c95497259,,24ff2def5693593782e0e439e1159474,train
data/indian_saree/train/Bandhani/indian-saree-texture-bandhani-print-600nw-1988687258_jpg.rf.1a796e9a88306f9616aafb4f41320e8a.jpg,indian_patterns,train,Bandhani,,aug_f0b1c2318d2a,,c5cee7579af365c89ce97886620acacd,train
data/indian_saree/train/Bandhani/indian-saree-texture-bandhani-print-600nw-1988687258_jpg.rf.9ab7783264a90d503662a6cecb69d72e.jpg,indian_patterns,train,Bandhani,,aug_f0b1c2318d2a,,05f062873fc60cf8a0390ff689bb6a63,train
data/indian_saree/train/Bandhani/indian-saree-texture-bandhani-print-600nw-1988687258_jpg.rf.e6deff5669c1b27a5c01fb1a98c7a16c.jpg,indian_patterns,train,Bandhani,,aug_f0b1c2318d2a,,e8430f23d08a0e169bc1373e0f354199,train
data/indian_saree/train/Bandhani/kutch-bandhani-dress-materialbandhej-dress-810x456_large_jpg.rf.4e589cbe3cd8488f73a2cf984b5cad78.jpg,indian_patterns,train,Bandhani,,aug_90c75543634f,,8d0ad55498e7a8aa837e9489495a2ccf,train
data/indian_saree/train/Bandhani/kutch-bandhani-dress-materialbandhej-dress-810x456_large_jpg.rf.dfb199e032f3e857ea27ffe72e0ebb08.jpg,indian_patterns,train,Bandhani,,aug_90c75543634f,,26d24752260fc5ad34bdd46fbdfbfeab,train
data/indian_saree/train/Bandhani/kutch-bandhani-dress-materialbandhej-dress-810x456_large_jpg.rf.f60e66d7ac6a613f97e9f9247444a737.jpg,indian_patterns,train,Bandhani,,aug_90c75543634f,,5054e0dc8666a1413e8dad1384f0c651,train
data/indian_saree/train/Bandhani/maroon-bandhani-pure-gajji-silk-fabric-1-mtr-311869_jpg.rf.4fa50d95b5dac39ac6c0af11294e2c25.jpg,indian_patterns,train,Bandhani,maroon,aug_d0c0ffa28424,,2fb5fb852353e261862bfa3bd6bbc0b6,train
data/indian_saree/train/Bandhani/maroon-bandhani-pure-gajji-silk-fabric-1-mtr-311869_jpg.rf.9c294db5205064d9521b6778b550e160.jpg,indian_patterns,train,Bandhani,maroon,aug_d0c0ffa28424,,c2ccf8b284c46651317af4587bccd64c,train
data/indian_saree/train/Bandhani/maroon-bandhani-pure-gajji-silk-fabric-1-mtr-311869_jpg.rf.e241a9bc6926e1d63c10e3d507e71392.jpg,indian_patterns,train,Bandhani,maroon,aug_d0c0ffa28424,,7f373a603f2fb9e2f63d7b4ef9db02c8,train
data/indian_saree/train/Bandhani/RFTCOM116_jpg.rf.075c9768f09bcdc86efa8eefbacd1aab.jpg,indian_patterns,train,Bandhani,,aug_73232c983251,,4e9b240663e8b00a7ac874fcc356df36,train
data/indian_saree/train/Bandhani/RFTCOM116_jpg.rf.1c4bbdef98cb31f1296bcf30395ebf22.jpg,indian_patterns,train,Bandhani,,aug_73232c983251,,1ea7fe2ffce322ca8205c311336bee27,train
data/indian_saree/train/Bandhani/RFTCOM116_jpg.rf.eaef0f50170ddc27364503950af75b46.jpg,indian_patterns,train,Bandhani,,aug_73232c983251,,e83dd549debaec291273f46e82c15e9e,train
data/indian_saree/train/Bandhani/sf30174a_jpg.rf.1a09ad365c306abeb7e33443113bfb15.jpg,indian_patterns,train,Bandhani,,aug_65ea7d0acbc5,,27ccb2771fce8b161c728b349fef9bd7,train
data/indian_saree/train/Bandhani/sf30174a_jpg.rf.46f4203b604614f69aab046000231f5d.jpg,indian_patterns,train,Bandhani,,aug_65ea7d0acbc5,,d0bfe3b607980b26c5bf6c2887194ac1,train
data/indian_saree/train/Bandhani/sf30174a_jpg.rf.a39f7750ac1bbb19baafd98b5fb825eb.jpg,indian_patterns,train,Bandhani,,aug_65ea7d0acbc5,,2cfbaa37fbf766435b1a5b822a2c0b59,train
data/indian_saree/train/Bandhani/sf30177a_jpg.rf.3a7a9930a4201676854fb12e0d869495.jpg,indian_patterns,train,Bandhani,,aug_6b5f097286b2,,252615714ce7c288eafc92f184f4b778,train
data/indian_saree/train/Bandhani/sf30177a_jpg.rf.72d69d23fa0493791113dca803f26dc0.jpg,indian_patterns,train,Bandhani,,aug_6b5f097286b2,,6540d254503dfd6891cfa3417993710f,train
data/indian_saree/train/Bandhani/sf30177a_jpg.rf.b1ab11f62246d654edc93fc1f7e9638a.jpg,indian_patterns,train,Bandhani,,aug_6b5f097286b2,,1356cd9e45c79510c6eeb8ff17bf9829,train
data/indian_saree/train/Bandhani/sf30180a_jpg.rf.0498701682284939f54e2f83232b8149.jpg,indian_patterns,train,Bandhani,,aug_de105983f38e,,925c913f48385a31d7c3c052838c85cd,train
data/indian_saree/train/Bandhani/sf30180a_jpg.rf.2a2b890dd8ec50826803949b4ea585d2.jpg,indian_patterns,train,Bandhani,,aug_de105983f38e,,ca792d638ea8bcab40247b433f13a160,train
data/indian_saree/train/Bandhani/sf30180a_jpg.rf.7267185111eec90e7f71765228936413.jpg,indian_patterns,train,Bandhani,,aug_de105983f38e,,dea3ee76b732dbdcf369c5f0c2c52dc4,train
data/indian_saree/train/Bandhani/sf32169-saroj-fabrics-silk-bandhani-fabric_jpg.rf.0cf6bf3490b7faab3be983e79bbf3b40.jpg,indian_patterns,train,Bandhani,,aug_e655d3280911,,b29a5a8ef81fc14b4f6822622a790191,train
data/indian_saree/train/Bandhani/sf32169-saroj-fabrics-silk-bandhani-fabric_jpg.rf.614c654b55535dad9b6b62d0b5593f35.jpg,indian_patterns,train,Bandhani,,aug_e655d3280911,,1498eff72fab4172781df13c19951b84,train
data/indian_saree/train/Bandhani/sf32169-saroj-fabrics-silk-bandhani-fabric_jpg.rf.71a4c224635fe56008122e4a9b8d4c24.jpg,indian_patterns,train,Bandhani,,aug_e655d3280911,,2d56e5e746a5c5de2f7e25757e015938,train
data/indian_saree/train/Bandhani/sfd06_jpg.rf.5f8958415c5e0ebcbd325502c9578f7d.jpg,indian_patterns,train,Bandhani,,aug_a81b141305b2,,1573873cf141a25a93ee1448f2183a7e,train
data/indian_saree/train/Bandhani/sfd06_jpg.rf.b1d9aae2881c4122c0c0c332af5d8b4f.jpg,indian_patterns,train,Bandhani,,aug_a81b141305b2,,aa381b26d7a3cd1e73297810d32c4ab8,train
data/indian_saree/train/Bandhani/sfd06_jpg.rf.cb701480793904d61c223fa3511b639f.jpg,indian_patterns,train,Bandhani,,aug_a81b141305b2,,c22afc7bff33c9fcbf98c4f50d16c6f1,train
data/indian_saree/train/Bandhani/sfi11-brownie_jpg.rf.397da19a56b9430397c1ef624b7fd8dd.jpg,indian_patterns,train,Bandhani,,aug_4fe9e31ce3e2,,5445c4c9451c59d504def647eb9bbebc,train
data/indian_saree/train/Bandhani/sfi11-brownie_jpg.rf.58b8b56c5e236c15a23cafa6ef9bab94.jpg,indian_patterns,train,Bandhani,,aug_4fe9e31ce3e2,,c8ceb94ad2e507a597e6b9e4a8606023,train
data/indian_saree/train/Bandhani/sfi11-brownie_jpg.rf.7607f4f7a6e7e5e0d894e8b4ed771ba8.jpg,indian_patterns,train,Bandhani,,aug_4fe9e31ce3e2,,cbd60510e870158887e344edeb3c6c14,train
data/indian_saree/train/Bandhani/voilet-bandhani-handwoven-banarasi-silk-fabric-307829_800x_jpg.rf.8ed128ae966c412db9d50cc5382ccfae.jpg,indian_patterns,train,Bandhani,,aug_1cff1bff3f2e,,fa23a9f38968834e60f564e0f7dd5c2e,train
data/indian_saree/train/Bandhani/voilet-bandhani-handwoven-banarasi-silk-fabric-307829_800x_jpg.rf.bc2c121ddc3550f23b8da37083be870c.jpg,indian_patterns,train,Bandhani,,aug_1cff1bff3f2e,,f9ac957656a84b07cd5496e9cd2379b5,train
data/indian_saree/train/Bandhani/voilet-bandhani-handwoven-banarasi-silk-fabric-307829_800x_jpg.rf.c1a1088c44a5daa0c21c7820f340e4e7.jpg,indian_patterns,train,Bandhani,,aug_1cff1bff3f2e,,eae3d7a47b4b22c4e0b4a88210170edc,train
data/indian_saree/train/Ikat/-473Wx593H-469483210-multi-MODEL_jpg.rf.6a34a4af1aaf551cbbd4018d7c5b436a.jpg,indian_patterns,train,Ikat,,aug_dded2698face,,d52f1b07274536d2063709b548abab8b,train
data/indian_saree/train/Ikat/-473Wx593H-469483210-multi-MODEL_jpg.rf.efb264b3a3cf06911b64a06ff34921d3.jpg,indian_patterns,train,Ikat,,aug_dded2698face,,88da9355b6c790968b99f88b9022f76a,train
data/indian_saree/train/Ikat/-473Wx593H-469483210-multi-MODEL_jpg.rf.fb060b01725f1b7366c047bff7a76e2e.jpg,indian_patterns,train,Ikat,,aug_dded2698face,,7b1ba05690885d59c6423468877e0e56,train
data/indian_saree/train/Ikat/1-5-5_jpg.rf.22a80ae5ba30499032f8af935ccb61e0.jpg,indian_patterns,train,Ikat,,aug_67aff8a847a4,,ad3a665c6caa5b75f282b800daec869a,train
data/indian_saree/train/Ikat/1-5-5_jpg.rf.4730845f18bef2aa9223fd3ba04f1d84.jpg,indian_patterns,train,Ikat,,aug_67aff8a847a4,,57ec80c83949204d2566238260087fad,train
data/indian_saree/train/Ikat/1-5-5_jpg.rf.97c249bb7e4f7811c2c0b686492ce5ac.jpg,indian_patterns,train,Ikat,,aug_67aff8a847a4,,f1efdc2a3b03d16039d8f82bf5b95f51,train
data/indian_saree/train/Ikat/1TTXGENAP06537_1_jpg.rf.2b353682200ba3ec06b5e1fae1623639.jpg,indian_patterns,train,Ikat,,aug_544d2593ec5a,,b4ffe06231fcd138e3a2f1f109418376,train
data/indian_saree/train/Ikat/1TTXGENAP06537_1_jpg.rf.531a2657ae0e44b33a9add989e09d5f4.jpg,indian_patterns,train,Ikat,,aug_544d2593ec5a,,85ee2528f55522cd2013ba628f4f62eb,train
data/indian_saree/train/Ikat/1TTXGENAP06537_1_jpg.rf.97e438c801b692c8828ce99818fd6854.jpg,indian_patterns,train,Ikat,,aug_544d2593ec5a,,27c901a8ea716896f9dc4496e17258d9,train
data/indian_saree/train/Ikat/20220116-163925-jpg-500x500_jpg.rf.57cbb014712ecb11412f55eecaaee5dc.jpg,indian_patterns,train,Ikat,,aug_531777bfac92,,b6ba570d4290503342989f9c71d303d0,train
data/indian_saree/train/Ikat/20220116-163925-jpg-500x500_jpg.rf.bfd8cd87a1443a5dc92d4a348f6cf845.jpg,indian_patterns,train,Ikat,,aug_531777bfac92,,0eba32121dde2f50cbc5603902de9fe7,train
data/indian_saree/train/Ikat/20220116-163925-jpg-500x500_jpg.rf.ef1587d890df5ef3b25f76d6b7e1c575.jpg,indian_patterns,train,Ikat,,aug_531777bfac92,,3ca49a98e67b13acf60cfeb683766e74,train
data/indian_saree/train/Ikat/274AF444-2B22-491F-BE62-B74D032FBD49_1_201_a_1024x10242x_jpg.rf.221bcdb0709a25590c594b76bda51eff.jpg,indian_patterns,train,Ikat,,aug_fabdb8f08c82,,f7df48ea4eb1a38147d97f24535eae70,train
data/indian_saree/train/Ikat/274AF444-2B22-491F-BE62-B74D032FBD49_1_201_a_1024x10242x_jpg.rf.30ef37dc89a48374b8fd2a10aeab1665.jpg,indian_patterns,train,Ikat,,aug_fabdb8f08c82,,dcbe95b99e8a14a332cc6093970e3b5a,train
data/indian_saree/train/Ikat/274AF444-2B22-491F-BE62-B74D032FBD49_1_201_a_1024x10242x_jpg.rf.c08d8e8d76fad32c36211727f1499144.jpg,indian_patterns,train,Ikat,,aug_fabdb8f08c82,,a5cfdef2284059b972416757cde369c7,train
data/indian_saree/train/Ikat/3E9A9863_c343de3b-c5eb-4c55-a9ac-660be72eb393_jpg.rf.389211e9a0d582adeb57430bcb4e8fbf.jpg,indian_patterns,train,Ikat,,aug_7c6a2ecde98a,,8c320dabb64e84d946fa80bc551f22aa,train
data/indian_saree/train/Ikat/3E9A9863_c343de3b-c5eb-4c55-a9ac-660be72eb393_jpg.rf.6683e3087b4961212b0139e7f5a824aa.jpg,indian_patterns,train,Ikat,,aug_7c6a2ecde98a,,0d2547f54011a5b7600d3cc62d21fa54,train
data/indian_saree/train/Ikat/3E9A9863_c343de3b-c5eb-4c55-a9ac-660be72eb393_jpg.rf.d714e6a9643863f61f5b6a245aeed2dc.jpg,indian_patterns,train,Ikat,,aug_7c6a2ecde98a,,8b0b56f27c15f5fe1cda6eb18bdfcdca,train
data/indian_saree/train/Ikat/4_207ea6dd-f069-48e9-b64a-7e89691819a3_jpg.rf.3ac44b3de0baebbdd1a487da773950e7.jpg,indian_patterns,train,Ikat,,aug_a2991f0927c3,,ff470dbd7067faaa6229d7c8421d9de9,train
data/indian_saree/train/Ikat/4_207ea6dd-f069-48e9-b64a-7e89691819a3_jpg.rf.5ad8727e9941477c5a41aac9dddbb859.jpg,indian_patterns,train,Ikat,,aug_a2991f0927c3,,6b7aa96cdc62954e3883edda33bcabf0,train
data/indian_saree/train/Ikat/4_207ea6dd-f069-48e9-b64a-7e89691819a3_jpg.rf.dc60138458dc1fb2f22b9dd1ae070de1.jpg,indian_patterns,train,Ikat,,aug_a2991f0927c3,,7b1d2ea3a8f547fbd62b604dd934669c,train
data/indian_saree/train/Ikat/55f7c953-8e93-443f-a636-9f8bd6df313f_jpg.rf.5aeb41c5c7015451205536b2123d1c81.jpg,indian_patterns,train,Ikat,,aug_862bb4246db5,,f5b9cd4d4466c8b6ef8a1a99eeb3e516,train
data/indian_saree/train/Ikat/55f7c953-8e93-443f-a636-9f8bd6df313f_jpg.rf.9ef4b60847e74ca43aa030e50b117b70.jpg,indian_patterns,train,Ikat,,aug_862bb4246db5,,4343496f17d2e49d60a18b732e5e96e9,train
data/indian_saree/train/Ikat/55f7c953-8e93-443f-a636-9f8bd6df313f_jpg.rf.d813e05e5654e87c7b4447fe42a5c2e6.jpg,indian_patterns,train,Ikat,,aug_862bb4246db5,,a9ce5d4dd8c131f548e6aec44e0d5a24,train
data/indian_saree/train/Ikat/643cfca3-0895-4cfd-a35f-721fddce69c3_jpg.rf.4371139546d1c84865a0bfb6ffecd260.jpg,indian_patterns,train,Ikat,,aug_69532080bf11,,e9bc8d39b288ea707682ea1278b3fd3c,train
data/indian_saree/train/Ikat/643cfca3-0895-4cfd-a35f-721fddce69c3_jpg.rf.9fa05b2759523a21cc9f62e0b8231dad.jpg,indian_patterns,train,Ikat,,aug_69532080bf11,,53090343b10cf35f88685d10b9caba7e,train
data/indian_saree/train/Ikat/643cfca3-0895-4cfd-a35f-721fddce69c3_jpg.rf.b04306d1a459e953bccaed77167e9e6d.jpg,indian_patterns,train,Ikat,,aug_69532080bf11,,6ad2f7499e210b21dd7504c6c1585f99,train
data/indian_saree/train/Ikat/79_jpg.rf.0c5cf818839ed567b2d2cb6b1802c135.jpg,indian_patterns,train,Ikat,,aug_440433d1ff95,,7fc2b54f431da05add487fc66a5e98f5,train
data/indian_saree/train/Ikat/79_jpg.rf.2b6c03a243fa81115c03ad87cf445dc8.jpg,indian_patterns,train,Ikat,,aug_440433d1ff95,,c49b3d26df0763cc378ae3f0c95c783b,train
data/indian_saree/train/Ikat/79_jpg.rf.f0aacf2a39e9dad0aa720828f35f9f70.jpg,indian_patterns,train,Ikat,,aug_440433d1ff95,,d027eb1c2439ff60e065205e8d18d556,train
data/indian_saree/train/Ikat/91Id57ZGPQL-_AC_UY1100__jpg.rf.785b699990fc3fee2336509e1cdc59a1.jpg,indian_patterns,train,Ikat,,aug_987864f66b3f,,c876c92e6d541a5c178c2976293b3ed9,train
data/indian_saree/train/Ikat/91Id57ZGPQL-_AC_UY1100__jpg.rf.b9404d0229caaf622b71d8e5513ba4f4.jpg,indian_patterns,train,Ikat,,aug_987864f66b3f,,9520218a87742ac724086c91a2c3517b,train
data/indian_saree/train/Ikat/91Id57ZGPQL-_AC_UY1100__jpg.rf.c3932c2a3b48be2beb5ef5695b451a7a.jpg,indian_patterns,train,Ikat,,aug_987864f66b3f,,2b4ea37aaa9ca68281585c06609e2b99,train
data/indian_saree/train/Ikat/ABB80897-FE29-4D7E-9FB3-438565872A39_1_201_a_1024x10242x_jpg.rf.9512359a7cf451f58414a7be845bf4c7.jpg,indian_patterns,train,Ikat,,aug_72a12d0ae33b,,7f5cfad219f5da80582d5e99e19be2e7,train
data/indian_saree/train/Ikat/ABB80897-FE29-4D7E-9FB3-438565872A39_1_201_a_1024x10242x_jpg.rf.ad8e91f22859631badc920e7799f9a20.jpg,indian_patterns,train,Ikat,,aug_72a12d0ae33b,,4448975340f044f3f5c12a69d7f80913,train
data/indian_saree/train/Ikat/ABB80897-FE29-4D7E-9FB3-438565872A39_1_201_a_1024x10242x_jpg.rf.cfbc8933efd57065309a23474c23ab59.jpg,indian_patterns,train,Ikat,,aug_72a12d0ae33b,,7f25cb4e67ef0015a04dd671e4aa1146,train
data/indian_saree/train/Ikat/dsc00117_jpg.rf.6dc2628320a25d2b75f2040ff4f60e11.jpg,indian_patterns,train,Ikat,,aug_5fc3624e8991,,21e9232c9c857584f40f31eacf108e17,train
data/indian_saree/train/Ikat/dsc00117_jpg.rf.b855495c8dff4c8e9f4fcc2e01085569.jpg,indian_patterns,train,Ikat,,aug_5fc3624e8991,,d84b44c6c8f29204d6f3a0d1a99feade,train
data/indian_saree/train/Ikat/dsc00117_jpg.rf.f811e3261a269ac8d2bf7cbad6d9e6b0.jpg,indian_patterns,train,Ikat,,aug_5fc3624e8991,,98fd89cb1bd3bfe298fe61e6abeeea7f,train
data/indian_saree/train/Ikat/dsc09952_1800x1800_jpg.rf.09a523f8647e4fb7d0cec6e44691b131.jpg,indian_patterns,train,Ikat,,aug_55af002e0e4c,,2900a61b9622d2ddae298b28700eb448,train
data/indian_saree/train/Ikat/dsc09952_1800x1800_jpg.rf.93364d04a99da89fdf4531b613ef0f2a.jpg,indian_patterns,train,Ikat,,aug_55af002e0e4c,,9176e7877725fe93a54256ad7bb132c5,train
data/indian_saree/train/Ikat/dsc09952_1800x1800_jpg.rf.fd803d668e6737a7928c6382c2fadd4a.jpg,indian_patterns,train,Ikat,,aug_55af002e0e4c,,4dd3b7367c919264167515da709d4167,train
data/indian_saree/train/Ikat/e42f5dd20f355044d6cda9e30444b36c_jpg.rf.2a4df28b65657caf609b5cc9b8e58d5a.jpg,indian_patterns,train,Ikat,,aug_3aa72791d1cc,,25cb1179c95c4cb684728deee7568400,train
data/indian_saree/train/Ikat/e42f5dd20f355044d6cda9e30444b36c_jpg.rf.3a94c2c2bef697aadf4ff6eab0048227.jpg,indian_patterns,train,Ikat,,aug_3aa72791d1cc,,945721d4b0144ae21a074a2c46454130,train
data/indian_saree/train/Ikat/e42f5dd20f355044d6cda9e30444b36c_jpg.rf.c02dce228db6b6e3581c182a3261df02.jpg,indian_patterns,train,Ikat,,aug_3aa72791d1cc,,3594c5193d47d45c139c0d47778aabe2,train
data/indian_saree/train/Ikat/F-IKCT0720-A_jpg.rf.3345e34371e23ef4b181d7109a99a1cc.jpg,indian_patterns,train,Ikat,,aug_298ec61cf339,,4e3bd479453865fa8429301a50129299,train
data/indian_saree/train/Ikat/F-IKCT0720-A_jpg.rf.65281d6a6405f6711de6723d13a26b1d.jpg,indian_patterns,train,Ikat,,aug_298ec61cf339,,b9e3ac31a29c3268c9f4449f98e3eb2a,train
data/indian_saree/train/Ikat/F-IKCT0720-A_jpg.rf.8c0741eb95601bdbffb2af1b14565cec.jpg,indian_patterns,train,Ikat,,aug_298ec61cf339,,e8799580c1c98aee0d33e67e9be18e62,train
data/indian_saree/train/Ikat/F-IKCT0752-A_jpg.rf.29b8b2cc82376be64f6a5b70d40d2cab.jpg,indian_patterns,train,Ikat,,aug_495fab026801,,e7ac68e13700324d379d32816239f7e9,train
data/indian_saree/train/Ikat/F-IKCT0752-A_jpg.rf.442a387b21871dc4ac8645e4a946a64c.jpg,indian_patterns,train,Ikat,,aug_495fab026801,,f7e6e41315f05d74e3fb8d2ed918c7f2,train
data/indian_saree/train/Ikat/F-IKCT0752-A_jpg.rf.5425b7901d1bb71241425125f91b2635.jpg,indian_patterns,train,Ikat,,aug_495fab026801,,2ebba8fd2cb32939bf0950d81ea3d400,train
data/indian_saree/train/Ikat/F-IKCT0790-A_jpg.rf.3090ac5f23dd84a0c66a2ac83fd4e416.jpg,indian_patterns,train,Ikat,,aug_c05dc4f74521,,651a3b89220c75d4ea488f9b81128fed,train
data/indian_saree/train/Ikat/F-IKCT0790-A_jpg.rf.9641a7c979ac8cac72b62b12bc1cb71b.jpg,indian_patterns,train,Ikat,,aug_c05dc4f74521,,dbf282e907eee3f5a1f8f79ad3fc32d6,train
data/indian_saree/train/Ikat/F-IKCT0790-A_jpg.rf.cbc339628936ae04b5126d4afe5a8c09.jpg,indian_patterns,train,Ikat,,aug_c05dc4f74521,,383b692af7ca6883fac4194892c525b1,train
data/indian_saree/train/Ikat/f23-2_cbcc9ff5-b9bf-4389-9b86-23112a581598_1024x_jpg.rf.bab721e58eba884cd4674dd3a1fadcfd.jpg,indian_patterns,train,Ikat,,aug_1c3e71a0690e,,0b4162bb32fd2e5fcfaec0de3ad356ff,train
data/indian_saree/train/Ikat/f23-2_cbcc9ff5-b9bf-4389-9b86-23112a581598_1024x_jpg.rf.c1287af845ca38274808b401470ca256.jpg,indian_patterns,train,Ikat,,aug_1c3e71a0690e,,ade8488942021f68673ff3e8ff64e338,train
data/indian_saree/train/Ikat/f23-2_cbcc9ff5-b9bf-4389-9b86-23112a581598_1024x_jpg.rf.ff9ef73af7a33057d570258bd1d926f0.jpg,indian_patterns,train,Ikat,,aug_1c3e71a0690e,,f792057f31c3d37795ee1c2d99bdac75,train
data/indian_saree/train/Ikat/f23-3_28011e9d-4d11-40a8-8ead-d1570fd16907_1200x_jpg.rf.31af75e0f1f0c84aec1abcb68c0a0fe8.jpg,indian_patterns,train,Ikat,,aug_1e68a3dbe96d,dup_0002,131cbf276c9b9962420b95ae776a6bce,train
data/indian_saree/train/Ikat/f23-3_28011e9d-4d11-40a8-8ead-d1570fd16907_1200x_jpg.rf.6050478d7b0904ac25be3ba6ed3166f7.jpg,indian_patterns,train,Ikat,,aug_1e68a3dbe96d,dup_0002,131cbf276c9b9962420b95ae776a6bce,train
data/indian_saree/train/Ikat/f23-3_28011e9d-4d11-40a8-8ead-d1570fd16907_1200x_jpg.rf.b9c7118ff5b0199e0e0953d663a2abf5.jpg,indian_patterns,train,Ikat,,aug_1e68a3dbe96d,,833c78732784c95d2a4effee8070b342,train
data/indian_saree/train/Ikat/f39-3_90da3663-47f5-44f4-80c1-4b687fbe2973_1024x_jpg.rf.5391ccfaa6496e5e281d35f31f79c3e7.jpg,indian_patterns,train,Ikat,,aug_147352a49bb9,,e65fa22be8fc92ac5e3315038abfec9c,train
data/indian_saree/train/Ikat/f39-3_90da3663-47f5-44f4-80c1-4b687fbe2973_1024x_jpg.rf.98adfaa423bb9e94257dd42c7db8a768.jpg,indian_patterns,train,Ikat,,aug_147352a49bb9,,9635d43498f05c41fd3ccad9e22a2c3c,train
data/indian_saree/train/Ikat/f39-3_90da3663-47f5-44f4-80c1-4b687fbe2973_1024x_jpg.rf.f4a873e2f033fd3118ea67ccf41a343a.jpg,indian_patterns,train,Ikat,,aug_147352a49bb9,,384da348e9577d8e8ebe029e7347f7f8,train
data/indian_saree/train/Ikat/f40-1_69237dc8-6fea-4fad-95fe-fcd678be28d0_1024x_jpg.rf.157f6e5d2e67c34fb8f4c0b82a7c7b27.jpg,indian_patterns,train,Ikat,,aug_3b21d040e139,,0e3fb148c5a394e7b4c632376288d00c,train
data/indian_saree/train/Ikat/f40-1_69237dc8-6fea-4fad-95fe-fcd678be28d0_1024x_jpg.rf.2705c86f5223b2a8cfbd1795acf82b1a.jpg,indian_patterns,train,Ikat,,aug_3b21d040e139,,7359c83685917af0ff839461c89d3b31,train
data/indian_saree/train/Ikat/f40-1_69237dc8-6fea-4fad-95fe-fcd678be28d0_1024x_jpg.rf.d5b84b5de08e2c4fca5576d47797fb66.jpg,indian_patterns,train,Ikat,,aug_3b21d040e139,,7daa2c7429462561c50ffacf93a50bf9,train
data/indian_saree/train/Ikat/F88AC223-FA52-42A5-8A04-20DE2571C66C_1_201_a_300x300_jpg.rf.14ff64d24083c215299a9249fb091421.jpg,indian_patterns,train,Ikat,,aug_182bc52e4835,,110e09d3a8ec22166093bda7b24f092d,train
data/indian_saree/train/Ikat/F88AC223-FA52-42A5-8A04-20DE2571C66C_1_201_a_300x300_jpg.rf.a56fcbfcfefe22052bacf647ce36bd38.jpg,indian_patterns,train,Ikat,,aug_182bc52e4835,,4f0437e67e96488e0e3beaa4e54f79db,train
data/indian_saree/train/Ikat/F88AC223-FA52-42A5-8A04-20DE2571C66C_1_201_a_300x300_jpg.rf.f53cfdaeaede6b1c6173b0dc6d44025c.jpg,indian_patterns,train,Ikat,,aug_182bc52e4835,,8436f1cb94c500100a48d09ac1223149,train
data/indian_saree/train/Ikat/free-size-skin-friendly-multi-color-handloom-pochampally-ikkat-cotton-printed-dress-fabric-628_jpg.rf.1ef81c2fad98783201ff84f76800cf06.jpg,indian_patterns,train,Ikat,,aug_ce87f662fd5e,,63f19880ea0bd0e2fca0282b5ada2c5f,train
data/indian_saree/train/Ikat/free-size-skin-friendly-multi-color-handloom-pochampally-ikkat-cotton-printed-dress-fabric-628_jpg.rf.27d23b57ca3ef02625fb56fc2ddbd89a.jpg,indian_patterns,train,Ikat,,aug_ce87f662fd5e,,a8172d30731e5e4248078d03a1cd7b90,train
data/indian_saree/train/Ikat/free-size-skin-friendly-multi-color-handloom-pochampally-ikkat-cotton-printed-dress-fabric-628_jpg.rf.73d9a1fd71d8235c68b4a1a1bd3d5f09.jpg,indian_patterns,train,Ikat,,aug_ce87f662fd5e,,4550beb3c7eec384f56c25995d443939,train
data/indian_saree/train/Ikat/gcgbhcofba0183__5_jpg.rf.100984433846c04b416ca97a93b70ec8.jpg,indian_patterns,train,Ikat,,aug_fa71c0653582,,42d8bb0b2a74b58b95bd94c1d245843c,train
data/indian_saree/train/Ikat/gcgbhcofba0183__5_jpg.rf.d857b653700305c1a09b185673b748e4.jpg,indian_patterns,train,Ikat,,aug_fa71c0653582,,e411a4cff9191200635697be330c38dc,train
data/indian_saree/train/Ikat/gcgbhcofba0183__5_jpg.rf.f6e7157d970fff6f6690f276bc263719.jpg,indian_patterns,train,Ikat,,aug_fa71c0653582,,9b25e40c8e0d07f9933ef23063a11beb,train
data/indian_saree/train/Ikat/GCTVTCOFBA0188_1_jpg.rf.01bca2174794a925b866782020a3c459.jpg,indian_patterns,train,Ikat,,aug_a5c8297bf2a5,,e9a359fa2e8bb8cfd449313073b18278,train
data/indian_saree/train/Ikat/GCTVTCOFBA0188_1_jpg.rf.218d60e2aa656f25659f62b514154bbb.jpg,indian_patterns,train,Ikat,,aug_a5c8297bf2a5,,abf1a84ab869f91ca20bdf5e9c9b1fc7,train
data/indian_saree/train/Ikat/GCTVTCOFBA0188_1_jpg.rf.472d6ae35ab9c502d56d8d4a44432723.jpg,indian_patterns,train,Ikat,,aug_a5c8297bf2a5,,87bf9ee7d9e453c6677e3b8222baa5da,train
data/indian_saree/train/Ikat/gsosaincofb252-_284_29_1800x1800_jpg.rf.5177220b743ee2cd9492eb3c7dfcf5fb.jpg,indian_patterns,train,Ikat,,aug_9ed6b52b7fa7,,340a7194109f9c8be2470f10576910a4,train
data/indian_saree/train/Ikat/gsosaincofb252-_284_29_1800x1800_jpg.rf.9cd9cb2a2fdcc57b051c66a9cd2c6acf.jpg,indian_patterns,train,Ikat,,aug_9ed6b52b7fa7,,c0044157467bdfe2dcc5015872514e4b,train
data/indian_saree/train/Ikat/gsosaincofb252-_284_29_1800x1800_jpg.rf.b79c69e776896b72f848f382884a8f94.jpg,indian_patterns,train,Ikat,,aug_9ed6b52b7fa7,,958876a9d6a4ae153c6cf18f665d92be,train
data/indian_saree/train/Ikat/gsosaincofb260-_285_29_jpg.rf.6888223c5d637c1045e9bfdbb84b805e.jpg,indian_patterns,train,Ikat,,aug_53b63857cd5c,,3cc1e60027881dcf68d5d2042f2b6f29,train
data/indian_saree/train/Ikat/gsosaincofb260-_285_29_jpg.rf.9611bfd242743c2d9ee4078524eb4a4d.jpg,indian_patterns,train,Ikat,,aug_53b63857cd5c,,1558951a3b6643a1ad393302b61778cd,train
data/indian_saree/train/Ikat/gsosaincofb260-_285_29_jpg.rf.a2c82785a082c2fcdd035c7a0dad0331.jpg,indian_patterns,train,Ikat,,aug_53b63857cd5c,,30f7a37b2328326aa2a608498ca2e16b,train
data/indian_saree/train/Ikat/Handwoven20Cotton20Pochampally20Dark20Pink20Ikat20Fabric-1000x1000_jpeg.rf.41967ffb34218a08e9638e1c34386111.jpg,indian_patterns,train,Ikat,pink,aug_40218cf6f99b,,2ac18cf7b92c2c7fe9f8c80dea95c216,train
data/indian_saree/train/Ikat/Handwoven20Cotton20Pochampally20Dark20Pink20Ikat20Fabric-1000x1000_jpeg.rf.6dc872b05292a0ec2835dc4795e865e5.jpg,indian_patterns,train,Ikat,pink,aug_40218cf6f99b,,9ea5dfb26e290b0e055e43e78eae47d6,train
data/indian_saree/train/Ikat/Handwoven20Cotton20Pochampally20Dark20Pink20Ikat20Fabric-1000x1000_jpeg.rf.cac07c5992ea6cdd37dea7e49ca8e013.jpg,indian_patterns,train,Ikat,pink,aug_40218cf6f99b,,c814df43093586818235d2725c095f84,train
data/indian_saree/train/Ikat/IKA-F-52_3_0e3ac7e1-f6a2-4555-81e9-ef2b15c6396a_jpg.rf.7a649fdedb1a316c26dfeb4d2c09961e.jpg,indian_patterns,train,Ikat,,aug_fe22871c6609,,c99c452fe91f453188f3b4fd8f338b8a,train
data/indian_saree/train/Ikat/IKA-F-52_3_0e3ac7e1-f6a2-4555-81e9-ef2b15c6396a_jpg.rf.8afc175d30f6628f4d2178d9768e20fb.jpg,indian_patterns,train,Ikat,,aug_fe22871c6609,,f8743a10dc58a0bc59680341f5d12663,train
data/indian_saree/train/Ikat/IKA-F-52_3_0e3ac7e1-f6a2-4555-81e9-ef2b15c6396a_jpg.rf.f189c00de86b889ced4abe563fd5e6a3.jpg,indian_patterns,train,Ikat,,aug_fe22871c6609,,65d9f3813f31080ba717a8e784a563df,train
data/indian_saree/train/Ikat/IKKA356-F-1002485_3_492e372d-c9b3-4e51-9816-205f0d64ce22_jpg.rf.a08ebd5eb5ba6e35fd355180fd8b150b.jpg,indian_patterns,train,Ikat,,aug_5d1d68ab7564,,7379652c70742fcdc61426e967c9ff3d,train
data/indian_saree/train/Ikat/IKKA356-F-1002485_3_492e372d-c9b3-4e51-9816-205f0d64ce22_jpg.rf.d6b0972bf28418c823cde9ebc4e05309.jpg,indian_patterns,train,Ikat,,aug_5d1d68ab7564,,ddb4d74c04e898ee85210c9d185904df,train
data/indian_saree/train/Ikat/IKKA356-F-1002485_3_492e372d-c9b3-4e51-9816-205f0d64ce22_jpg.rf.fa0b0aa0845c2b417f953880068268c3.jpg,indian_patterns,train,Ikat,,aug_5d1d68ab7564,,cb954d90a2aaaa67c7b1e944508e6468,train
data/indian_saree/train/Ikat/IKKA370-F-1002848_1_fcea21f3-78f1-4c50-96f4-75308e5d4d93_jpg.rf.c2e51ffe8cfea8bd9802181cc02c659e.jpg,indian_patterns,train,Ikat,,aug_7306886def55,,328494701446bd606e3d2465a891bfcb,train
data/indian_saree/train/Ikat/IKKA370-F-1002848_1_fcea21f3-78f1-4c50-96f4-75308e5d4d93_jpg.rf.e86fb2b4c15b58239091d41f88f0a9f7.jpg,indian_patterns,train,Ikat,,aug_7306886def55,,b1cc93beb254706e1e0a2f76d0e1dabe,train
data/indian_saree/train/Ikat/IKKA370-F-1002848_1_fcea21f3-78f1-4c50-96f4-75308e5d4d93_jpg.rf.fa0d99938af9e0895f8a78d6eb96ea37.jpg,indian_patterns,train,Ikat,,aug_7306886def55,,e571d4afe6a0ba5df91db6f455d9155f,train
data/indian_saree/train/Ikat/ikkat-silk-fabric-light-pink-color-pochampallysarees-com_jpg.rf.8bd9dcd7bd122e8970eb9e6f1e249970.jpg,indian_patterns,train,Ikat,pink,aug_b21cc2c37788,,61d70e9c3a42f1557c3c939d41915a27,train
data/indian_saree/train/Ikat/ikkat-silk-fabric-light-pink-color-pochampallysarees-com_jpg.rf.bce6050e8a84b06d8e1fe9bcc43e1d2f.jpg,indian_patterns,train,Ikat,pink,aug_b21cc2c37788,,a7864275544b459c13a4f6251f4f565c,train
data/indian_saree/train/Ikat/ikkat-silk-fabric-light-pink-color-pochampallysarees-com_jpg.rf.ff569a721a097ecd694d1abc93af60c9.jpg,indian_patterns,train,Ikat,pink,aug_b21cc2c37788,,2c79bd68c25053830e425b1ca812ebf6,train
data/indian_saree/train/Ikat/Ikkat_Cotton_Fabric_material-ICFM001_jpg.rf.8e502f5980c2eba6ebb93ef28cba05d1.jpg,indian_patterns,train,Ikat,,aug_89a587f31c11,,95e2f12a84af3535008cff66a87a43cf,train
data/indian_saree/train/Ikat/Ikkat_Cotton_Fabric_material-ICFM001_jpg.rf.c0ff72507001a8d5516bd65fedf46b18.jpg,indian_patterns,train,Ikat,,aug_89a587f31c11,,3f79e9710936e2afdbb8c97ebbc0641f,train
data/indian_saree/train/Ikat/Ikkat_Cotton_Fabric_material-ICFM001_jpg.rf.d34bae2859c53e56b0fa78725dc4f44e.jpg,indian_patterns,train,Ikat,,aug_89a587f31c11,,c05afbbe92fb70047c9f83669aac5c6f,train
data/indian_saree/train/Ikat/image10_jpeg.rf.10daa721fa9cb18a8afc083ed37cc788.jpg,indian_patterns,train,Ikat,,aug_effd9de8918e,,2fbe17307d7f341e005114876b215706,train
data/indian_saree/train/Ikat/image10_jpeg.rf.5793c81a4158d91b7461b7b64a77d7d4.jpg,indian_patterns,train,Ikat,,aug_effd9de8918e,,760a95792ef18b91324142b262c98eb1,train
data/indian_saree/train/Ikat/image10_jpeg.rf.a469adfa36b7a9cb3e4d0b99557e61ca.jpg,indian_patterns,train,Ikat,,aug_effd9de8918e,,a0005516a385fe4ab745dd2c479204d3,train
data/indian_saree/train/Ikat/image13_jpeg.rf.e1dd1317e78afe610a397ee1baa27a5f.jpg,indian_patterns,train,Ikat,,aug_325c5748d3c1,,33d661976bb06dbc81f0e636cf52550e,train
data/indian_saree/train/Ikat/image13_jpeg.rf.ee43f66850467f108d3bc701e2ee7e49.jpg,indian_patterns,train,Ikat,,aug_325c5748d3c1,,4884ec3eca2338ff26d06ce9ca17d13f,train
data/indian_saree/train/Ikat/image13_jpeg.rf.efbff6f8c3dfe8f42ed1ff2c46234b42.jpg,indian_patterns,train,Ikat,,aug_325c5748d3c1,,8c4fa069eff9d67217084c18d85ba525,train
data/indian_saree/train/Ikat/image14_jpeg.rf.2aea62d6fceaeed64ea1bc1b766c842e.jpg,indian_patterns,train,Ikat,,aug_2db699dae0e8,,f190daa9f09d719de6f655abecfa766e,train
data/indian_saree/train/Ikat/image14_jpeg.rf.7007a131504b0d9c2b1b86357c63691d.jpg,indian_patterns,train,Ikat,,aug_2db699dae0e8,,a511eac4c6f85e93d7fa4b3c4f6b5f2f,train
data/indian_saree/train/Ikat/image14_jpeg.rf.784f5d173449e30df523a0273a3d7709.jpg,indian_patterns,train,Ikat,,aug_2db699dae0e8,,b34150f073b15526fceb61fecc0b38a1,train
data/indian_saree/train/Ikat/image19_jpeg.rf.0edf67e6afe4c4528d1dc1cc522f1179.jpg,indian_patterns,train,Ikat,,aug_7beed16b4044,,72e4bc3c682f5b2f67c079948e45d058,train
data/indian_saree/train/Ikat/image19_jpeg.rf.19cfbf1beb48c7f864d21c6d985a092f.jpg,indian_patterns,train,Ikat,,aug_7beed16b4044,,94387480e675f1c221a3cd8bd23ba3ac,train
data/indian_saree/train/Ikat/image19_jpeg.rf.8e9d0918b01b4f9fa82b995be07a56a6.jpg,indian_patterns,train,Ikat,,aug_7beed16b4044,,96f64e0dc2601894acaaeab4b31aa294,train
data/indian_saree/train/Ikat/image22_jpeg.rf.7a427915e935b32d506bce174890a59a.jpg,indian_patterns,train,Ikat,,aug_6ff7acf84031,,c9a11361f4e001826a89f2e425a27af9,train
data/indian_saree/train/Ikat/image22_jpeg.rf.87a481d51d111d053fb88fab96bbe004.jpg,indian_patterns,train,Ikat,,aug_6ff7acf84031,,7f65ca36acdf6d552a79030ae4a6ebe5,train
data/indian_saree/train/Ikat/image22_jpeg.rf.8a0d6201d822ab1b22eaeabc2eceb0f6.jpg,indian_patterns,train,Ikat,,aug_6ff7acf84031,,b2d8b75edef3ca8ca74f5133cd0e8e27,train
data/indian_saree/train/Ikat/image28_jpeg.rf.b1f7a67cadfdb39243001a406364c84a.jpg,indian_patterns,train,Ikat,,aug_142a33f27d66,,692ac30931da4934cc3a09c8c2b6ddde,train
data/indian_saree/train/Ikat/image28_jpeg.rf.cbb1c7f676e65a7e20f2181841e8a688.jpg,indian_patterns,train,Ikat,,aug_142a33f27d66,,ddc12a3d31486efd6bf7cc61fb64ff98,train
data/indian_saree/train/Ikat/image28_jpeg.rf.d3f5ac19b0183f7980595cd37e1baffe.jpg,indian_patterns,train,Ikat,,aug_142a33f27d66,,4fcdd6f76061d5ec5e8bdc9dc654b5c6,train
data/indian_saree/train/Ikat/image4_jpeg.rf.4995d394bc66eceb28de37ed0f891947.jpg,indian_patterns,train,Ikat,,aug_533920c9f3ee,,b6fd00e5e43b90a7ac49553e7dc71465,train
data/indian_saree/train/Ikat/image4_jpeg.rf.59a45c75f377ec9d3123e90a7198fb97.jpg,indian_patterns,train,Ikat,,aug_533920c9f3ee,,b3f70f6109a1629f011d3c4a66ac7aa0,train
data/indian_saree/train/Ikat/image4_jpeg.rf.af57289dcd046a43c6b5adfd5c7a54ab.jpg,indian_patterns,train,Ikat,,aug_533920c9f3ee,,46b3a0befc1a6d968143481cf488804a,train
data/indian_saree/train/Ikat/image_jpeg.rf.0317e2cea8fc10a73320f888f6d5ad37.jpg,indian_patterns,train,Ikat,,aug_89fdd4ae2b54,,09d40ad1a24576f96a1779d6070369c6,train
data/indian_saree/train/Ikat/image_jpeg.rf.847aebb175cdae51449de01b820eef5b.jpg,indian_patterns,train,Ikat,,aug_89fdd4ae2b54,,d01c196db5e32471101e4dd18fef86ce,train
data/indian_saree/train/Ikat/image_jpeg.rf.fd06abde9c260fd7240e714370efac8c.jpg,indian_patterns,train,Ikat,,aug_89fdd4ae2b54,,82837b77ae80c455cb4d4a49dc620b2a,train
data/indian_saree/train/Ikat/images10_jpg.rf.6fbb74e1bb548d695e4a32392b66a574.jpg,indian_patterns,train,Ikat,,aug_1510bee50ba5,,b8e8db45c0902f3ca97a4485dad3c4c9,train
data/indian_saree/train/Ikat/images10_jpg.rf.c2a067dcd58527e8375094f7379dc378.jpg,indian_patterns,train,Ikat,,aug_1510bee50ba5,,b975163b26b935d7ae3c6570c20a1398,train
data/indian_saree/train/Ikat/images10_jpg.rf.ed384fcccb1655a59915d50fad682b73.jpg,indian_patterns,train,Ikat,,aug_1510bee50ba5,,b9f1366342392ae79855e09d8f0bacdd,train
data/indian_saree/train/Ikat/images14_jpg.rf.18b6522cfb0ec8d954718a334e4012ff.jpg,indian_patterns,train,Ikat,,aug_c7cfe68a444e,,6fdc88674036778b99a7b04f4ede9bfc,train
data/indian_saree/train/Ikat/images14_jpg.rf.3e14ca35a801f93ed8a55e794522f80c.jpg,indian_patterns,train,Ikat,,aug_c7cfe68a444e,,c9d38fd2ebbcc1252614ee8775bc9a00,train
data/indian_saree/train/Ikat/images14_jpg.rf.6008dd261d8450cbf17bc68a220ff60e.jpg,indian_patterns,train,Ikat,,aug_c7cfe68a444e,,89551db175b56bdf10a8d6965b27382c,train
data/indian_saree/train/Ikat/images19_jpg.rf.2ad80b1a1de93328d8e6d77ae245f61f.jpg,indian_patterns,train,Ikat,,aug_9cb535c637b7,,efd3f15213c1798f841e7c755a1294ff,train
data/indian_saree/train/Ikat/images19_jpg.rf.aa94e161e38e23f265a51dca87837132.jpg,indian_patterns,train,Ikat,,aug_9cb535c637b7,,c570e45d68fef482f1e0cf9c4cf57527,train
data/indian_saree/train/Ikat/images19_jpg.rf.fe8af21dfdd287053712180ac66c80c3.jpg,indian_patterns,train,Ikat,,aug_9cb535c637b7,,de8b6c546d062dbd598cc055055b7299,train
data/indian_saree/train/Ikat/images20_jpg.rf.8ce35957d77b0d52f9417b6bebf5460e.jpg,indian_patterns,train,Ikat,,aug_c148d4f3e807,,56ba007e4a51305c10e7e4074719a8c7,train
data/indian_saree/train/Ikat/images20_jpg.rf.affe7e8b1fc9caf04a7e70cba5d202bd.jpg,indian_patterns,train,Ikat,,aug_c148d4f3e807,,f722635f031d6761af462abaf10c6d98,train
data/indian_saree/train/Ikat/images20_jpg.rf.d796f837b8bc732855beb91139676f3a.jpg,indian_patterns,train,Ikat,,aug_c148d4f3e807,,e3c7e5155581aeb9cedd72f4fd03382c,train
data/indian_saree/train/Ikat/images28_jpg.rf.20affec16d89e38ecfbf4d74dc2ffbde.jpg,indian_patterns,train,Ikat,,aug_95c15556166f,,b5b7a91d5aecaea45aa97e0391b66e20,train
data/indian_saree/train/Ikat/images28_jpg.rf.9790497267822a0b02660e79aa8988de.jpg,indian_patterns,train,Ikat,,aug_95c15556166f,,a57abc575d4ae859a4a8b1faca6d78af,train
data/indian_saree/train/Ikat/images28_jpg.rf.dd46d56bd59d55c742a58bcf29fcf2a8.jpg,indian_patterns,train,Ikat,,aug_95c15556166f,,2d65b4fce61e68142f64dc29c1c0e46c,train
data/indian_saree/train/Ikat/images29_jpg.rf.3ac4dc05d043967868452a4a477273d2.jpg,indian_patterns,train,Ikat,,aug_72e952c3855c,,ad2546c7eecde6c667db2dd917df4c4a,train
data/indian_saree/train/Ikat/images29_jpg.rf.6f7ade91d22b078b97faa00af597a4c0.jpg,indian_patterns,train,Ikat,,aug_72e952c3855c,,b9c02c6ec641138e55203e05aafe3778,train
data/indian_saree/train/Ikat/images29_jpg.rf.a185c7591152a70de334deaea48d4b14.jpg,indian_patterns,train,Ikat,,aug_72e952c3855c,,fddc0234d530bb30c33bf314c4089d47,train
data/indian_saree/train/Ikat/images2_jpg.rf.89b8996a4628e7572d526a719af44bbd.jpg,indian_patterns,train,Ikat,,aug_930f51215e29,,ae8bd81c19ffa1adc04ee0399073ffca,train
data/indian_saree/train/Ikat/images2_jpg.rf.e4d56b06d1cf988a7ab857d511f73daf.jpg,indian_patterns,train,Ikat,,aug_930f51215e29,,fb94f64e6564a60b4736980da7fdb035,train
data/indian_saree/train/Ikat/images2_jpg.rf.fd60270f45078c435e80da7687b248af.jpg,indian_patterns,train,Ikat,,aug_930f51215e29,,265771526906c0e05aaa4f104917b2b7,train
data/indian_saree/train/Ikat/images4_jpg.rf.10781dfa6ea6e33b3763e30aab32d4ca.jpg,indian_patterns,train,Ikat,,aug_678d7c9ea1d5,,9c8ac677c8671cd4d531bd461fe4710a,train
data/indian_saree/train/Ikat/images4_jpg.rf.8e8207de362d8853a415a34315c04ec1.jpg,indian_patterns,train,Ikat,,aug_678d7c9ea1d5,,4e22d39a0697401385e6284a02261de0,train
data/indian_saree/train/Ikat/images4_jpg.rf.a946d664d0acc0eeba73bbb244189004.jpg,indian_patterns,train,Ikat,,aug_678d7c9ea1d5,,ef615258948d8929e708e2af6ec4a6e9,train
data/indian_saree/train/Ikat/images5_jpg.rf.0c7fc5d5fb24ada40b9d93705277d207.jpg,indian_patterns,train,Ikat,,aug_b16c150ec31d,,3dc1a600e551cb2f5fc0246caad8ccef,train
data/indian_saree/train/Ikat/images5_jpg.rf.578ed141df128a541003f0de0f1b7a01.jpg,indian_patterns,train,Ikat,,aug_b16c150ec31d,,a1391c5eb0c58ff920174f246494f673,train
data/indian_saree/train/Ikat/images5_jpg.rf.ffecf5a0276ca6efad9c0dd1f362f253.jpg,indian_patterns,train,Ikat,,aug_b16c150ec31d,,42d11842b4120e58fc5de67ff2986481,train
data/indian_saree/train/Ikat/img-20190422-wa0023_jpg.rf.25d88af624ecbc3c7d2add1cec3e187a.jpg,indian_patterns,train,Ikat,,aug_f36319f08bb6,,1a990f4b2897703db8877978a37c27c9,train
data/indian_saree/train/Ikat/img-20190422-wa0023_jpg.rf.4b0ec026a071d0685a09ed98c388bbe1.jpg,indian_patterns,train,Ikat,,aug_f36319f08bb6,,4d60d80e50b5c6b5dbea6aa7caf7ec0f,train
data/indian_saree/train/Ikat/img-20190422-wa0023_jpg.rf.c68b91dd5289980398aec56ef9ef79e4.jpg,indian_patterns,train,Ikat,,aug_f36319f08bb6,,8ed28204439981bff4d4f24a6b4004e5,train
data/indian_saree/train/Ikat/img_5849_3_1280x_jpg.rf.1499d550b853f18bf598fbadd30e5c4c.jpg,indian_patterns,train,Ikat,,aug_8a2a8bbe1262,,67258c77e6c2d97c41f6f0f90cbdbec6,train
data/indian_saree/train/Ikat/img_5849_3_1280x_jpg.rf.4ee1a2ed53f593c7240e4b6d81c23b0a.jpg,indian_patterns,train,Ikat,,aug_8a2a8bbe1262,,7586aee3f9093a172c8aff06e43488ae,train
data/indian_saree/train/Ikat/img_5849_3_1280x_jpg.rf.b11c49608a19087d04d7fb682f2ff0fb.jpg,indian_patterns,train,Ikat,,aug_8a2a8bbe1262,,35c25121722301d1ac0552a4e7414156,train
data/indian_saree/train/Ikat/MG_5075_a4aacb6c-5896-4ca2-a23a-e86ccce1206e_jpg.rf.0380fc3f19d2ed54f96e2447c08858d6.jpg,indian_patterns,train,Ikat,,aug_4962d959c3c1,,1c15260e273721222833ec711b51e1e3,train
data/indian_saree/train/Ikat/MG_5075_a4aacb6c-5896-4ca2-a23a-e86ccce1206e_jpg.rf.82d4a34fe3df27f860d19e19d2c04760.jpg,indian_patterns,train,Ikat,,aug_4962d959c3c1,,6c855b7f9b7308d7a05f76344978c531,train
data/indian_saree/train/Ikat/MG_5075_a4aacb6c-5896-4ca2-a23a-e86ccce1206e_jpg.rf.c5b9805cb211bca245b0532b86f333fc.jpg,indian_patterns,train,Ikat,,aug_4962d959c3c1,,c9d8bdd7bd64aded4e6086acda1010f4,train
data/indian_saree/train/Ikat/pochampally-cotton-clothes-meterial_jpg.rf.013d1a7abcc3349cbcc24067bc5ddfb2.jpg,indian_patterns,train,Ikat,,aug_9df0cbffc5ce,,a7390be66939ffc30f8a247fa586a809,train
data/indian_saree/train/Ikat/pochampally-cotton-clothes-meterial_jpg.rf.57f35d33d6f20fefb261ce85eeff596b.jpg,indian_patterns,train,Ikat,,aug_9df0cbffc5ce,,ebff9e9e44d7d045e8496111453ab5b6,train
data/indian_saree/train/Ikat/pochampally-cotton-clothes-meterial_jpg.rf.72dc611410d47332db936db5c78dc41d.jpg,indian_patterns,train,Ikat,,aug_9df0cbffc5ce,,11629a7690e2bedb85e171fa31913421,train
data/indian_saree/train/Ikat/pochampally-ikat-cotton-fabric-500x500_jpg.rf.27b2644f57ff0b41f0b2c3355ef41d95.jpg,indian_patterns,train,Ikat,,aug_45de8e60e644,,7febc48ab2a611151918af7664f50cf3,train
data/indian_saree/train/Ikat/pochampally-ikat-cotton-fabric-500x500_jpg.rf.47012ce0a1edd70766be2fdbea0d87fc.jpg,indian_patterns,train,Ikat,,aug_45de8e60e644,,a4dc4c53871439e83121d797238c7c7b,train
data/indian_saree/train/Ikat/pochampally-ikat-cotton-fabric-500x500_jpg.rf.e1db91f433a077438bef4b05751e9bc8.jpg,indian_patterns,train,Ikat,,aug_45de8e60e644,,530bc1bd05614a552069a5db11b7bcab,train
data/indian_saree/train/Ikat/pochampally-ikat-silk-fabric_jpg.rf.2401e7a77bfa8d37f79f208ac5e942d0.jpg,indian_patterns,train,Ikat,,aug_a23aa324d073,,acafdf790b0d93d93ab171cda81fa13e,train
data/indian_saree/train/Ikat/pochampally-ikat-silk-fabric_jpg.rf.8add82120de3fe4017df233673bd68d0.jpg,indian_patterns,train,Ikat,,aug_a23aa324d073,,35e3dd397d3dff8a64fbfb3a328c95a3,train
data/indian_saree/train/Ikat/pochampally-ikat-silk-fabric_jpg.rf.b3fa3bfd4adb5c25dc46c74a997e9079.jpg,indian_patterns,train,Ikat,,aug_a23aa324d073,,c1e15739342260986b2b4b973629015f,train
data/indian_saree/train/Ikat/pochampally-ikkat-sico-red-color-fabric-pochampallysarees-com_jpg.rf.01445aab1f532d46732bbe2171629c56.jpg,indian_patterns,train,Ikat,red,aug_e917960333e0,,7be6d037c7f12aa79bf85d488ba46d5e,train
data/indian_saree/train/Ikat/pochampally-ikkat-sico-red-color-fabric-pochampallysarees-com_jpg.rf.a6b6860f3c567579c346d161562a5fc3.jpg,indian_patterns,train,Ikat,red,aug_e917960333e0,,a3bd3758dac3eae872aaef78014fe5eb,train
data/indian_saree/train/Ikat/pochampally-ikkat-sico-red-color-fabric-pochampallysarees-com_jpg.rf.abbcf59378a1b40f09474ab1c77103c9.jpg,indian_patterns,train,Ikat,red,aug_e917960333e0,,36ddbbe5d6f17bc8556e7281f622b93b,train
data/indian_saree/train/Ikat/pochampally-pure-silk-cotton-blouse-piece-rkg-shopping-496696_jpg.rf.079496c1172d2b8eca623f91aec35998.jpg,indian_patterns,train,Ikat,,aug_e50c25c134a1,,4853d9fdf8afd20d7f64eea3c06688c3,train
data/indian_saree/train/Ikat/pochampally-pure-silk-cotton-blouse-piece-rkg-shopping-496696_jpg.rf.1c244aaa4db13a0bb28449f9d7972526.jpg,indian_patterns,train,Ikat,,aug_e50c25c134a1,,83db5d8ba06681785e81ecafa3f813ad,train
data/indian_saree/train/Ikat/pochampally-pure-silk-cotton-blouse-piece-rkg-shopping-496696_jpg.rf.c82217e491d2c573aa179554fa881735.jpg,indian_patterns,train,Ikat,,aug_e50c25c134a1,,40114c4d7c78b2947751efbf1107446e,train
data/indian_saree/train/Ikat/R_jpg.rf.66eb70df7358834286228fe323568598.jpg,indian_patterns,train,Ikat,,aug_ed972d2d2ae0,,13b7c0b3dd3b3be839165b49f27253fe,train
data/indian_saree/train/Ikat/R_jpg.rf.ae6a423a56877a58c2f639da377ceb5e.jpg,indian_patterns,train,Ikat,,aug_ed972d2d2ae0,,1edc6c79d2d22505a501af8c7e292343,train
data/indian_saree/train/Ikat/R_jpg.rf.ce7935913f54d07f3fe073fa0f22ff73.jpg,indian_patterns,train,Ikat,,aug_ed972d2d2ae0,,3929a6c1084dd7347ede524cea7b407f,train
data/indian_saree/train/Ikat/X2A2804_18df90d0-fd39-4142-b987-9cab48825db6_jpg.rf.93c5245b21e99f03c3db12c4a41c9bef.jpg,indian_patterns,train,Ikat,,aug_86b9f7f3860a,,4965ebd3c283793b444b3f8adc3db882,train
data/indian_saree/train/Ikat/X2A2804_18df90d0-fd39-4142-b987-9cab48825db6_jpg.rf.b96bc5f5ada7bea18de5724ee9319270.jpg,indian_patterns,train,Ikat,,aug_86b9f7f3860a,,80717959c0138980fb5a5a72f30e2963,train
data/indian_saree/train/Ikat/X2A2804_18df90d0-fd39-4142-b987-9cab48825db6_jpg.rf.e5f7b259e13cd2eefc00c25beac89d8d.jpg,indian_patterns,train,Ikat,,aug_86b9f7f3860a,,6089b45c6b9eb80d8c0a8eeed2b649a8,train
data/indian_saree/train/Pichwai/0fd2df9315d8aba5cf9471c838a639aa_jpg.rf.90e07f4ff6e2f2970784a2a997dabdc6.jpg,indian_patterns,train,Pichwai,,aug_7af9751bf0d1,,5ea3b14fa6874b4db18a3cd9b86178ec,train
data/indian_saree/train/Pichwai/0fd2df9315d8aba5cf9471c838a639aa_jpg.rf.e6ff0ed6e82000e63e9c895855b5a894.jpg,indian_patterns,train,Pichwai,,aug_7af9751bf0d1,,f1e82cf5b0e01a2de940bc23a07617ce,train
data/indian_saree/train/Pichwai/0fd2df9315d8aba5cf9471c838a639aa_jpg.rf.f9f3d1c7473d490afb7a3e57cdda48b1.jpg,indian_patterns,train,Pichwai,,aug_7af9751bf0d1,,e151acf58902af1704235e1583c230b7,train
data/indian_saree/train/Pichwai/114_webp.rf.4ab4a62857ae06a630a2dcb9fa2a8cd5.jpg,indian_patterns,train,Pichwai,,aug_d8d9026c518c,,af6df0b7531671a446783641990601d5,train
data/indian_saree/train/Pichwai/114_webp.rf.5a698eb07506fca918e5e5a6fcbbb3e2.jpg,indian_patterns,train,Pichwai,,aug_d8d9026c518c,,0def814f69e10f266740cb0f2c8c253c,train
data/indian_saree/train/Pichwai/114_webp.rf.eb56796e1153eb859018bf9d559f2d07.jpg,indian_patterns,train,Pichwai,,aug_d8d9026c518c,,a5b824546bfd4fefa6af53c14d047c36,train
data/indian_saree/train/Pichwai/20230304_152947_clipped_rev_1_1024x_jpg.rf.3225331836fc17e6ec5480a02525ec92.jpg,indian_patterns,train,Pichwai,,aug_0358805acfbf,,f12e65898def1e44889fd26c7af22b81,train
data/indian_saree/train/Pichwai/20230304_152947_clipped_rev_1_1024x_jpg.rf.3a42b5e7e0c90cbda2b7cb5f8a7d10e5.jpg,indian_patterns,train,Pichwai,,aug_0358805acfbf,,05a1ec3a97b981aac8c0bb0cd0391eaa,train
data/indian_saree/train/Pichwai/20230304_152947_clipped_rev_1_1024x_jpg.rf.5ef60fa2500ad089207a238b4f00bd3b.jpg,indian_patterns,train,Pichwai,,aug_0358805acfbf,,56c9f3a919d69ea7680386b6b4e3d68f,train
data/indian_saree/train/Pichwai/20240507_114001_5bf43237-dd0b-475c-aac1-00592d812869_jpg.rf.46d677839a9cc0561c7017165ff04f25.jpg,indian_patterns,train,Pichwai,,aug_46bd635225b0,,f5c897a1174ed20185cf73875676e82d,train
data/indian_saree/train/Pichwai/20240507_114001_5bf43237-dd0b-475c-aac1-00592d812869_jpg.rf.80b76246c21e84dce3ea6501a2c8fd9c.jpg,indian_patterns,train,Pichwai,,aug_46bd635225b0,,a260044033391dd4f666bf51edc437c1,train
data/indian_saree/train/Pichwai/20240507_114001_5bf43237-dd0b-475c-aac1-00592d812869_jpg.rf.d244246e2aab62127e61e0bb15b7f89f.jpg,indian_patterns,train,Pichwai,,aug_46bd635225b0,,01fe21b40395eccc7b7c76cebeae889b,train
data/indian_saree/train/Pichwai/206beb9f71a2627f3001189b105e68ec_jpg.rf.60e7435db8cd7da69594df9b465c6797.jpg,indian_patterns,train,Pichwai,,aug_9f6d020ad97f,,1bd3e234e95538100f10f3db9b7cb225,train
data/indian_saree/train/Pichwai/206beb9f71a2627f3001189b105e68ec_jpg.rf.9c20f8366e902ee02c2604a2b086da3b.jpg,indian_patterns,train,Pichwai,,aug_9f6d020ad97f,,437a5ea37d2c534c7461b5b9726543c3,train
data/indian_saree/train/Pichwai/206beb9f71a2627f3001189b105e68ec_jpg.rf.d80edf8763020e294e2f6b6bcb504ecb.jpg,indian_patterns,train,Pichwai,,aug_9f6d020ad97f,,d644ec55ea85caece8b2d48a3ddc791d,train
data/indian_saree/train/Pichwai/27042022040344_png.rf.02f71485299bc68dde3ce4d90c2df28e.jpg,indian_patterns,train,Pichwai,,aug_c2ceb423efc9,,45201c1164a7a046cccd0c6f76be3c4a,train
data/indian_saree/train/Pichwai/27042022040344_png.rf.54acbcb696a22889d57a6be6660380b0.jpg,indian_patterns,train,Pichwai,,aug_c2ceb423efc9,,4ec3cde38b201041eb6bd995a4c3a5b4,train
data/indian_saree/train/Pichwai/27042022040344_png.rf.633ad0f4850ce529b5d1984a9370a2bb.jpg,indian_patterns,train,Pichwai,,aug_c2ceb423efc9,,14e13ca2727c16e9f6c4fb1e41084eb3,train
data/indian_saree/train/Pichwai/393068_20CR_jpg.rf.4d528d8c7726eb5d87ea6fd58b7fc0c6.jpg,indian_patterns,train,Pichwai,,aug_a45d3ffbf721,,789e15f229e04aaa5be3280a94bfde09,train
data/indian_saree/train/Pichwai/393068_20CR_jpg.rf.4d84139ff0c7f7fac6ff3b7265484216.jpg,indian_patterns,train,Pichwai,,aug_a45d3ffbf721,,c4af9a2ffd09338768f783a826b8b09f,train
data/indian_saree/train/Pichwai/393068_20CR_jpg.rf.85d9aa5d07a6106ae8ce1e7f8149cd41.jpg,indian_patterns,train,Pichwai,,aug_a45d3ffbf721,,694d639b0471c51b59af60cd3abf991b,train
data/indian_saree/train/Pichwai/3a05b92d19222f1248f06d3901bf7d51_jpg.rf.82bfeaa98433896f3418108eb8d1a520.jpg,indian_patterns,train,Pichwai,,aug_25d7cb808c08,,c0eae100e17f4cb856c7fa7d90aa2219,train
data/indian_saree/train/Pichwai/3a05b92d19222f1248f06d3901bf7d51_jpg.rf.a285e2c2f35f2a619917169f45158e50.jpg,indian_patterns,train,Pichwai,,aug_25d7cb808c08,,ddf9b223e84670a8ede7c97a2c57298e,train
data/indian_saree/train/Pichwai/3a05b92d19222f1248f06d3901bf7d51_jpg.rf.e42d50e4a24c6efe08ebb482b12fc4b6.jpg,indian_patterns,train,Pichwai,,aug_25d7cb808c08,,4d47d6ad71e0822d1c392ab7b66045bb,train
data/indian_saree/train/Pichwai/42641-a_016bdd3c-affe-4148-9f72-7cd44b16bfac_jpg.rf.3a7aef943b98fd59e7c4566a2c1a0687.jpg,indian_patterns,train,Pichwai,,aug_2160ae676696,,2af5abceeec477b2526748e8890b6a24,train
data/indian_saree/train/Pichwai/42641-a_016bdd3c-affe-4148-9f72-7cd44b16bfac_jpg.rf.6ee59dad89bcd7906db35ecb46a3319b.jpg,indian_patterns,train,Pichwai,,aug_2160ae676696,,4620d9cede575ce176f0d49064a882f6,train
data/indian_saree/train/Pichwai/42641-a_016bdd3c-affe-4148-9f72-7cd44b16bfac_jpg.rf.738148683e11d47e96a3f9928c85c4a4.jpg,indian_patterns,train,Pichwai,,aug_2160ae676696,,3298379a4b97ee825c47f5c66733432b,train
data/indian_saree/train/Pichwai/471603_1_946fad28-7a90-4e13-af35-9ebf1ac8475a_jpg.rf.4b5eed937a4b527902a0dbf1ae0d1d5e.jpg,indian_patterns,train,Pichwai,,aug_73d223a4b224,,dea2d42cc44888c5638390cc8e09a45d,train
data/indian_saree/train/Pichwai/471603_1_946fad28-7a90-4e13-af35-9ebf1ac8475a_jpg.rf.5e695c63a06660a619e1b68cff2f2101.jpg,indian_patterns,train,Pichwai,,aug_73d223a4b224,,ffdbb61e97c1ccbe417563ba2e617e32,train
data/indian_saree/train/Pichwai/471603_1_946fad28-7a90-4e13-af35-9ebf1ac8475a_jpg.rf.77cd79d2a673d680c07c8de47d6b61c2.jpg,indian_patterns,train,Pichwai,,aug_73d223a4b224,,143365f55d9c28bc08c67bc6daa9f1b5,train
data/indian_saree/train/Pichwai/48062-DSC_9739-JPG_jpg.rf.0b2b4e16132f593a9da5301c69c6adea.jpg,indian_patterns,train,Pichwai,,aug_a75a9fc2fbe3,,55eebf9606e8c73d566f3a1bb87e2816,train
data/indian_saree/train/Pichwai/48062-DSC_9739-JPG_jpg.rf.d2ee51649d92caccfcfbed62b9de8dde.jpg,indian_patterns,train,Pichwai,,aug_a75a9fc2fbe3,,1c500291810deb53f4915d792952c25f,train
data/indian_saree/train/Pichwai/48062-DSC_9739-JPG_jpg.rf.eb0d888424cddc14cd913201117919e1.jpg,indian_patterns,train,Pichwai,,aug_a75a9fc2fbe3,,2f2c993718f83fed876705f16df9b251,train
data/indian_saree/train/Pichwai/71VxsnD2t8L-_AC_UF8941000_QL80__jpg.rf.405dcf82b83a1d40e7bab3aa7b53d02b.jpg,indian_patterns,train,Pichwai,,aug_27936721103e,,96171051094250166ca98e222cc02543,train
data/indian_saree/train/Pichwai/71VxsnD2t8L-_AC_UF8941000_QL80__jpg.rf.7288aa77226d97e0156e8611fafacf1d.jpg,indian_patterns,train,Pichwai,,aug_27936721103e,,300b1ff07d4c08a071b4674009053958,train
data/indian_saree/train/Pichwai/71VxsnD2t8L-_AC_UF8941000_QL80__jpg.rf.8197a282809fb792f96f749be8d8e107.jpg,indian_patterns,train,Pichwai,,aug_27936721103e,,84c6ea7151c6df888a63642257a21361,train
data/indian_saree/train/Pichwai/833_6772_1563199443_jpg.rf.6f0c603e69dffd7599f6ed61c5c6caee.jpg,indian_patterns,train,Pichwai,,aug_210da3120bd8,,6ee7d50c2da882f050abd3207d36c2de,train
data/indian_saree/train/Pichwai/833_6772_1563199443_jpg.rf.bb865e7875b4dc959c28256093ecac5e.jpg,indian_patterns,train,Pichwai,,aug_210da3120bd8,,c2fa279188adb9a794694371696ce781,train
data/indian_saree/train/Pichwai/833_6772_1563199443_jpg.rf.ee346141d395a0d65d85286803a1b304.jpg,indian_patterns,train,Pichwai,,aug_210da3120bd8,,1cfc4d58daabbb7bfb9289e30f9ca20c,train
data/indian_saree/train/Pichwai/8B26166D-3439-416C-BC5D-1B3CBB6395E1_jpg.rf.388d283c53d991ed9473cd7caca3c7fb.jpg,indian_patterns,train,Pichwai,,aug_277fe1239d72,,88298d9baf724e8f71543ffdab451834,train
data/indian_saree/train/Pichwai/8B26166D-3439-416C-BC5D-1B3CBB6395E1_jpg.rf.3f3b9b9e26a071665dcfc39f7cd82ecf.jpg,indian_patterns,train,Pichwai,,aug_277fe1239d72,,dccecfd80a77531c891c63b817745135,train
data/indian_saree/train/Pichwai/8B26166D-3439-416C-BC5D-1B3CBB6395E1_jpg.rf.bafbc8b660ae555dc51515f10ca4cca4.jpg,indian_patterns,train,Pichwai,,aug_277fe1239d72,,1de8ec40b49d9a25ecae32d826f17a9c,train
data/indian_saree/train/Pichwai/94235-3-202_jpg.rf.0cdc0298a05ebf613b8fbe07261a66a9.jpg,indian_patterns,train,Pichwai,,aug_bb371086032c,,b745b2b1f38dbe83d128cb490df25391,train
data/indian_saree/train/Pichwai/94235-3-202_jpg.rf.55ce9944db5344d4a7f4f61db734587b.jpg,indian_patterns,train,Pichwai,,aug_bb371086032c,,2472c3e6aadc93aa50ef9f7438618bf8,train
data/indian_saree/train/Pichwai/94235-3-202_jpg.rf.e5823dde43e67b91665eb7614913c7d0.jpg,indian_patterns,train,Pichwai,,aug_bb371086032c,,4786fbbb8e455d958ce8fef878fb928a,train
data/indian_saree/train/Pichwai/9557ER3_4_jpg.rf.34d0adf5409f26768007931247cc85c2.jpg,indian_patterns,train,Pichwai,,aug_06dbf6a2d474,,7a87b665730e4878de9760916b0c1787,train
data/indian_saree/train/Pichwai/9557ER3_4_jpg.rf.5176795006d6c8d85124e71016615abb.jpg,indian_patterns,train,Pichwai,,aug_06dbf6a2d474,,f40056122356b2f28bbffb09fb011805,train
data/indian_saree/train/Pichwai/9557ER3_4_jpg.rf.af48d87d0b4e34a35b265b9f7375e7a4.jpg,indian_patterns,train,Pichwai,,aug_06dbf6a2d474,,c40c38dace143cbb7ac39b43e3b24a2d,train
data/indian_saree/train/Pichwai/al_Printed_Pichwai_Tussar_Silk_Fabric_5_3eba6f6a-7517-4de2-a290-f23d2659a35d_jpg.rf.10bfacf5b85e68e4d0ad7f01b457772a.jpg,indian_patterns,train,Pichwai,,aug_e7e82dd1e88c,,c1510754b93e6cd7defe424796c203c9,train
data/indian_saree/train/Pichwai/al_Printed_Pichwai_Tussar_Silk_Fabric_5_3eba6f6a-7517-4de2-a290-f23d2659a35d_jpg.rf.c68ba61062a193f7f8debbe58be10eab.jpg,indian_patterns,train,Pichwai,,aug_e7e82dd1e88c,,56547ea5303b0cc2a7731859352944fe,train
data/indian_saree/train/Pichwai/al_Printed_Pichwai_Tussar_Silk_Fabric_5_3eba6f6a-7517-4de2-a290-f23d2659a35d_jpg.rf.ebd2af04d73ad324c5ab3d2942ae96e7.jpg,indian_patterns,train,Pichwai,,aug_e7e82dd1e88c,,8ad63ee5dbd2ef88b245e2f971d5c980,train
data/indian_saree/train/Pichwai/DSC07221_Medium_87b37a73-5171-47f6-af65-9602d6206692_jpg.rf.3560847fff69247fc6412bba3fac73c6.jpg,indian_patterns,train,Pichwai,,aug_3093aed2fda2,,b0f737273f7ffa48e0c6a809306724f3,train
data/indian_saree/train/Pichwai/DSC07221_Medium_87b37a73-5171-47f6-af65-9602d6206692_jpg.rf.6e6f5e8dfef161b9d07cee584c7fb5c7.jpg,indian_patterns,train,Pichwai,,aug_3093aed2fda2,,c926b4754ec5accb91be8cede9ab9937,train
data/indian_saree/train/Pichwai/DSC07221_Medium_87b37a73-5171-47f6-af65-9602d6206692_jpg.rf.960e306b87e282bb7ab48a6b522f4a0f.jpg,indian_patterns,train,Pichwai,,aug_3093aed2fda2,,bdd094607b47d3043f5caa95df195917,train
data/indian_saree/train/Pichwai/E091D122GA0501004000_A-600x667-JPG_jpg.rf.35fdeb8155799b2b46daa35ced3a838e.jpg,indian_patterns,train,Pichwai,,aug_9bdac63575ab,,9bc73f9c06e0a1b9ffc6b83c0edfcc79,train
data/indian_saree/train/Pichwai/E091D122GA0501004000_A-600x667-JPG_jpg.rf.42223a5856154f753de2b2d2bf5b01c9.jpg,indian_patterns,train,Pichwai,,aug_9bdac63575ab,,e631415175b24ec425d5906289229e7c,train
data/indian_saree/train/Pichwai/E091D122GA0501004000_A-600x667-JPG_jpg.rf.5f104774b54e8342bfe790f63259e079.jpg,indian_patterns,train,Pichwai,,aug_9bdac63575ab,,7faad3111f787f903e6b822406c41cba,train
data/indian_saree/train/Pichwai/fab-14050_800x_jpg.rf.804e68a7cceccad74c6f0d61f82eb516.jpg,indian_patterns,train,Pichwai,,aug_67b37d1a72b1,dup_0003,f62b9bf71b003f73b7a04e93e4ad8f5b,train
data/indian_saree/train/Pichwai/fab-14050_800x_jpg.rf.b7a1c91973f41ebc94a1d2f8d6a6798e.jpg,indian_patterns,train,Pichwai,,aug_67b37d1a72b1,dup_0003,f62b9bf71b003f73b7a04e93e4ad8f5b,train
data/indian_saree/train/Pichwai/fab-14050_800x_jpg.rf.f4b2872dabcc9839f99277757440d51d.jpg,indian_patterns,train,Pichwai,,aug_67b37d1a72b1,,91b759aab0b9b0f0fd33d9fb8b4fe25a,train
data/indian_saree/train/Pichwai/https3A2F2Fmedia-insider-in2Fimage2Fupload2Fc_crop2Cg_custom2Fv17105663332Flilp5egkdi1n7feyzajg_jpg.rf.4b258466a611b92b3095e36a3f5032b2.jpg,indian_patterns,train,Pichwai,,aug_19ba3c1b528c,,3e31f8c33b00ddd3bfd700c82a9a559a,train
data/indian_saree/train/Pichwai/https3A2F2Fmedia-insider-in2Fimage2Fupload2Fc_crop2Cg_custom2Fv17105663332Flilp5egkdi1n7feyzajg_jpg.rf.6337de02714c3729188802b712f6d705.jpg,indian_patterns,train,Pichwai,,aug_19ba3c1b528c,,da3f577b233fdd6b79d4d791ec1cccd1,train
data/indian_saree/train/Pichwai/https3A2F2Fmedia-insider-in2Fimage2Fupload2Fc_crop2Cg_custom2Fv17105663332Flilp5egkdi1n7feyzajg_jpg.rf.87b8e898954852cf70faa3d9e623f37c.jpg,indian_patterns,train,Pichwai,,aug_19ba3c1b528c,,32a654a3e16c8bbe08e0d47e798673dc,train
data/indian_saree/train/Pichwai/image10_jpeg.rf.754ea6386f161496380068c62c256672.jpg,indian_patterns,train,Pichwai,,aug_86a6a1e4ae71,,15586b1c1ca6bfcbdaf660efdb6ea2cd,train
data/indian_saree/train/Pichwai/image10_jpeg.rf.c6548a387e3732fbb4220cdf97cef69c.jpg,indian_patterns,train,Pichwai,,aug_86a6a1e4ae71,,9d053e91afb90f30d78550f63bfdaf07,train
data/indian_saree/train/Pichwai/image10_jpeg.rf.f8ce12f7db64b8a03aad9eb671d93953.jpg,indian_patterns,train,Pichwai,,aug_86a6a1e4ae71,,a283145b3adf0302c8457018f1c092ed,train
data/indian_saree/train/Pichwai/image11_jpeg.rf.022d8a9c1dbe442e195ae977f7fb8410.jpg,indian_patterns,train,Pichwai,,aug_6fd805f58229,,3bb5a8b98b36d0fc37efd2adc5dcba3a,train
data/indian_saree/train/Pichwai/image11_jpeg.rf.3cb65c53f1572ff311bb3d29b1df017f.jpg,indian_patterns,train,Pichwai,,aug_6fd805f58229,,2ffbf5e436f541a2187b6717074db14d,train
data/indian_saree/train/Pichwai/image11_jpeg.rf.44a139fd2e1ceb57e8610d42d6d787e6.jpg,indian_patterns,train,Pichwai,,aug_6fd805f58229,,900c40a1553d5a865e3638ec6186d616,train
data/indian_saree/train/Pichwai/image13_jpeg.rf.5cf43d1f78d31db89464896a70e3e81b.jpg,indian_patterns,train,Pichwai,,aug_16a58619e659,,bbbfcff52984b306e2851ccbf09b1590,train
data/indian_saree/train/Pichwai/image13_jpeg.rf.a50c70145975063a54188f2fe4b27c75.jpg,indian_patterns,train,Pichwai,,aug_16a58619e659,,4438fb99c88996c30799d6a65313c7ee,train
data/indian_saree/train/Pichwai/image13_jpeg.rf.c7c346ee6f26655ca0763fffbf6d4397.jpg,indian_patterns,train,Pichwai,,aug_16a58619e659,,8d955c9282937878a231184ad673626b,train
data/indian_saree/train/Pichwai/image15_jpeg.rf.3ee5ec4dfa6ea8d9b8511501f53f1160.jpg,indian_patterns,train,Pichwai,,aug_20e45f20daa2,,7d4b359f74934f9c9039df28c4adad73,train
data/indian_saree/train/Pichwai/image15_jpeg.rf.affcaef630f28a9cce4818831ffc9b32.jpg,indian_patterns,train,Pichwai,,aug_20e45f20daa2,,e04324d31bae093cf5cfc63de700b4dc,train
data/indian_saree/train/Pichwai/image15_jpeg.rf.d6bf158038f7b6f70c093600330b4569.jpg,indian_patterns,train,Pichwai,,aug_20e45f20daa2,,68291568ea977532e76da736aaaa43f0,train
data/indian_saree/train/Pichwai/image25_jpeg.rf.0bac7fc187eb9945d2ea73272189e364.jpg,indian_patterns,train,Pichwai,,aug_1b263e5517d7,,2c429141cee3f2e90cfefe6a4885e068,train
data/indian_saree/train/Pichwai/image25_jpeg.rf.4a5d601d89f9cab535034cd244af7307.jpg,indian_patterns,train,Pichwai,,aug_1b263e5517d7,,e353a606bc799347b53ae7202695900c,train
data/indian_saree/train/Pichwai/image25_jpeg.rf.652a9c2c0012d3ad2c8db33b4c09fc0f.jpg,indian_patterns,train,Pichwai,,aug_1b263e5517d7,,250cf123975bb6d6b1d3b5ddda8f3d55,train
data/indian_saree/train/Pichwai/image27_jpeg.rf.2c939df935dc7c14a019d29689113da4.jpg,indian_patterns,train,Pichwai,,aug_0043fc211889,,883f089bad6045c3887c0b1fcbc15ce4,train
data/indian_saree/train/Pichwai/image27_jpeg.rf.3fc26eb7b03e6957696cb591a3500fd8.jpg,indian_patterns,train,Pichwai,,aug_0043fc211889,,e3b21c222fa7c3cae970b33972846837,train
data/indian_saree/train/Pichwai/image27_jpeg.rf.d658a80c872a2100c7efedf0f92972dc.jpg,indian_patterns,train,Pichwai,,aug_0043fc211889,,23562155e5182a6e4adc394b589150be,train
data/indian_saree/train/Pichwai/image29_jpeg.rf.09aea972b709752a97308ccef9d6dd81.jpg,indian_patterns,train,Pichwai,,aug_b3bada2c7029,,49486e72fed9d524f3e7a211c3eec0f1,train
data/indian_saree/train/Pichwai/image29_jpeg.rf.3139bafce7aec3a6bc5954ad4eb68082.jpg,indian_patterns,train,Pichwai,,aug_b3bada2c7029,,962b53b9c2daf624e7eb340547fa20b7,train
data/indian_saree/train/Pichwai/image29_jpeg.rf.3d62ba8531660557542e9f12c7a6f852.jpg,indian_patterns,train,Pichwai,,aug_b3bada2c7029,,c7e109ec2a357eb8e96e1d9f658e4690,train
data/indian_saree/train/Pichwai/image3_jpeg.rf.1b94cc426c6dbefceb6e2fd283ae67b9.jpg,indian_patterns,train,Pichwai,,aug_9aa20af98421,,5aba3d84d8c96745a354caa5bad26333,train
data/indian_saree/train/Pichwai/image3_jpeg.rf.c3d9f223a56316f92252bd1787ec371d.jpg,indian_patterns,train,Pichwai,,aug_9aa20af98421,,da28c74eccb46d9912dc11d9d87d5f4a,train
data/indian_saree/train/Pichwai/image3_jpeg.rf.e1216efff52aa7d17fd7f33fe7a6d852.jpg,indian_patterns,train,Pichwai,,aug_9aa20af98421,,4304c1dfe0f2df1ccf9c066fdec6449d,train
data/indian_saree/train/Pichwai/image5_jpeg.rf.78575d6d0e1a2fc26640ecae44938bf3.jpg,indian_patterns,train,Pichwai,,aug_46ec23011a49,,af3552f26b5dcee3e2e8c236c4f5815c,train
data/indian_saree/train/Pichwai/image5_jpeg.rf.79d2fbfd8f80c0720ef08208ea2674d9.jpg,indian_patterns,train,Pichwai,,aug_46ec23011a49,,a88c7b05240473979a26524324f05006,train
data/indian_saree/train/Pichwai/image5_jpeg.rf.bab31145e05eb5e0085c307fe7800bd6.jpg,indian_patterns,train,Pichwai,,aug_46ec23011a49,,10badf1229d95e4602061a73faab211d,train
data/indian_saree/train/Pichwai/image8_jpeg.rf.391d4f862c3db08e1bd812751863d85d.jpg,indian_patterns,train,Pichwai,,aug_b4fb3f82f28c,,c2634d20346e1665d2a9217ff58e1311,train
data/indian_saree/train/Pichwai/image8_jpeg.rf.6d961196010146a2211142bbd5f4b8ca.jpg,indian_patterns,train,Pichwai,,aug_b4fb3f82f28c,,2041a6b9eb8d221e8356d8e415a53529,train
data/indian_saree/train/Pichwai/image8_jpeg.rf.79711cf6d22b29624d1790f5db612d7e.jpg,indian_patterns,train,Pichwai,,aug_b4fb3f82f28c,,a53d04ebe92508d470427a5398fe7e09,train
data/indian_saree/train/Pichwai/images10_jpg.rf.496a856ce1d78f72692bbf9a93cfb184.jpg,indian_patterns,train,Pichwai,,aug_1dc6d85661c8,,3ec88a7b332aee25fe495795f8108bc9,train
data/indian_saree/train/Pichwai/images10_jpg.rf.819a04c59f6693af01e0075c780b97fa.jpg,indian_patterns,train,Pichwai,,aug_1dc6d85661c8,,b1c3034afafb0f2642549dd3549e31c6,train
data/indian_saree/train/Pichwai/images10_jpg.rf.f6ea51319d1fc403faa1396d53ac8442.jpg,indian_patterns,train,Pichwai,,aug_1dc6d85661c8,,579e0e46997313257fcdafae09b2421f,train
data/indian_saree/train/Pichwai/images11_jpg.rf.11410ba648680150ddbeb2200016a7e9.jpg,indian_patterns,train,Pichwai,,aug_b9c149fbb562,,90d032cae35b3e67407371fe458285ed,train
data/indian_saree/train/Pichwai/images11_jpg.rf.4f5dd7972e1c2587be6e42b8e019b88c.jpg,indian_patterns,train,Pichwai,,aug_b9c149fbb562,,822faa4007fcf0f476491430778b347a,train
data/indian_saree/train/Pichwai/images11_jpg.rf.6d637fa94327f70915bb6ae883db4910.jpg,indian_patterns,train,Pichwai,,aug_b9c149fbb562,,9fdef9f2ba5be6aeaa05be1dcb403925,train
data/indian_saree/train/Pichwai/images12_jpg.rf.35bbd7477776b0f6c3fe8bc090ce7fd8.jpg,indian_patterns,train,Pichwai,,aug_1941f9771820,,3e940c9a4822dfec7da03bc9623cbf3d,train
data/indian_saree/train/Pichwai/images12_jpg.rf.b8f01a628524cce0c1b9bacfd11aa2b7.jpg,indian_patterns,train,Pichwai,,aug_1941f9771820,,f37813e8172ead5177418c6dfbc708b3,train
data/indian_saree/train/Pichwai/images12_jpg.rf.c1b9da29c1c8a87f28be7a425ce2a647.jpg,indian_patterns,train,Pichwai,,aug_1941f9771820,,95157c93f834749282abf9cfe26d7f34,train
data/indian_saree/train/Pichwai/images14_jpg.rf.70dc04299767541bdd18f0c59ee77e31.jpg,indian_patterns,train,Pichwai,,aug_9408f8cf1c42,,7129892ec8db9f23930b6af00fc91a84,train
data/indian_saree/train/Pichwai/images14_jpg.rf.bee4301ca3a70351aa6aba903e7f38d4.jpg,indian_patterns,train,Pichwai,,aug_9408f8cf1c42,,982a69b21d1d1237b89ae4cf228f2a09,train
data/indian_saree/train/Pichwai/images14_jpg.rf.d5fd34d6e6dde836004429fc18afedd3.jpg,indian_patterns,train,Pichwai,,aug_9408f8cf1c42,,248936094682703cd58213e469f4670a,train
data/indian_saree/train/Pichwai/images15_jpg.rf.4515413c83b4929f9aece351eba29095.jpg,indian_patterns,train,Pichwai,,aug_c046d26e887f,,4e1842db17b71986f58e35b8a379c60e,train
data/indian_saree/train/Pichwai/images15_jpg.rf.82bda57a1fd17647c89fa24bc42e2ed2.jpg,indian_patterns,train,Pichwai,,aug_c046d26e887f,,c9e167eba295476e365957d9484dd438,train
data/indian_saree/train/Pichwai/images15_jpg.rf.85fe4ce55591117f7272ad3974679031.jpg,indian_patterns,train,Pichwai,,aug_c046d26e887f,,15720c088d6d7a1277c214cbfaa68e40,train
data/indian_saree/train/Pichwai/images16_jpg.rf.062b61c2a885cc8690ad5ba542f3c2a3.jpg,indian_patterns,train,Pichwai,,aug_9a3ca508fefa,,114276b52b2951affa525004c8bd5862,train
data/indian_saree/train/Pichwai/images16_jpg.rf.e30d932a44c6c5794722f6d583af57e3.jpg,indian_patterns,train,Pichwai,,aug_9a3ca508fefa,,455f9f630414229b5447400afaf4f7d0,train
data/indian_saree/train/Pichwai/images16_jpg.rf.fbd1e55dd11fefae3bc34ab76a5fa745.jpg,indian_patterns,train,Pichwai,,aug_9a3ca508fefa,,141bc4e616cee0f07f500096f770addf,train
data/indian_saree/train/Pichwai/images17_jpg.rf.0615ecdf1b2342d90683699160439e18.jpg,indian_patterns,train,Pichwai,,aug_f6c5984aad56,,35fad62ebb607ec92f720b83216db6b4,train
data/indian_saree/train/Pichwai/images17_jpg.rf.a13ee7fc86bc77b5d42683e3dead109c.jpg,indian_patterns,train,Pichwai,,aug_f6c5984aad56,,08f1191c657fe91850a33a8c2f3d71ad,train
data/indian_saree/train/Pichwai/images17_jpg.rf.b10092c8af99d8029af8e397a45bdbbe.jpg,indian_patterns,train,Pichwai,,aug_f6c5984aad56,,14a78754f6e334d6e458dbed923a6bc2,train
data/indian_saree/train/Pichwai/images18_jpg.rf.1b21e8eb9fe955758d6225ca91a1c701.jpg,indian_patterns,train,Pichwai,,aug_cbf2ec586abb,,c8747ac39220ab4fd0a484bb258da442,train
data/indian_saree/train/Pichwai/images18_jpg.rf.69d58ab0d8954240b2473b6e0fd22977.jpg,indian_patterns,train,Pichwai,,aug_cbf2ec586abb,,7c64b2e86635e6df7b88c8b9186b7d4f,train
data/indian_saree/train/Pichwai/images18_jpg.rf.f661fc2312596024717740faa5592249.jpg,indian_patterns,train,Pichwai,,aug_cbf2ec586abb,,d3355fe7523da2c61adc942df6ec4f85,train
data/indian_saree/train/Pichwai/images20_jpg.rf.0bae941146b0fbf319dd41a23ae9e0c9.jpg,indian_patterns,train,Pichwai,,aug_ba46eb90f2eb,,19554b250f7f957e8dbf26b54c58f08e,train
data/indian_saree/train/Pichwai/images20_jpg.rf.82510529b957120e4f320d190581aa9e.jpg,indian_patterns,train,Pichwai,,aug_ba46eb90f2eb,,df8d4bf1493ba92ff9eb60904d4d8494,train
data/indian_saree/train/Pichwai/images20_jpg.rf.b40f7f57c68daf63a9da3340393b16b9.jpg,indian_patterns,train,Pichwai,,aug_ba46eb90f2eb,,ee1ecc1e18418c2b6814657e00e303f4,train
data/indian_saree/train/Pichwai/images21_jpg.rf.0f83d70ce4dd0643dc3d7713374adac1.jpg,indian_patterns,train,Pichwai,,aug_169e5ec7400c,,be19f9eac88749619c1c4bea039bddc0,train
data/indian_saree/train/Pichwai/images21_jpg.rf.965e184ff48402e14e645795620ca765.jpg,indian_patterns,train,Pichwai,,aug_169e5ec7400c,,32d260d27fe682c4062681f392ae4b7a,train
data/indian_saree/train/Pichwai/images21_jpg.rf.d4aa90afa117e7f7cf2833228925fdbc.jpg,indian_patterns,train,Pichwai,,aug_169e5ec7400c,,bbd421d2ff926c61231b89f9881fe11d,train
data/indian_saree/train/Pichwai/images22_jpg.rf.a17b033b787eedb2039bb27ef379aa33.jpg,indian_patterns,train,Pichwai,,aug_faaca34a2201,,07d947caf8220dba1990522660cefc63,train
data/indian_saree/train/Pichwai/images22_jpg.rf.b71f11417e41e4a0bd78e2b55a00e334.jpg,indian_patterns,train,Pichwai,,aug_faaca34a2201,,909aa24d0cdcd8dab0e0fef434b6dcee,train
data/indian_saree/train/Pichwai/images22_jpg.rf.e1d6ad0a3d092a32d8bbf4955fce549f.jpg,indian_patterns,train,Pichwai,,aug_faaca34a2201,,2e27fff99ed6c757de7ec3a70cc0eaa1,train
data/indian_saree/train/Pichwai/images24_jpg.rf.0e7fa5cc70c5109bc689be4422456d9a.jpg,indian_patterns,train,Pichwai,,aug_4c3504909249,,48c2bf1852344970efbe203fb9c292a0,train
data/indian_saree/train/Pichwai/images24_jpg.rf.46eaab8fc17754270aca3db638bcef85.jpg,indian_patterns,train,Pichwai,,aug_4c3504909249,,16a4ff8f6cc6743b28eb2b834fce72f5,train
data/indian_saree/train/Pichwai/images24_jpg.rf.644d82c362e9d7f10c8781cd65fd36a7.jpg,indian_patterns,train,Pichwai,,aug_4c3504909249,,402685d412977938e3c216cf4166c441,train
data/indian_saree/train/Pichwai/images2_jpg.rf.22f2f4eb552e102052e518ba478a1925.jpg,indian_patterns,train,Pichwai,,aug_ba9fdb6e1dda,,0b65d2c26b3b5ebc6143892e1380d6a3,train
data/indian_saree/train/Pichwai/images2_jpg.rf.a4fa9853ae63679d2f012eec63432a92.jpg,indian_patterns,train,Pichwai,,aug_ba9fdb6e1dda,,5c6cb83a7c49ebee012a9c1226610d5b,train
data/indian_saree/train/Pichwai/images2_jpg.rf.dd97e8793660e80f8491f1ee5a1ee952.jpg,indian_patterns,train,Pichwai,,aug_ba9fdb6e1dda,,896ef40bc287cc37d02f922ee32bdafa,train
data/indian_saree/train/Pichwai/images6_jpg.rf.636c80c7d9a281abcdd5083dfdddf708.jpg,indian_patterns,train,Pichwai,,aug_ee359b499499,,33ce5c8e2395c24ab9471083dc86b245,train
data/indian_saree/train/Pichwai/images6_jpg.rf.f5903efabbc5fbb19f93d780b239436e.jpg,indian_patterns,train,Pichwai,,aug_ee359b499499,,7676ff464dc63a55b99485f3b414c71f,train
data/indian_saree/train/Pichwai/images6_jpg.rf.f649ee22e07931dbccdc89ac906b5bcd.jpg,indian_patterns,train,Pichwai,,aug_ee359b499499,,ecce41b7ed3bfcd31c3e8a23ea1ebeec,train
data/indian_saree/train/Pichwai/images7_jpg.rf.41386dac0ae2aca0deeb7e4a5cb0125e.jpg,indian_patterns,train,Pichwai,,aug_6bfd6f06f224,,d730779d0fc5033f9f73e2aaae698fdd,train
data/indian_saree/train/Pichwai/images7_jpg.rf.5460d4e626300d6fad54bd82881422db.jpg,indian_patterns,train,Pichwai,,aug_6bfd6f06f224,,8c70dea763e4eccfc0abd57ca694ab15,train
data/indian_saree/train/Pichwai/images7_jpg.rf.acb46143a5cba3151c2d03d1c3458d5c.jpg,indian_patterns,train,Pichwai,,aug_6bfd6f06f224,,61e6034221b3d5a17a3467c24aff5bf0,train
data/indian_saree/train/Pichwai/images9_jpg.rf.75aa3ac5f545080df4517fae774a98a7.jpg,indian_patterns,train,Pichwai,,aug_84df50720c51,,98144bb9917f30deaa55838789324546,train
data/indian_saree/train/Pichwai/images9_jpg.rf.96142bb757c253d32ef4ede070c83c83.jpg,indian_patterns,train,Pichwai,,aug_84df50720c51,,01fb0d2f074e1b848d259493085b366b,train
data/indian_saree/train/Pichwai/images9_jpg.rf.a1dc64ac7ffffb404cec481fd15f9413.jpg,indian_patterns,train,Pichwai,,aug_84df50720c51,,29d21fdf14b2a5d7c44ee93a9c6cd88d,train
data/indian_saree/train/Pichwai/IMG-20210709-WA0017_grande_jpg.rf.b65b62a6b8caeb722bebbfb326d3b38f.jpg,indian_patterns,train,Pichwai,,aug_2c75273560ef,,d5490f272910bde03759b3032b346474,train
data/indian_saree/train/Pichwai/IMG-20210709-WA0017_grande_jpg.rf.c53f2112396748866d8c602bec72eb1d.jpg,indian_patterns,train,Pichwai,,aug_2c75273560ef,,e958ce10fa5dc053c2ffa7fde4f0dccc,train
data/indian_saree/train/Pichwai/IMG-20210709-WA0017_grande_jpg.rf.e8f2c6db14c4c8f64d52ed9351839a73.jpg,indian_patterns,train,Pichwai,,aug_2c75273560ef,,358b6fb5fd8fba89f646a9dfcd9d600b,train
data/indian_saree/train/Pichwai/Img1-1-555x832_jpg.rf.05a520f345441942e35952ad43c741f6.jpg,indian_patterns,train,Pichwai,,aug_2caf07dd0d04,,8a9c685b940b6169637789ec5bf7f15e,train
data/indian_saree/train/Pichwai/Img1-1-555x832_jpg.rf.3c4ef7cc488053ac30b4ebf5e39ee3e5.jpg,indian_patterns,train,Pichwai,,aug_2caf07dd0d04,,4c9b76f4d1fe9d27a36d6a65a504cebf,train
data/indian_saree/train/Pichwai/Img1-1-555x832_jpg.rf.5c15f66c21607f96236a4d9c45a749ef.jpg,indian_patterns,train,Pichwai,,aug_2caf07dd0d04,,b0a2279bcfe031cb664d81c9d9320cb6,train
data/indian_saree/train/Pichwai/Instagrampost-256_800x_png.rf.2aa78ab16194691d13f92d7e1c9e76fe.jpg,indian_patterns,train,Pichwai,,aug_2c81d144533f,,5614f596ae55ad08a98bd5636ac657fc,train
data/indian_saree/train/Pichwai/Instagrampost-256_800x_png.rf.2fd70e72b8f0846ee8b664d024eab506.jpg,indian_patterns,train,Pichwai,,aug_2c81d144533f,,b68de0c4fe7ec7e4333705cdfd4d6e2b,train
data/indian_saree/train/Pichwai/Instagrampost-256_800x_png.rf.a06eace244bc7276dc47f70906cb168a.jpg,indian_patterns,train,Pichwai,,aug_2c81d144533f,,fb39d34532239296b1c64d898ef0c7e9,train
data/indian_saree/train/Pichwai/Instagrampost-266_800x_png.rf.2f9c2ea29cfa197f467c61efc8bb14c7.jpg,indian_patterns,train,Pichwai,,aug_96fd8cde89dd,,cd65bb9eb80be72e8fe22c23d2a07321,train
data/indian_saree/train/Pichwai/Instagrampost-266_800x_png.rf.7a72877cd3b9e2a7707a7b7eae1adb07.jpg,indian_patterns,train,Pichwai,,aug_96fd8cde89dd,,709d0076239a455500c7b3af53484418,train
data/indian_saree/train/Pichwai/Instagrampost-266_800x_png.rf.7d7fc696034dcfdc5a5bc388a2cb7049.jpg,indian_patterns,train,Pichwai,,aug_96fd8cde89dd,,73d77876c606b2119e2a37acb04d0510,train
data/indian_saree/train/Pichwai/NAVY-BLUE-PLACEMENT-PICHWAI-PRINT_d4f02903-48a2-42ae-aa94-7ab26b550bf5_jpg.rf.abd6293e21406dec456dfe0b2416a312.jpg,indian_patterns,train,Pichwai,blue,aug_a8dbeb15f48c,,1a23647f31afddf58c1170a0b98f9d54,train
data/indian_saree/train/Pichwai/NAVY-BLUE-PLACEMENT-PICHWAI-PRINT_d4f02903-48a2-42ae-aa94-7ab26b550bf5_jpg.rf.db525ce09f398e642874d66cb524b791.jpg,indian_patterns,train,Pichwai,blue,aug_a8dbeb15f48c,,a8856f5d542814923f325da1eac8ff09,train
data/indian_saree/train/Pichwai/NAVY-BLUE-PLACEMENT-PICHWAI-PRINT_d4f02903-48a2-42ae-aa94-7ab26b550bf5_jpg.rf.eb639e9fe5759311e29a18a5f64aed29.jpg,indian_patterns,train,Pichwai,blue,aug_a8dbeb15f48c,,d8abdb654a598aff16e7128644421af4,train
data/indian_saree/train/Pichwai/pastel-hand-painted-pure-moonga-silk-pichwai-blouse-fabric-1-mtr-775928_jpg.rf.331e91b674d80ec395c662cca559c142.jpg,indian_patterns,train,Pichwai,,aug_078ac9fbf8ba,,8e6dfc75f6bc3a252d7c5bcab4b443e2,train
data/indian_saree/train/Pichwai/pastel-hand-painted-pure-moonga-silk-pichwai-blouse-fabric-1-mtr-775928_jpg.rf.3f897b4efc4aac8fc8aa5872826cd01c.jpg,indian_patterns,train,Pichwai,,aug_078ac9fbf8ba,,312be734bf562a92677cae164dbf1ef9,train
data/indian_saree/train/Pichwai/pastel-hand-painted-pure-moonga-silk-pichwai-blouse-fabric-1-mtr-775928_jpg.rf.b4c3a71a49a0c11f31f766a836573840.jpg,indian_patterns,train,Pichwai,,aug_078ac9fbf8ba,,76cda377b25ba14e15ecc5faabd19828,train
data/indian_saree/train/Pichwai/PD07A_jpg.rf.3c13e7582049f2172c22671f203403f2.jpg,indian_patterns,train,Pichwai,,aug_3086b356bca0,,a0d9a7c964968bb41eab8526806efe5f,train
data/indian_saree/train/Pichwai/PD07A_jpg.rf.6dd5719e209917b52807198f72273146.jpg,indian_patterns,train,Pichwai,,aug_3086b356bca0,,b8ece0ddea1be83ffc1c8ddf3e3c8165,train
data/indian_saree/train/Pichwai/PD07A_jpg.rf.f58ae1c265b7a76461c3051469008328.jpg,indian_patterns,train,Pichwai,,aug_3086b356bca0,,62d4c760e3bc8da93467d52aabec13c5,train
data/indian_saree/train/Pichwai/PICHWAI-100004-03_jpg.rf.60d86b6369d6c847387e3957fc0d2421.jpg,indian_patterns,train,Pichwai,,aug_1d2ee344108e,,72fc2bdaf9779f2434e06f665bdda15d,train
data/indian_saree/train/Pichwai/PICHWAI-100004-03_jpg.rf.69b72a577c43f1513ea9312bf94da084.jpg,indian_patterns,train,Pichwai,,aug_1d2ee344108e,,586365d832cbc71e818f903aef37d728,train
data/indian_saree/train/Pichwai/PICHWAI-100004-03_jpg.rf.c1613a81bd6019cd058a493df4dff1de.jpg,indian_patterns,train,Pichwai,,aug_1d2ee344108e,,e53aa652eb6c8458ddda4682d88d853d,train
data/indian_saree/train/Pichwai/PICHWAI-100006-03_jpg.rf.44c819e1428df6135fe761b2d132bce4.jpg,indian_patterns,train,Pichwai,,aug_1c52976cec42,,4a7e40f7987db93279d3e311fa44218c,train
data/indian_saree/train/Pichwai/PICHWAI-100006-03_jpg.rf.6e12a114d9d4bb35af7545bfc2c8b653.jpg,indian_patterns,train,Pichwai,,aug_1c52976cec42,,5398c451c44de735469fbce83df9070b,train
data/indian_saree/train/Pichwai/PICHWAI-100006-03_jpg.rf.f7e562aefe04b3d270c7e097d2fdddfd.jpg,indian_patterns,train,Pichwai,,aug_1c52976cec42,,ee590d914391c6a1636cd9493d2e4442,train
data/indian_saree/train/Pichwai/PICHWAI-100009-03_jpg.rf.1414dec2c83cad530a1cdca9a6026c7e.jpg,indian_patterns,train,Pichwai,,aug_66792276f6e7,,df5740a2deb7db16d68c2c410008ebbf,train
data/indian_saree/train/Pichwai/PICHWAI-100009-03_jpg.rf.4b6f4615d3698ee37d0c1512526cc01e.jpg,indian_patterns,train,Pichwai,,aug_66792276f6e7,,8d258fed173eee2880caf1dfc8a86141,train
data/indian_saree/train/Pichwai/PICHWAI-100009-03_jpg.rf.b310e5990f4a4c91506a3fc9b9fc6f7f.jpg,indian_patterns,train,Pichwai,,aug_66792276f6e7,,e0eb0de95fac4246f3f44e5287aeadc2,train
data/indian_saree/train/Pichwai/PICHWAI-100012-03_jpg.rf.056887dc74678ebfb71e20af90f2180d.jpg,indian_patterns,train,Pichwai,,aug_77f476cb9539,,716a98e15b0ffb01b4d1167b9324224a,train
data/indian_saree/train/Pichwai/PICHWAI-100012-03_jpg.rf.104eda736db85ad8807b3cfb6a7ac8bb.jpg,indian_patterns,train,Pichwai,,aug_77f476cb9539,,025c67ffd833a36f021fd798fd0163a2,train
data/indian_saree/train/Pichwai/PICHWAI-100012-03_jpg.rf.8c0c39526e7a38cf12f7e41162d74f5b.jpg,indian_patterns,train,Pichwai,,aug_77f476cb9539,,4f68e6111b6bababdbd80ecfd01ff67f,train
data/indian_saree/train/Pichwai/pichwai-painting-500x500_jpg.rf.4b41397f51263153c8fc3707d93f1a28.jpg,indian_patterns,train,Pichwai,,aug_65799895088e,,7f63c9668c24fa71ff32e3817e53d292,train
data/indian_saree/train/Pichwai/pichwai-painting-500x500_jpg.rf.8306297980deb36db082f1f929eb08b0.jpg,indian_patterns,train,Pichwai,,aug_65799895088e,,45edc20eaf7e8d42b210ae8474ce59e0,train
data/indian_saree/train/Pichwai/pichwai-painting-500x500_jpg.rf.9e19f9d82ff78f9ad23779ed8cb4893b.jpg,indian_patterns,train,Pichwai,,aug_65799895088e,,46809bdcfe92f13d370c0dc14d312475,train
data/indian_saree/train/Pichwai/pichwai-print-muslin-fabric-wholesale-500x500_jpg.rf.11ba18923f0ac7293e8763276a5eef47.jpg,indian_patterns,train,Pichwai,,aug_111aa970c64e,,1613d79824423b43bc93c06961db7a38,train
data/indian_saree/train/Pichwai/pichwai-print-muslin-fabric-wholesale-500x500_jpg.rf.127f9a1c42aa6a177c5256abbb101c46.jpg,indian_patterns,train,Pichwai,,aug_111aa970c64e,,929e7a1c8a585d282863eac7bd679fe6,train
data/indian_saree/train/Pichwai/pichwai-print-muslin-fabric-wholesale-500x500_jpg.rf.f35069bf8667c50403823744b1e8a56a.jpg,indian_patterns,train,Pichwai,,aug_111aa970c64e,,2dac561a2a17e96e820652317135d02f,train
data/indian_saree/train/Pichwai/Pichwai20Patterns20_jpg.rf.7b3e4d84389194fd876d3b4ab5edeab3.jpg,indian_patterns,train,Pichwai,,aug_2d01204247ed,,9fa84b6a5f4e99f31b5b8e780f5c2e52,train
data/indian_saree/train/Pichwai/Pichwai20Patterns20_jpg.rf.eb2ca3e62cb4812077b366357855980f.jpg,indian_patterns,train,Pichwai,,aug_2d01204247ed,,7706abfdf60d77c9d8b61a434636b8d9,train
data/indian_saree/train/Pichwai/Pichwai20Patterns20_jpg.rf.ef4d01f2b458822b4c08b24cfcc61c21.jpg,indian_patterns,train,Pichwai,,aug_2d01204247ed,,4876e4d8b03c56b3e43e917379787c48,train
data/indian_saree/train/Pichwai/PichwaiSaree_174d6518-4521-401b-b8a5-1b562e5852c3_jpg.rf.32d4b21b67a54f569d3a9f78e5c24caa.jpg,indian_patterns,train,Pichwai,,aug_a93c2ee9e1c9,,cf6b9a3d5000590b5822fc0271fb4acb,train
data/indian_saree/train/Pichwai/PichwaiSaree_174d6518-4521-401b-b8a5-1b562e5852c3_jpg.rf.4d26d5c5bfe82e7c51fad2041835e629.jpg,indian_patterns,train,Pichwai,,aug_a93c2ee9e1c9,,b09eb3e244dc43a829839063bd42d2df,train
data/indian_saree/train/Pichwai/PichwaiSaree_174d6518-4521-401b-b8a5-1b562e5852c3_jpg.rf.7b1d43ad056e840e3f15350aa85ecaff.jpg,indian_patterns,train,Pichwai,,aug_a93c2ee9e1c9,,9b4e1d8d36f74f656abc0aca3d7b29fb,train
data/indian_saree/train/Pichwai/sddefault2_jpg.rf.5a790ee29cf28bf4dc506a22c55c6278.jpg,indian_patterns,train,Pichwai,,aug_799ff177e0c5,,380cb3a183ef813971a13865ae308484,train
data/indian_saree/train/Pichwai/sddefault2_jpg.rf.6eee2af369951811fc961d0933378df5.jpg,indian_patterns,train,Pichwai,,aug_799ff177e0c5,,0455ed3139b4375d7e70efd526e2ba01,train
data/indian_saree/train/Pichwai/sddefault2_jpg.rf.8db798c47b154a8b9f6237db6499812f.jpg,indian_patterns,train,Pichwai,,aug_799ff177e0c5,,cf5c3bfa3447ca70c0bd14efd7f8ed87,train
data/indian_saree/train/Pichwai/The-folkart-rajasthan-pichwai-product-image-1-srinathji-sundari-silks_png.rf.1535bc46c96f60628a38fb9d659dac9d.jpg,indian_patterns,train,Pichwai,,aug_b876087a24d0,,55c57d8eb33ef68a28bc1899f96d803d,train
data/indian_saree/train/Pichwai/The-folkart-rajasthan-pichwai-product-image-1-srinathji-sundari-silks_png.rf.5176a9418d30165ffa441b6afbe575de.jpg,indian_patterns,train,Pichwai,,aug_b876087a24d0,,2403aa4440166e2dcfe13b0fa8a043b4,train
data/indian_saree/train/Pichwai/The-folkart-rajasthan-pichwai-product-image-1-srinathji-sundari-silks_png.rf.fb88ae41c59ed1c2299c20f9fd3e4640.jpg,indian_patterns,train,Pichwai,,aug_b876087a24d0,,4b2d9c2902895cf8b5d13408aa57a3a0,train
data/indian_saree/train/Pichwai/whatsapp-image-2023-09-19-at-10-28-51-pm-6-500x500_jpeg.rf.25783fa59864a8ce77cbb28c3a6f12f4.jpg,indian_patterns,train,Pichwai,,aug_750afe35e3ed,,56d9624dfb07dedebaf4150d213b4b36,train
data/indian_saree/train/Pichwai/whatsapp-image-2023-09-19-at-10-28-51-pm-6-500x500_jpeg.rf.41f92a66c2a4345c9c9940a0bfd36b3e.jpg,indian_patterns,train,Pichwai,,aug_750afe35e3ed,,0868ef3cb93c6142b5210db74f55f372,train
data/indian_saree/train/Pichwai/whatsapp-image-2023-09-19-at-10-28-51-pm-6-500x500_jpeg.rf.552fd5421b21288407f36bf79fdf17b8.jpg,indian_patterns,train,Pichwai,,aug_750afe35e3ed,,a6fc3d0b57078c25be8faf5f812df180,train
data/indian_saree/train/Pichwai/WhatsAppImage2022-07-11at6-03-03PM_jpg.rf.5919541de588b7193f94efd03be39f87.jpg,indian_patterns,train,Pichwai,,aug_7fde609444e1,,dc723ba5b56c8c781f7362a6c637caae,train
data/indian_saree/train/Pichwai/WhatsAppImage2022-07-11at6-03-03PM_jpg.rf.5e6347246e0aa2f267956db2fd732348.jpg,indian_patterns,train,Pichwai,,aug_7fde609444e1,,086e1b55d413d1006e9a288471dbe899,train
data/indian_saree/train/Pichwai/WhatsAppImage2022-07-11at6-03-03PM_jpg.rf.bda70f39ebf0829458a30f68904a2731.jpg,indian_patterns,train,Pichwai,,aug_7fde609444e1,,ffab3e7c33fa8032bf0842409f0d1bd0,train
data/indian_saree/train/Pichwai/WhatsAppImage2022-07-29at11-41-25AM_2_jpg.rf.0ba70bd45bbb310892de1fbfe5daee18.jpg,indian_patterns,train,Pichwai,,aug_df1abae123d7,,7e41c91bc57c84beec80abe454b44a49,train
data/indian_saree/train/Pichwai/WhatsAppImage2022-07-29at11-41-25AM_2_jpg.rf.0e1513d2900a589311285cf5a7ded73f.jpg,indian_patterns,train,Pichwai,,aug_df1abae123d7,,70141d39c3e052adb33e24fc0edadb8f,train
data/indian_saree/train/Pichwai/WhatsAppImage2022-07-29at11-41-25AM_2_jpg.rf.9fca7409ff4ba96a27c8f0fa5f5eaab0.jpg,indian_patterns,train,Pichwai,,aug_df1abae123d7,,4acf8bd5562a8f55665282e7775540d8,train
data/indian_saree/valid/Banarasi/1jh1AIS070IZ9hQSX_hOCBRbMrxh5Rmb4_jpg.rf.56f993396da8ef47cd02c5a810e799a0.jpg,indian_patterns,valid,Banarasi,,aug_cb4ba689d895,,2599ef5efdeddef09ff8a9fafd2199de,train
data/indian_saree/valid/Banarasi/banarasi-silk-fabric-1_jpg.rf.cf7432d3b3e2eb38ff3bbd21b12aab9a.jpg,indian_patterns,valid,Banarasi,,aug_ecce313c303c,,9ac46ea9646e5172d2c2b6371cab3714,train
data/indian_saree/valid/Banarasi/CTH-111_1_-NEW-Chinaya-Banaarsi-Silk-fabric_jpg.rf.fed9bf0735a20092ededc1fb15c5e406.jpg,indian_patterns,valid,Banarasi,,aug_075061ff3a6e,,6776ca4a9289934b0e123fffc66e4e50,train
data/indian_saree/valid/Banarasi/IF1B1HM123050602_Pink_Banarasi_Silk_Fabric_jpg.rf.cfb3c7cd97909675586b9321f0e135d3.jpg,indian_patterns,valid,Banarasi,pink,aug_4c3888a2af9c,,7606eb6b0815617e86b479f6cb8b026c,train
data/indian_saree/valid/Banarasi/image16_jpeg.rf.889cd72042747bcc50ba15e9f2070cec.jpg,indian_patterns,valid,Banarasi,,aug_e6daec8f3a1a,,3be8e5647c4d4daa002c8a17d47d6adb,train
data/indian_saree/valid/Banarasi/images111_jpg.rf.bfa03bfb2c97b61f105b61992813f494.jpg,indian_patterns,valid,Banarasi,,aug_0d6b53f48990,,d996dd49b83975ea31ca781816647967,train
data/indian_saree/valid/Banarasi/images119_jpg.rf.67c7f20618faecd322a604151a61cb29.jpg,indian_patterns,valid,Banarasi,,aug_2e8032579aa9,,dfc4fff9e85b1adf7209f85fb447afa8,train
data/indian_saree/valid/Banarasi/images138_jpg.rf.0532a3771bb1b61fa0b473388efbe1cc.jpg,indian_patterns,valid,Banarasi,,aug_90e3c16d2267,,fdd035c173ad8aae377bbab7271d1070,train
data/indian_saree/valid/Banarasi/images141_jpg.rf.61bed5f166a9d3476dc20ac4f4f30d09.jpg,indian_patterns,valid,Banarasi,,aug_436b932aa176,,e4748b9c037bd32eaf7ef480bd1b05aa,train
data/indian_saree/valid/Banarasi/images142_jpg.rf.bbbec6ce70a0941c05f7b553dfc851f3.jpg,indian_patterns,valid,Banarasi,,aug_a10b605d4636,,6e8d28e556a6ed812d447d0af514a904,train
data/indian_saree/valid/Banarasi/images149_jpg.rf.5905e4ca06f078d7bd69ba8d05d4d52c.jpg,indian_patterns,valid,Banarasi,,aug_ecccdb835f20,,b6d39d4522f271bf08cc116e522ae4dd,train
data/indian_saree/valid/Banarasi/images14_jpg.rf.cd962a7324af2f2c7e0d5277e21769fa.jpg,indian_patterns,valid,Banarasi,,aug_a946bb32e8da,,b883680315f6837f6181067ad98f660c,train
data/indian_saree/valid/Banarasi/images162_jpg.rf.9d2e28a2072083e15810a99dabe7246c.jpg,indian_patterns,valid,Banarasi,,aug_6d8cbe617acc,,fbba8fcb4dcd3bab568c576bd13570d9,train
data/indian_saree/valid/Banarasi/images164_jpg.rf.c0eeb4152628c1ff26471b3ec654e1bf.jpg,indian_patterns,valid,Banarasi,,aug_46c277e8cb55,,109bc0bd53cb6fbf03b8ac55df661b03,train
data/indian_saree/valid/Banarasi/images168_jpg.rf.d64adabba8f41b5f3ab9878d33be6474.jpg,indian_patterns,valid,Banarasi,,aug_ead762ab9458,,292743f31c77cd1b5e708944be39fc80,train
data/indian_saree/valid/Banarasi/images172_jpg.rf.df69457214f062fabc3abc88494e8725.jpg,indian_patterns,valid,Banarasi,,aug_b1b66c667a47,,4217a7beed01414da482e981b456ff85,train
data/indian_saree/valid/Banarasi/images177_jpg.rf.4a5995be229a36b52d0c75382decde76.jpg,indian_patterns,valid,Banarasi,,aug_107109c5c209,,dfaee81469da8981ac8fbb628ff3acaa,train
data/indian_saree/valid/Banarasi/images29_jpg.rf.5eddd70104f847e7469df48943649f6e.jpg,indian_patterns,valid,Banarasi,,aug_708ea3697258,,20f4496b5e2ef9bbf4b17d0cb0b4a155,train
data/indian_saree/valid/Banarasi/images35_jpg.rf.f3b86625148d299717ad75482f9dfb1c.jpg,indian_patterns,valid,Banarasi,,aug_aaa2d943c5bf,,6084146754f498f1f80a740ca3c4333b,train
data/indian_saree/valid/Banarasi/images79_jpg.rf.c7f929ae0bb918bb862314258c21b0c9.jpg,indian_patterns,valid,Banarasi,,aug_ff3c5401b827,,df24ffd3e8cd47cab2f069794ff6b623,train
data/indian_saree/valid/Banarasi/images98_jpg.rf.6b4261ae357402814724db22351a5d6c.jpg,indian_patterns,valid,Banarasi,,aug_9f39d6a14fa6,,7563d7aebf5bef72ba13cb1fd38d6d90,train
data/indian_saree/valid/Banarasi/sf40472-saroj-fabrics-banarasi-silk-fabric_jpg.rf.7af36d20bc38f3bfaf9407738e8952ae.jpg,indian_patterns,valid,Banarasi,,aug_04a7e1b3e7f3,,45060ba3918763f0c524321e39f71a86,train
data/indian_saree/valid/Banarasi/sf40591-saroj-fabrics-purple-banarasi-fabric_jpg.rf.6b957a97b0a54040be58466620a96d47.jpg,indian_patterns,valid,Banarasi,purple,aug_29f11136c0b8,,6b481ff220e51caa44aa2087d9a504af,train
data/indian_saree/valid/Banarasi/sfj48226_jpg.rf.d88f630e918c908c1736287209d03754.jpg,indian_patterns,valid,Banarasi,,aug_33a903719889,,847e5cedc074f8f26056e9bee3a7d5f4,train
data/indian_saree/valid/Banarasi/T285-PureSoftSatinShikargahFabricRed-3709_1200x_jpg.rf.0f1380d4b049b92aafc6c0aeb585f094.jpg,indian_patterns,valid,Banarasi,red,aug_9f7090788177,,c1c9b9478ce9d77c7e74cbc8eb628374,train
data/indian_saree/valid/Banarasi/T362-PureKatanSilkBanarasiHandloomFabricThaanYardageYellow-766_1200x_jpg.rf.8d98ce8fa0cb03ddcb6621ba69add980.jpg,indian_patterns,valid,Banarasi,yellow,aug_34f4fbe9965a,,02375ef58ccfa9b57a4db6a7998b0c9e,train
data/indian_saree/valid/Banarasi/X2A4519_321be3c6-86a5-40a0-b208-6183f2290c91_jpg.rf.a5fe3966dcd7917a759342797b9ca3a8.jpg,indian_patterns,valid,Banarasi,,aug_9e0f9cdea3d2,,8adc5afc5f0850b954b6000d9874b53d,train
data/indian_saree/valid/Bandhani/31001385-A_jpg.rf.1f4ce34273ee0d9dddf8afbb7f0f3ae1.jpg,indian_patterns,valid,Bandhani,,aug_c3a8cc30a186,,9b62a1c251a001889c98b70e9b20a3c9,train
data/indian_saree/valid/Bandhani/31006948-A_641a9e6a-9bdd-4394-8bd7-5a1b221f87e4_jpg.rf.7eeb7f2bc46c83c1c093cbb061b755cf.jpg,indian_patterns,valid,Bandhani,,aug_9c92de985b32,,109639191e9870075926ea1ad03116ea,train
data/indian_saree/valid/Bandhani/3369331327_jpg.rf.2cfc4e986a41ef45113d9c059674ce75.jpg,indian_patterns,valid,Bandhani,,aug_25a8782a4e12,,d04b40c557b2fa2ca10844b759108cac,train
data/indian_saree/valid/Bandhani/BH-1_a__result_jpg.rf.6b5778db028637783a47c272aaffd742.jpg,indian_patterns,valid,Bandhani,,aug_6a57eeaccc6b,,c162db35c26723898c041e1381bd2b36,train
data/indian_saree/valid/Bandhani/image21_jpeg.rf.603a0a8b191b9df7105e4cb01083f32b.jpg,indian_patterns,valid,Bandhani,,aug_7671df5e6073,,4d63ce64fc156dc35b0e469e011a16b7,train
data/indian_saree/valid/Bandhani/image22_jpeg.rf.c8d7a449a34c80700eb00717ebff73c0.jpg,indian_patterns,valid,Bandhani,,aug_af4fc77c04a0,,8fddbc469f9eb42b21f82f7c835fda16,train
data/indian_saree/valid/Bandhani/image_jpeg.rf.17ea2df4e7afac80ab46163ec7a9f8f2.jpg,indian_patterns,valid,Bandhani,,aug_727ad700a0e3,,d46893049bbe1ea8eacc816c949da2dd,train
data/indian_saree/valid/Bandhani/maroon-bandhani-pure-gajji-silk-fabric-1-mtr-963034_jpg.rf.d66864d1e8adb15b60deccf1bf369a18.jpg,indian_patterns,valid,Bandhani,maroon,aug_8f6a19567a1f,,061afc319e34e1942d93e3bb9aa8ac89,train
data/indian_saree/valid/Bandhani/pr-pg-0-ta08268p-110-attractive-seamless-bandhani-digital-printed-fabric-pure-georgette-1_jpg.rf.9aacdf02af64c1c85c3fd5aa374af13d.jpg,indian_patterns,valid,Bandhani,,aug_b9af8add020d,,0dc89e6ca41e3b4a3b3d1dbd6c5b5089,train
data/indian_saree/valid/Bandhani/product-jpeg-500x500_jpg.rf.e372d62bb2ed7e7d711349030b2eb918.jpg,indian_patterns,valid,Bandhani,,aug_d707a8533724,,0fddc134a13afdad73ebd3d6ddaa694e,train
data/indian_saree/valid/Bandhani/raw-silk-bandhani-print-fabric-red-m-foks-1_webp.rf.11e65c45126600241fd51bea388c3f9c.jpg,indian_patterns,valid,Bandhani,red,aug_994557eab8cd,,935940b2cbe75835845686997559276a,train
data/indian_saree/valid/Bandhani/RFTCOM120_jpg.rf.3ddb5a4b99a0c4baa5d2df3e9213221a.jpg,indian_patterns,valid,Bandhani,,aug_3d8f803b1439,,39756e639b50cb42063e5c3c7fa6aada,train
data/indian_saree/valid/Bandhani/seamless-decorative-geometric-patoda-bandhani-600nw-1874534062_jpg.rf.b685d132e9a806069c48086a2bcc223d.jpg,indian_patterns,valid,Bandhani,,aug_cc82b5feabd4,,a68c0b8f55c223739c1f63c03da63a26,train
data/indian_saree/valid/Ikat/-473Wx593H-469483202-multi-MODEL_jpg.rf.f8191965d828eab6184d763981fbeed8.jpg,indian_patterns,valid,Ikat,,aug_a3f00baf4901,,f815144fce1bcce8dfb39d20ad40c013,train
data/indian_saree/valid/Ikat/52f8e176-412e-480c-a05a-6836a969400b_jpg.rf.ffd935c5c37cb985ab6db48694488a10.jpg,indian_patterns,valid,Ikat,,aug_4f5ed2832d5e,,4693d07bce89995e61948993fa7492da,train
data/indian_saree/valid/Ikat/81849CP8LNL-_AC_UF10001000_QL80__jpg.rf.0b82cb725dca143a422f42b8fb723e9d.jpg,indian_patterns,valid,Ikat,,aug_b5266847afa7,,d456fd9a932a003abc4832831da27644,train
data/indian_saree/valid/Ikat/dbf866c3-638b-495e-ab8e-284c2ef73587_jpg.rf.f6ab788fd3d1110add17205d89f3fc9d.jpg,indian_patterns,valid,Ikat,,aug_dd6a2f1db08d,,75a68c672f9a6a5c64795cd6205fb4fe,train
data/indian_saree/valid/Ikat/F-IKCT0803-A_jpg.rf.7ceeece8c27887bff5486334885d2b95.jpg,indian_patterns,valid,Ikat,,aug_402fffd7a415,,0afc1e86ed2cb8ce46396cf39c081cd9,train
data/indian_saree/valid/Ikat/gcgbhcofba0211__5_jpg.rf.2436aa61e63ee632cd80fe5639b0662c.jpg,indian_patterns,valid,Ikat,,aug_f99e45e6220b,,ef2e20e7c3791c0a324840cfc0d04ad7,train
data/indian_saree/valid/Ikat/gsosaincofb250-_285_29_jpg.rf.949b1ffeec6eca390cde64f03e7eba64.jpg,indian_patterns,valid,Ikat,,aug_6c66b82451d4,,c2979310c891c551f4d53941ddea9e2f,train
data/indian_saree/valid/Ikat/gsosaincofb254-_285_29_jpg.rf.005f625a2572b300b68e39e83e2622a8.jpg,indian_patterns,valid,Ikat,,aug_47157224a54f,,54d348ad34491e4683d90594ebf55b71,train
data/indian_saree/valid/Ikat/image18_jpeg.rf.a97c860bd0bc51ef8a4b70849c6ae785.jpg,indian_patterns,valid,Ikat,,aug_fb7e56106026,,a0b91e0223aa8cd6babfefff250cd55d,train
data/indian_saree/valid/Ikat/image7_jpeg.rf.93a740762162b566353f279a64c1370a.jpg,indian_patterns,valid,Ikat,,aug_ca854b657159,,2098bcc81a289f3629c77b53e1dd46d9,train
data/indian_saree/valid/Ikat/images16_jpg.rf.b1559f6bd09134db8387e05bcf7194fc.jpg,indian_patterns,valid,Ikat,,aug_856e168759de,,5b6d0a01f8b0acf1594b4094333c402f,train
data/indian_saree/valid/Ikat/images26_jpg.rf.44b13ea354cfc1d51eb3070e585acafd.jpg,indian_patterns,valid,Ikat,,aug_8112397d44b4,,39836eabbe8164855a8091402cfde943,train
data/indian_saree/valid/Ikat/images27_jpg.rf.494e8841fc06959d66550d0f81ec1d29.jpg,indian_patterns,valid,Ikat,,aug_16d7d618db7d,,553440f02f8b02176913400b4927b41b,train
data/indian_saree/valid/Ikat/images33_jpg.rf.4f0a0a90ee7f0ee1d1d3d8f81a1b6ac4.jpg,indian_patterns,valid,Ikat,,aug_e1102da3b768,,ed03b41d526d9705a14cb5716eef20a0,train
data/indian_saree/valid/Ikat/images9_jpg.rf.625a2a99393ccba2cafab1b60a1e1bb6.jpg,indian_patterns,valid,Ikat,,aug_f2656052e257,,4a2d5d3ebf7649c82c4483cc7a902b2f,train
data/indian_saree/valid/Ikat/pochampally-ikat-cotton-green-color-fabric-pochampallysarees-com_jpg.rf.51c77e1843f6b2df322f0d51f851d9a0.jpg,indian_patterns,valid,Ikat,green,aug_dbbfe8b29c06,,152986a404d2b3fbeca0452eab27d506,train
data/indian_saree/valid/Ikat/pochampally-ikat-dress-fabric-742_jpg.rf.ae40965664cdcc44e21bc942f7734540.jpg,indian_patterns,valid,Ikat,,aug_7c8b3a17bce9,,da372783e219ad973c50317d8bf081fc,train
data/indian_saree/valid/Ikat/pochampally-ikkat-raw-silk_jpeg.rf.d5543cc323cb98f103ac64b655c26c8b.jpg,indian_patterns,valid,Ikat,,aug_26aac3fb4fb3,,0c5a7c458ff80ff7e0f591f3d22a5163,train
data/indian_saree/valid/Ikat/s1240101h1_grande_jpg.rf.cb30f0724ff0b1426489126821b5dad8.jpg,indian_patterns,valid,Ikat,,aug_7106b1f90e68,,d1dfadbab5d5b8aaecd6838f0a2825dd,train
data/indian_saree/valid/Ikat/X2A6361_c4565d6d-af05-4cc5-ae67-de975c9e6a74_jpg.rf.9f8cf98ae5cd7b99e4368fa3f708cae2.jpg,indian_patterns,valid,Ikat,,aug_2246f5f7c8ac,,4b4abebcf15f66440b9040ed964e505d,train
data/indian_saree/valid/Pichwai/-wall-decor-blue-6-inch-product-images-orvhtikoavh-p604001006-2-202308211414_jpg.rf.d1e70fa5bad42818fcea663eb75a7c31.jpg,indian_patterns,valid,Pichwai,blue,aug_13c13e139c3e,,99f3a2e5bed39b6f5e7ab29d9af526dd,train
data/indian_saree/valid/Pichwai/22003347-Scale_jpg.rf.8491286f3e17233df9c53454da1a8c8f.jpg,indian_patterns,valid,Pichwai,,aug_deac47344c25,,199d609781efd95807d8f8b16c09c94a,train
data/indian_saree/valid/Pichwai/71do3N9iLXL-_AC_UF10001000_QL80__jpg.rf.7e65a4211430a8c4a2770c83ddc24508.jpg,indian_patterns,valid,Pichwai,,aug_a85a0f7baecd,,43fefc5c9d43249ab39003581ecb7a37,train
data/indian_saree/valid/Pichwai/94235-3-401_jpg.rf.ed0cb5a1022b45db49f5338cde3a58f2.jpg,indian_patterns,valid,Pichwai,,aug_42d07aa893b7,,32ac930c793462bda90e9905640180b2,train
data/indian_saree/valid/Pichwai/decorative-fabric_jpg.rf.faebd093bb0a7e40fd7ac84c1b254dde.jpg,indian_patterns,valid,Pichwai,,aug_96125652e1f0,,d3a95350cce4b8bd927913177344cdc3,train
data/indian_saree/valid/Pichwai/eig7q_512_webp.rf.2dfc1e8d10bf00012dc57816b8540945.jpg,indian_patterns,valid,Pichwai,,aug_fa0c8147e8b4,,495cb3b7cec1a8caa78a22dd069ba754,train
data/indian_saree/valid/Pichwai/IF1K1RD424012504_Pastel_Digital_Printed_Pichwai_Tussar_Silk_Fabric_jpg.rf.b8766566fc965fb19f25760e30834f5c.jpg,indian_patterns,valid,Pichwai,,aug_8e001b03f79d,,45de71de3e8239e15941add04a724409,train
data/indian_saree/valid/Pichwai/il_570xN-3329180972_3yxa_jpg.rf.02da324806f86e347bf4ec25f85db6a1.jpg,indian_patterns,valid,Pichwai,,aug_f45b8cd5a97b,,3d7878d7074946e348c9ceec5aebe8f1,train
data/indian_saree/valid/Pichwai/image31_jpeg.rf.1b76e255379b72458edeb7942a8c6301.jpg,indian_patterns,valid,Pichwai,,aug_a692dfca58cb,,371119e8ae0f32e89df4f8587edf97c8,train
data/indian_saree/valid/Pichwai/images13_jpg.rf.b1b9fd7cc1bfc8df2ae4285a5b9f41fb.jpg,indian_patterns,valid,Pichwai,,aug_b128872d83cb,,7502497fbcde9614c82d461965ff6706,train
data/indian_saree/valid/Pichwai/images19_jpg.rf.b5d924a6542a311b4775cbdef643c80d.jpg,indian_patterns,valid,Pichwai,,aug_94195503d039,,509373072d43d5507463d39d424b22da,train
data/indian_saree/valid/Pichwai/images23_jpg.rf.bbfb789f70b3c46f7f7cb21c275d5ce8.jpg,indian_patterns,valid,Pichwai,,aug_67a83262c708,,9dffb5b1a58a95cb70e90bf822c837ee,train
data/indian_saree/valid/Pichwai/images25_jpg.rf.7f65cbc67e8b45acfa15458971aec654.jpg,indian_patterns,valid,Pichwai,,aug_0f7d67b80044,,454b2c2e299bb211ad15cf48fa33acd5,train
data/indian_saree/valid/Pichwai/ll-decor-yellow-10-inch-product-images-orvqmxnfwmn-p604000997-0-202308211413_jpg.rf.72f700ff0d677e5daa3d6c07ca3b93da.jpg,indian_patterns,valid,Pichwai,yellow,aug_3e5c7c765d14,,b5858907b2f9463368cec4434ee299d9,train
data/indian_saree/valid/Pichwai/pastel-hand-painted-pure-moonga-silk-pichwai-blouse-fabric-1-mtr-714991_jpg.rf.9aeb34ba00abb84dfcb1e7b4369eff0f.jpg,indian_patterns,valid,Pichwai,,aug_dd83cafbf695,,512692fe92cbb32d2ca6041e9d14d927,train
data/indian_saree/valid/Pichwai/PICHWAI-100005-01_jpg.rf.13b96408dd8dc8b3f11adb6aa086dd52.jpg,indian_patterns,valid,Pichwai,,aug_0e7ceed48580,,88032bba08fae762f0ead89fba8aa434,train
data/indian_saree/valid/Pichwai/PICHWAI-100014-03_jpg.rf.efd886ae868cd7ec93361a52c7c4fb24.jpg,indian_patterns,valid,Pichwai,,aug_c2ed3b481bd0,,c1b2e3f8ce646b23235376e72ab053e4,train
data/indian_saree/valid/Pichwai/SSC28_jpg.rf.0255f5bf0749cfe5fcbe0514c837001a.jpg,indian_patterns,valid,Pichwai,,aug_7eb0c876f93c,,cfb054d197feabe585d3bfc50a0ce0a4,train
data/indian_saree/valid/Pichwai/whatsapp-image-2022-03-09-at-12-01-25-pm-1-500x500_jpeg.rf.f36a42ee8b27e60dda0c0d1bd554b94e.jpg,indian_patterns,valid,Pichwai,,aug_a4c42dc94963,,e1469659b36e534f142989fc20fb2037,train
data/indian_saree/valid/Pichwai/WhatsAppImage2023-03-24at4-43-49PM_jpg.rf.49ca0a4cb83f5441b72a54498afec6db.jpg,indian_patterns,valid,Pichwai,,aug_7d7e0cc6dd94,,2cdc254f94924678ccc6a27df09d6c53,train
